sheet,source_row,genes_as_deposited,gene,uniprot,log2_senescent_over_control,author_qvalue,author_SD,compartment,cell_type,log2_ratio_cell,functional_activity_measured
IR SASP,4,SRP72,SRP72,O76094,12.06778908,0.001717358,0.798163295,soluble,IMR90_fibroblast,E4,False
IR SASP,5,FBL,FBL,P22087,10.39632702,0.010183068,2.390603304,soluble,IMR90_fibroblast,E5,False
IR SASP,6,CLASP1,CLASP1,Q7Z460,10.36414337,0.004923609,1.430606604,soluble,IMR90_fibroblast,E6,False
IR SASP,7,KPNA1,KPNA1,P52294,9.926074028,0.016413557,3.540771246,soluble,IMR90_fibroblast,E7,False
IR SASP,8,TRAPPC6B,TRAPPC6B,Q86SZ2,9.78379631,0.001247025,0.535177469,soluble,IMR90_fibroblast,E8,False
IR SASP,9,NAMPT,NAMPT,P43490,9.600692749,0.003233335,0.992765546,soluble,IMR90_fibroblast,E9,False
IR SASP,10,CAMK2B;CAMK2G;CAMK2D,,Q13554;Q13555;Q13557,8.975767136,0.004354847,1.13549602,soluble,IMR90_fibroblast,E10,False
IR SASP,11,ESYT2,ESYT2,A0FGR8,8.760616302,0.003179163,0.884135008,soluble,IMR90_fibroblast,E11,False
IR SASP,12,PLAU,PLAU,P00749,8.73696804,0.00442441,1.117354751,soluble,IMR90_fibroblast,E12,False
IR SASP,13,CXCL1;CXCL2;CXCL3,,P09341;P19875;P19876,8.647831917,0.004171835,1.055980444,soluble,IMR90_fibroblast,E13,False
IR SASP,14,CXCL8,CXCL8,P10145,8.578271866,0.000353008,2.21631813,soluble,IMR90_fibroblast,E14,False
IR SASP,15,PSMB1,PSMB1,P20618,8.244235992,0.009632761,5.640349865,soluble,IMR90_fibroblast,E15,False
IR SASP,16,TUFM,TUFM,P49411,8.182798386,0.01276688,2.296676397,soluble,IMR90_fibroblast,E16,False
IR SASP,17,RSF1,RSF1,Q96T23,8.109201431,0.005701139,1.233187199,soluble,IMR90_fibroblast,E17,False
IR SASP,18,CLPX,CLPX,O76031,7.9021539690000004,0.008432127,1.583152771,soluble,IMR90_fibroblast,E18,False
IR SASP,19,DPP4,DPP4,P27487,7.828623772,0.011859877,2.040676594,soluble,IMR90_fibroblast,E19,False
IR SASP,20,MMP14,MMP14,P50281,7.754869461,0.018915992,3.158621073,soluble,IMR90_fibroblast,E20,False
IR SASP,21,AGAP3,AGAP3,Q96P47,7.561028481,0.004811541,1.02594924,soluble,IMR90_fibroblast,E21,False
IR SASP,22,NPM1,NPM1,P06748,7.514348984,0.000402176,2.004502773,soluble,IMR90_fibroblast,E22,False
IR SASP,23,STC1,STC1,P52823,7.502093792,3.65e-06,1.750921249,soluble,IMR90_fibroblast,E23,False
IR SASP,24,HP,HP,P00738,7.466359615,0.025828205,4.056785583,soluble,IMR90_fibroblast,E24,False
IR SASP,25,LNPEP,LNPEP,Q9UIQ6,7.457231998,0.00414836,0.901842713,soluble,IMR90_fibroblast,E25,False
IR SASP,26,GFM1,GFM1,Q96RP9,7.172037601,0.001657222,0.462118208,soluble,IMR90_fibroblast,E26,False
IR SASP,27,EEF1A1;EEF1A1P5,,P68104;Q5VTE0,7.052278519,5.01e-08,1.65172267,soluble,IMR90_fibroblast,E27,False
IR SASP,28,CPOX,CPOX,P36551,7.039140224,0.000725089,0.279114246,soluble,IMR90_fibroblast,E28,False
IR SASP,29,AURKAIP1,AURKAIP1,Q9NWT8,6.990468502,0.009632761,1.546265244,soluble,IMR90_fibroblast,E29,False
IR SASP,30,MMP1,MMP1,P03956,6.8654356,1.07e-05,1.882123113,soluble,IMR90_fibroblast,E30,False
IR SASP,31,CSTF2T,CSTF2T,Q9H0L4,6.85681057,0.028267539,4.023182869,soluble,IMR90_fibroblast,E31,False
IR SASP,32,SEC22B,SEC22B,O75396,6.840372562,0.009508222,1.489970803,soluble,IMR90_fibroblast,E32,False
IR SASP,33,PGGT1B,PGGT1B,P53609,6.795382977,0.002092409,0.528775394,soluble,IMR90_fibroblast,E33,False
IR SASP,34,GAPDH,GAPDH,P04406,6.78327322,1.94e-14,1.749321699,soluble,IMR90_fibroblast,E34,False
IR SASP,35,HIST1H2BK;HIST1H2BJ;HIST1H2BO;HIST1H2BB;H2BFS;HIST1H2BD;HIST1H2BC;HIST2H2BE;HIST2H2BF;HIST1H2BH;HIST1H2BN;HIST1H2BM;HIST1H2BL,,O60814;P06899;P23527;P33778;P57053;P58876;P62807;Q16778;Q5QNW6;Q93079;Q99877;Q99879;Q99880,6.669246674,0.001724049,2.590093374,soluble,IMR90_fibroblast,E35,False
IR SASP,36,HSPE1,HSPE1,P61604,6.645143986,0.001610891,2.523032904,soluble,IMR90_fibroblast,E36,False
IR SASP,37,TCAF1,TCAF1,Q9Y4C2,6.516542435,0.008297004,1.285973668,soluble,IMR90_fibroblast,E37,False
IR SASP,38,MIF,MIF,P14174,6.185148239,6.79e-13,2.830004215,soluble,IMR90_fibroblast,E38,False
IR SASP,39,CFHR2,CFHR2,P36980,6.042072296,0.016650021,2.198994637,soluble,IMR90_fibroblast,E39,False
IR SASP,40,DST,DST,Q03001,6.031446934,0.014085399,1.838743806,soluble,IMR90_fibroblast,E40,False
IR SASP,41,NR3C1,NR3C1,P04150,6.020642281,0.003233335,0.622779071,soluble,IMR90_fibroblast,E41,False
IR SASP,42,DPYSL2,DPYSL2,Q16555,6.004927635,0.00071042,1.848749042,soluble,IMR90_fibroblast,E42,False
IR SASP,43,MT2A;MT1E;MT1G;MT1X;MT1M,,P02795;P04732;P13640;P80297;Q8N339,5.940452099,0.005737423,3.385489702,soluble,IMR90_fibroblast,E43,False
IR SASP,44,MRTO4,MRTO4,Q9UKD2,5.875479221,0.038022626,4.322224617,soluble,IMR90_fibroblast,E44,False
IR SASP,45,TPD52L2,TPD52L2,O43399,5.856445313,0.009638357,1.298594832,soluble,IMR90_fibroblast,E45,False
IR SASP,46,UBR4,UBR4,Q5T4S7,5.822172642,0.032090227,3.790341377,soluble,IMR90_fibroblast,E46,False
IR SASP,47,IGFBP2,IGFBP2,P18065,5.820412636,2.39e-07,0.931800902,soluble,IMR90_fibroblast,E47,False
IR SASP,48,PKM,PKM,P14618,5.72612524,1.13e-21,2.127668858,soluble,IMR90_fibroblast,E48,False
IR SASP,49,LACTB,LACTB,P83111,5.705199718,0.002040156,2.351527929,soluble,IMR90_fibroblast,E49,False
IR SASP,50,TBC1D4,TBC1D4,O60343,5.678207397,0.045486452,4.836438179,soluble,IMR90_fibroblast,E50,False
IR SASP,51,EEF1B2,EEF1B2,P24534,5.630712509,0.016413557,1.991226554,soluble,IMR90_fibroblast,E51,False
IR SASP,52,PSME1,PSME1,Q06323,5.626161575,0.006630552,0.948802352,soluble,IMR90_fibroblast,E52,False
IR SASP,53,EPM2AIP1,EPM2AIP1,Q7L775,5.446402073,0.016413557,1.938832998,soluble,IMR90_fibroblast,E53,False
IR SASP,54,IGFBP5,IGFBP5,P24593,5.363909245,0.00336484,3.996878862,soluble,IMR90_fibroblast,E54,False
IR SASP,55,GPLD1,GPLD1,P80108,5.35991621,0.035572005,3.758231878,soluble,IMR90_fibroblast,E55,False
IR SASP,56,PFDN2,PFDN2,Q9UHV9,5.340523243,0.006972209,0.933076739,soluble,IMR90_fibroblast,E56,False
IR SASP,57,NRD1,NRD1,O43847,5.323493958,0.045345195,4.515640736,soluble,IMR90_fibroblast,E57,False
IR SASP,58,BTD,BTD,P43251,5.314664841,0.006970539,3.226317644,soluble,IMR90_fibroblast,E58,False
IR SASP,59,STIP1,STIP1,P31948,5.297348976,0.002352451,0.442689359,soluble,IMR90_fibroblast,E59,False
IR SASP,60,TUBB2A;TUBB2B,,Q13885;Q9BVA1,5.271814823,0.000798356,1.675999165,soluble,IMR90_fibroblast,E60,False
IR SASP,61,AK2,AK2,P54819,5.248452187,0.023055875,2.584965706,soluble,IMR90_fibroblast,E61,False
IR SASP,62,ABCF1,ABCF1,Q8NE71,5.21810627,0.026323923,2.879931927,soluble,IMR90_fibroblast,E62,False
IR SASP,63,MYO1B,MYO1B,O43795,5.191879272,0.012834619,1.463885665,soluble,IMR90_fibroblast,E63,False
IR SASP,64,GLRX,GLRX,P35754,5.191511154,0.014259074,1.61632812,soluble,IMR90_fibroblast,E64,False
IR SASP,65,CCT3,CCT3,P49368,5.186850548,0.041217415,4.051131248,soluble,IMR90_fibroblast,E65,False
IR SASP,66,HSPB1,HSPB1,P04792,5.172569275,4.64e-05,2.549928665,soluble,IMR90_fibroblast,E66,False
IR SASP,67,CAND2,CAND2,O75155,5.144541264,0.046613293,4.530089855,soluble,IMR90_fibroblast,E67,False
IR SASP,68,TLN1,TLN1,Q9Y490,5.132248402,0.001294922,1.847144723,soluble,IMR90_fibroblast,E68,False
IR SASP,69,XPO1,XPO1,O14980,5.130963326,0.009508222,1.1160568,soluble,IMR90_fibroblast,E69,False
IR SASP,70,C3,C3,P01024,5.103239536,7.15e-05,2.655359983,soluble,IMR90_fibroblast,E70,False
IR SASP,71,UPF2,UPF2,Q9HAU5,5.098835945,0.005143937,0.727399886,soluble,IMR90_fibroblast,E71,False
IR SASP,72,EEF1D,EEF1D,P29692,5.023405075,0.007492695,0.921469212,soluble,IMR90_fibroblast,E72,False
IR SASP,73,HSP90AB1,HSP90AB1,P08238,5.011213303,3.75e-06,1.841516256,soluble,IMR90_fibroblast,E73,False
IR SASP,74,MAP4K4;MINK1;TNIK,,O95819;Q8N4C8;Q9UKE5,4.974527836,0.005500565,0.738049924,soluble,IMR90_fibroblast,E74,False
IR SASP,75,HSP90AA1,HSP90AA1,P07900,4.940918922,0.004171835,0.604598463,soluble,IMR90_fibroblast,E75,False
IR SASP,76,PRPS2,PRPS2,P11908,4.939484596,0.009759812,1.104680061,soluble,IMR90_fibroblast,E76,False
IR SASP,77,MYL12B;MYL12A,,O14950;P19105,4.933352947,0.016413557,1.757935166,soluble,IMR90_fibroblast,E77,False
IR SASP,78,RAD50,RAD50,Q92878,4.921026707,0.00931857,1.050118208,soluble,IMR90_fibroblast,E78,False
IR SASP,79,XPNPEP3,XPNPEP3,Q9NQH7,4.919054508,0.004428265,0.631165147,soluble,IMR90_fibroblast,E79,False
IR SASP,80,PTGES3,PTGES3,Q15185,4.908099651,0.005201397,0.706018686,soluble,IMR90_fibroblast,E80,False
IR SASP,81,SERPINE1,SERPINE1,P05121,4.889881134,0.006593514,0.818178654,soluble,IMR90_fibroblast,E81,False
IR SASP,82,LAD1,LAD1,O00515,4.886806011,0.035010101,3.389166594,soluble,IMR90_fibroblast,E82,False
IR SASP,83,CORO1C,CORO1C,Q9ULV4,4.880802631,2.46e-05,1.518306494,soluble,IMR90_fibroblast,E83,False
IR SASP,84,UTRN,UTRN,P46939,4.815225124,0.038239439,3.564086437,soluble,IMR90_fibroblast,E84,False
IR SASP,85,NAA25,NAA25,Q14CX7,4.785704136,0.021771821,2.229151011,soluble,IMR90_fibroblast,E85,False
IR SASP,86,PC,PC,P11498,4.784636021,0.036130604,3.399074793,soluble,IMR90_fibroblast,E86,False
IR SASP,87,HK1;HKDC1,,P19367;Q2TB90,4.755429268,0.013041455,1.366698623,soluble,IMR90_fibroblast,E87,False
IR SASP,88,GTF3C5,GTF3C5,Q9Y5Q8,4.755234718,0.006892046,0.82189554,soluble,IMR90_fibroblast,E88,False
IR SASP,89,COQ6,COQ6,Q9Y2Z9,4.729435921,0.014516417,1.515415668,soluble,IMR90_fibroblast,E89,False
IR SASP,90,HNRNPK,HNRNPK,P61978,4.663486481,0.002920068,2.128307581,soluble,IMR90_fibroblast,E90,False
IR SASP,91,MATR3,MATR3,P43243,4.576905251,0.030152193,2.82180047,soluble,IMR90_fibroblast,E91,False
IR SASP,92,MOS,MOS,P00540,4.57374382,0.012614157,1.258579731,soluble,IMR90_fibroblast,E92,False
IR SASP,93,TSPAN9,TSPAN9,O75954,4.548354149,0.01032626,1.062633038,soluble,IMR90_fibroblast,E93,False
IR SASP,94,HIST1H2AB;H2AFZ;HIST1H2AG;H2AFX;HIST1H2AD;HIST2H2AC;HIST2H2AA3;H2AFV;HIST3H2A;HIST2H2AB;HIST1H2AC;HIST1H2AH;HIST1H2AA;HIST1H2AJ;H2AFJ,,P04908;P0C0S5;P0C0S8;P16104;P20671;Q16777;Q6FI13;Q71UI9;Q7L7L0;Q8IUE6;Q93077;Q96KK5;Q96QV6;Q99878;Q9BTM1,4.544599533,0.021008193,2.05428791,soluble,IMR90_fibroblast,E94,False
IR SASP,95,PLOD3,PLOD3,O60568,4.513975143,0.006085122,0.715998471,soluble,IMR90_fibroblast,E95,False
IR SASP,96,LOXL2,LOXL2,Q9Y4K0,4.505203247,9.58e-06,1.211329222,soluble,IMR90_fibroblast,E96,False
IR SASP,97,TPP1,TPP1,O14773,4.460865974,0.009508222,0.971705556,soluble,IMR90_fibroblast,E97,False
IR SASP,98,MLLT1,MLLT1,Q03111,4.371764183,0.021335947,2.000829458,soluble,IMR90_fibroblast,E98,False
IR SASP,99,GANAB,GANAB,Q14697,4.362710476,0.000186154,0.970082998,soluble,IMR90_fibroblast,E99,False
IR SASP,100,HBA1,HBA1,P69905,4.339401722,0.000881035,1.41753602,soluble,IMR90_fibroblast,E100,False
IR SASP,101,RABEP2,RABEP2,Q9H5N1,4.337227821,0.023294574,2.153843641,soluble,IMR90_fibroblast,E101,False
IR SASP,102,TUBB4B,TUBB4B,P68371,4.296649933,2.96e-17,1.824403882,soluble,IMR90_fibroblast,E102,False
IR SASP,103,DPYS;CRMP1;DPYSL3,,Q14117;Q14194;Q14195,4.274815083,0.014904712,1.404650331,soluble,IMR90_fibroblast,E103,False
IR SASP,104,PDLIM1,PDLIM1,O00151,4.272758484,0.000193172,1.831287503,soluble,IMR90_fibroblast,E104,False
IR SASP,105,TXNDC17,TXNDC17,Q9BRA2,4.271730423,0.020688332,1.912249327,soluble,IMR90_fibroblast,E105,False
IR SASP,106,AAMDC,AAMDC,Q9H7C9,4.260250092,0.012730039,1.186444998,soluble,IMR90_fibroblast,E106,False
IR SASP,107,TXNL1,TXNL1,O43396,4.213623047,0.020436485,1.842444181,soluble,IMR90_fibroblast,E107,False
IR SASP,108,SERPINH1,SERPINH1,P50454,4.203417301,8.74e-07,1.316257119,soluble,IMR90_fibroblast,E108,False
IR SASP,109,IMMT,IMMT,Q16891,4.188018322,0.021605504,1.935038328,soluble,IMR90_fibroblast,E109,False
IR SASP,110,CPQ,CPQ,Q9Y646,4.151397228,0.023450749,2.074410677,soluble,IMR90_fibroblast,E110,False
IR SASP,111,KIF1B;KIF1A,,O60333;Q12756,4.128787518,0.028901075,2.462710619,soluble,IMR90_fibroblast,E111,False
IR SASP,112,SUMO1,SUMO1,P63165,4.127757549,0.01954808,1.732855678,soluble,IMR90_fibroblast,E112,False
IR SASP,113,ACTB;ACTG1,,P60709;P63261,4.114908218,2.67e-44,2.931680202,soluble,IMR90_fibroblast,E113,False
IR SASP,114,PSMA1,PSMA1,P25786,4.089621067,0.004775629,0.551288724,soluble,IMR90_fibroblast,E114,False
IR SASP,115,PSMD8,PSMD8,P48556,4.08392477,0.017420867,1.550827026,soluble,IMR90_fibroblast,E115,False
IR SASP,116,NEGR1,NEGR1,Q7Z3B1,4.096246243,0.056427964,4.277335167,soluble,IMR90_fibroblast,E116,False
IR SASP,117,WDFY3,WDFY3,Q8IZQ1,4.096220493,0.054372102,4.146391392,soluble,IMR90_fibroblast,E117,False
IR SASP,118,CSE1L,CSE1L,P55060,4.067363262,0.000938773,1.349843979,soluble,IMR90_fibroblast,E118,False
IR SASP,119,PRCP,PRCP,P42785,4.060965538,0.032644652,2.680392742,soluble,IMR90_fibroblast,E119,False
IR SASP,120,NUP93,NUP93,Q8N1F7,4.049398422,0.017196662,1.516505241,soluble,IMR90_fibroblast,E120,False
IR SASP,121,EIF4A1,EIF4A1,P60842,4.0433816910000004,0.007437143,2.510128021,soluble,IMR90_fibroblast,E121,False
IR SASP,122,COPA,COPA,P53621,4.040614128,0.008787249,0.834237337,soluble,IMR90_fibroblast,E122,False
IR SASP,123,SDAD1,SDAD1,Q9NVU7,4.039045334,0.014818713,1.320264339,soluble,IMR90_fibroblast,E123,False
IR SASP,124,GPX1,GPX1,P07203,4.035392284,0.010292152,0.939230621,soluble,IMR90_fibroblast,E124,False
IR SASP,125,PGLS,PGLS,O95336,4.009909153,0.014808437,1.3047153950000001,soluble,IMR90_fibroblast,E125,False
IR SASP,126,RBM7,RBM7,Q9Y580,4.001499176,0.014516417,1.281906724,soluble,IMR90_fibroblast,E126,False
IR SASP,127,FHOD1,FHOD1,Q9Y613,3.997831583,0.015217752,1.333794951,soluble,IMR90_fibroblast,E127,False
IR SASP,128,ECD,ECD,O95905,3.984431505,0.014818713,1.301007271,soluble,IMR90_fibroblast,E128,False
IR SASP,129,PCCA,PCCA,P05165,3.984373569,0.020134198,1.70904386,soluble,IMR90_fibroblast,E129,False
IR SASP,130,SNX9,SNX9,Q9Y5X1,3.977632046,0.015519705,1.347926974,soluble,IMR90_fibroblast,E130,False
IR SASP,131,WDR1,WDR1,O75083,3.974145174,0.016413557,1.408834696,soluble,IMR90_fibroblast,E131,False
IR SASP,132,NEK1,NEK1,Q96PY6,3.95416975,0.016698829,1.450397968,soluble,IMR90_fibroblast,E132,False
IR SASP,133,VPS33B,VPS33B,Q9H267,3.951819897,0.020653645,1.762820721,soluble,IMR90_fibroblast,E133,False
IR SASP,134,PHC2,PHC2,Q8IXK0,3.949124813,0.026922078,2.223653078,soluble,IMR90_fibroblast,E134,False
IR SASP,135,ACOT9,ACOT9,Q9Y305,3.947932959,0.020436485,1.737447977,soluble,IMR90_fibroblast,E135,False
IR SASP,136,SH3BP4,SH3BP4,Q9P0V3,3.945650339,0.030976979,2.491969347,soluble,IMR90_fibroblast,E136,False
IR SASP,137,PXDN,PXDN,Q92626,3.930341959,0.004885536,2.123858452,soluble,IMR90_fibroblast,E137,False
IR SASP,138,EGF,EGF,P01133,3.928943634,0.019036098,1.612710476,soluble,IMR90_fibroblast,E138,False
IR SASP,139,43719,43719,Q9NVA2,3.902011395,0.020505583,1.729771137,soluble,IMR90_fibroblast,E139,False
IR SASP,140,CDC34,CDC34,P49427,3.888349295,0.017256845,1.463300347,soluble,IMR90_fibroblast,E140,False
IR SASP,141,TXLNG,TXLNG,Q9NUQ3,3.877642632,0.020426976,1.692014098,soluble,IMR90_fibroblast,E141,False
IR SASP,142,GNL2,GNL2,Q13823,3.87486887,0.017951017,1.517250776,soluble,IMR90_fibroblast,E142,False
IR SASP,143,RUVBL1,RUVBL1,Q9Y265,3.866253614,0.016469941,1.383760095,soluble,IMR90_fibroblast,E143,False
IR SASP,144,MTHFD2,MTHFD2,P13995,3.86250186,0.007078885,0.681730509,soluble,IMR90_fibroblast,E144,False
IR SASP,145,THOC5,THOC5,Q13769,3.859716892,0.019703466,1.629538894,soluble,IMR90_fibroblast,E145,False
IR SASP,146,DARS2,DARS2,Q6PI48,3.859382391,0.019036098,1.589929461,soluble,IMR90_fibroblast,E146,False
IR SASP,147,HSPD1,HSPD1,P10809,3.840034962,0.042146777,3.04988122,soluble,IMR90_fibroblast,E147,False
IR SASP,148,NUMB,NUMB,P49757,3.834599733,0.032644652,2.528234243,soluble,IMR90_fibroblast,E148,False
IR SASP,149,NACA,NACA,E9PAV3,3.833764553,0.010183068,0.885417283,soluble,IMR90_fibroblast,E149,False
IR SASP,150,ERCC6L,ERCC6L,Q2NKX8,3.829951048,0.016698829,1.405812144,soluble,IMR90_fibroblast,E150,False
IR SASP,151,TXLNA,TXLNA,P40222,3.819218636,0.020497506,1.689956307,soluble,IMR90_fibroblast,E151,False
IR SASP,152,LRBA,LRBA,P50851,3.79426837,0.01845831,1.518782139,soluble,IMR90_fibroblast,E152,False
IR SASP,153,IGFBP3,IGFBP3,P17936,3.790054083,0.000137857,0.787727356,soluble,IMR90_fibroblast,E153,False
IR SASP,154,AHNAK,AHNAK,Q09666,3.787400007,0.000881035,2.113289118,soluble,IMR90_fibroblast,E154,False
IR SASP,155,NaN,NaN,P01625,3.784677505,0.011966185,0.993032932,soluble,IMR90_fibroblast,E155,False
IR SASP,156,TOR1AIP1,TOR1AIP1,Q5JTV8,3.779240608,0.008228196,0.735601127,soluble,IMR90_fibroblast,E156,False
IR SASP,157,CFL1;CFL2,,P23528;Q9Y281,3.766387939,0.003190214,0.382764637,soluble,IMR90_fibroblast,E157,False
IR SASP,158,SUCLA2,SUCLA2,Q9P2R7,3.753150225,0.011157116,0.933145344,soluble,IMR90_fibroblast,E158,False
IR SASP,159,GMPPB,GMPPB,Q9Y5P6,3.751018047,0.026323923,2.067913055,soluble,IMR90_fibroblast,E159,False
IR SASP,160,RALBP1,RALBP1,Q15311,3.739039898,0.011103924,0.925087452,soluble,IMR90_fibroblast,E160,False
IR SASP,161,SLC33A1,SLC33A1,O00400,3.734023094,0.012158864,0.998578131,soluble,IMR90_fibroblast,E161,False
IR SASP,162,DNM2;DNM1,,P50570;Q05193,3.744515181,0.067380838,4.708637714,soluble,IMR90_fibroblast,E162,False
IR SASP,163,GSTT1,GSTT1,P30711,3.730793715,0.017841013,1.452292919,soluble,IMR90_fibroblast,E163,False
IR SASP,164,UQCRC2,UQCRC2,P22695,3.736974716,0.070357456,4.928786755,soluble,IMR90_fibroblast,E164,False
IR SASP,165,ACAP1,ACAP1,Q15027,3.730018139,0.013041455,1.071732402,soluble,IMR90_fibroblast,E165,False
IR SASP,166,TRRAP,TRRAP,Q9Y4A5,3.71390748,0.011103924,0.919275939,soluble,IMR90_fibroblast,E166,False
IR SASP,167,ACBD3,ACBD3,Q9H3P7,3.696319818,0.017544631,1.413460255,soluble,IMR90_fibroblast,E167,False
IR SASP,168,ALDH1B1,ALDH1B1,P30837,3.684279442,0.01653188,1.323264718,soluble,IMR90_fibroblast,E168,False
IR SASP,169,BMS1,BMS1,Q14692,3.681742907,0.011605911,0.943498671,soluble,IMR90_fibroblast,E169,False
IR SASP,170,CLEC11A,CLEC11A,Q9Y240,3.676021576,0.001941516,1.480196357,soluble,IMR90_fibroblast,E170,False
IR SASP,171,CPSF1,CPSF1,Q10570,3.672971964,0.010183068,0.848438442,soluble,IMR90_fibroblast,E171,False
IR SASP,172,PTPN13,PTPN13,Q12923,3.671518564,0.01622287,1.285706639,soluble,IMR90_fibroblast,E172,False
IR SASP,173,BAG3,BAG3,O95817,3.670493364,0.012614157,1.009402871,soluble,IMR90_fibroblast,E173,False
IR SASP,174,TUBA1A,TUBA1A,Q71U36,3.664876461,5.46e-13,2.527812481,soluble,IMR90_fibroblast,E174,False
IR SASP,175,RRM2B,RRM2B,Q7LG56,3.650247097,0.006398594,0.59850198,soluble,IMR90_fibroblast,E175,False
IR SASP,176,YEATS4,YEATS4,O95619,3.64138484,0.014516417,1.165442824,soluble,IMR90_fibroblast,E176,False
IR SASP,177,LCK;FYN;YES1;LYN;HCK;FGR;FGFR1;MAK;FGFR2;FGFR4;FGFR3;BLK;CDK20;ICK,,P06239;P06241;P07947;P07948;P08631;P09769;P11362;P20794;P21802;P22455;P22607;P51451;Q8IZL9;Q9UPZ9,3.638846636,0.010461719,0.861180425,soluble,IMR90_fibroblast,E177,False
IR SASP,178,CDS2,CDS2,O95674,3.634498119,0.012158864,0.972663343,soluble,IMR90_fibroblast,E178,False
IR SASP,179,RAB38;RAB32,,P57729;Q13637,3.633353949,0.013890668,1.090637088,soluble,IMR90_fibroblast,E179,False
IR SASP,180,DDX39A,DDX39A,O00148,3.631492615,0.010183068,0.837969184,soluble,IMR90_fibroblast,E180,False
IR SASP,181,PDCD6IP,PDCD6IP,Q8WUM4,3.633948326,0.060850168,7.088246822,soluble,IMR90_fibroblast,E181,False
IR SASP,182,RBMS2,RBMS2,Q15434,3.626967907,0.008667621,0.741945982,soluble,IMR90_fibroblast,E182,False
IR SASP,183,ABCC1,ABCC1,P33527,3.62390399,0.01655222,1.30439806,soluble,IMR90_fibroblast,E183,False
IR SASP,184,TBCA,TBCA,O75347,3.609802485,5.18e-05,1.806744933,soluble,IMR90_fibroblast,E184,False
IR SASP,185,PPID,PPID,Q08752,3.600681067,0.00666163,0.610183358,soluble,IMR90_fibroblast,E185,False
IR SASP,186,ENO1,ENO1,P06733,3.59954524,1.48e-20,2.501444101,soluble,IMR90_fibroblast,E186,False
IR SASP,187,NUFIP2,NUFIP2,Q7Z417,3.598759651,0.011201685,0.898389161,soluble,IMR90_fibroblast,E187,False
IR SASP,188,PLS3,PLS3,P13797,3.597687006,0.009632761,0.792798579,soluble,IMR90_fibroblast,E188,False
IR SASP,189,VILL,VILL,O15195,3.595697165,0.016698829,1.316149712,soluble,IMR90_fibroblast,E189,False
IR SASP,190,CHD4,CHD4,Q14839,3.586289406,0.013041455,1.030110717,soluble,IMR90_fibroblast,E190,False
IR SASP,191,AUH,AUH,Q13825,3.582137108,0.016856926,1.323416233,soluble,IMR90_fibroblast,E191,False
IR SASP,192,LAMA5,LAMA5,O15230,3.57644105,0.018915992,1.45672965,soluble,IMR90_fibroblast,E192,False
IR SASP,193,TMEM259,TMEM259,Q4ZIN3,3.568442822,0.021979841,1.679477096,soluble,IMR90_fibroblast,E193,False
IR SASP,194,GDI1,GDI1,P31150,3.563515902,0.000527822,1.015731454,soluble,IMR90_fibroblast,E194,False
IR SASP,195,AOC3,AOC3,Q16853,3.562436104,0.017489251,1.358002663,soluble,IMR90_fibroblast,E195,False
IR SASP,196,CLASP2,CLASP2,O75122,3.558875799,0.011357585,0.896666706,soluble,IMR90_fibroblast,E196,False
IR SASP,197,RAB10,RAB10,P61026,3.558742762,0.011103924,0.87742722,soluble,IMR90_fibroblast,E197,False
IR SASP,198,PLEKHA7,PLEKHA7,Q6IQ23,3.557123423,0.01140109,0.901450276,soluble,IMR90_fibroblast,E198,False
IR SASP,199,VWA8,VWA8,A3KMH1,3.555617809,0.01758991,1.36415565,soluble,IMR90_fibroblast,E199,False
IR SASP,200,IPO9,IPO9,Q96P70,3.546436071,0.016677629,1.295122981,soluble,IMR90_fibroblast,E200,False
IR SASP,201,MORC3,MORC3,Q14149,3.545194626,0.015728885,1.219280839,soluble,IMR90_fibroblast,E201,False
IR SASP,202,SURF2,SURF2,Q15527,3.513945103,0.018901507,1.426700354,soluble,IMR90_fibroblast,E202,False
IR SASP,203,RAB7A,RAB7A,P51149,3.507048368,0.014818713,1.147031546,soluble,IMR90_fibroblast,E203,False
IR SASP,204,PCDH1,PCDH1,Q08174,3.503038645,0.014639331,1.129268765,soluble,IMR90_fibroblast,E204,False
IR SASP,205,ITPR1,ITPR1,Q14643,3.500550985,0.01517743,1.163133383,soluble,IMR90_fibroblast,E205,False
IR SASP,206,MRPS5,MRPS5,P82675,3.500488997,0.020436485,1.538597941,soluble,IMR90_fibroblast,E206,False
IR SASP,207,CC2D1B,CC2D1B,Q5T0F9,3.497469902,0.011357585,0.882843077,soluble,IMR90_fibroblast,E207,False
IR SASP,208,GOLGA1,GOLGA1,Q92805,3.492262363,0.01004528,0.794339418,soluble,IMR90_fibroblast,E208,False
IR SASP,209,FBXL18,FBXL18,Q96ME1,3.480018139,0.020316241,1.508179903,soluble,IMR90_fibroblast,E209,False
IR SASP,210,DDAH1,DDAH1,O94760,3.475156546,0.020436485,1.526167989,soluble,IMR90_fibroblast,E210,False
IR SASP,211,ALDH1L2,ALDH1L2,Q3SY69,3.468650818,0.021294112,1.583736897,soluble,IMR90_fibroblast,E211,False
IR SASP,212,ACO2,ACO2,Q99798,3.466734648,0.031134945,2.201209545,soluble,IMR90_fibroblast,E212,False
IR SASP,213,RASA3,RASA3,Q14644,3.466675043,0.012739297,0.970130563,soluble,IMR90_fibroblast,E213,False
IR SASP,214,NCL,NCL,P19338,3.46345067,0.021979841,1.629078746,soluble,IMR90_fibroblast,E214,False
IR SASP,215,UBA6,UBA6,A0AVT1,3.461714268,0.019036098,1.426069736,soluble,IMR90_fibroblast,E215,False
IR SASP,216,RNPS1,RNPS1,Q15287,3.456006765,0.013449307,1.016373158,soluble,IMR90_fibroblast,E216,False
IR SASP,217,PPIP5K2,PPIP5K2,O43314,3.453085184,0.023162902,1.707237124,soluble,IMR90_fibroblast,E217,False
IR SASP,218,MTMR12,MTMR12,Q9C0I1,3.449161053,0.025652519,1.864554405,soluble,IMR90_fibroblast,E218,False
IR SASP,219,PRODH2,PRODH2,Q9UF12,3.447515726,0.020436485,1.514809608,soluble,IMR90_fibroblast,E219,False
IR SASP,220,PFDN6,PFDN6,O15212,3.447078705,0.044345065,2.867387056,soluble,IMR90_fibroblast,E220,False
IR SASP,221,COTL1,COTL1,Q14019,3.438698053,0.001029499,3.130147457,soluble,IMR90_fibroblast,E221,False
IR SASP,222,AKR1C4;AKR1C3;AKR1C1,,P17516;P42330;Q04828,3.434692621,0.012132963,0.914688885,soluble,IMR90_fibroblast,E222,False
IR SASP,223,UFD1L,UFD1L,Q92890,3.4315238,0.014516417,1.098227143,soluble,IMR90_fibroblast,E223,False
IR SASP,224,EIF4EBP1,EIF4EBP1,Q13541,3.43082881,0.012860238,0.972819209,soluble,IMR90_fibroblast,E224,False
IR SASP,225,OPTN,OPTN,Q96CV9,3.424252987,0.014437547,1.08693552,soluble,IMR90_fibroblast,E225,False
IR SASP,226,CBWD7;CBWD6;CBWD3;CBWD5;CBWD2;CBWD1,,A6NM15;Q4V339;Q5JTY5;Q5RIA9;Q8IUF1;Q9BRT8,3.421000719,0.026209327,1.876656651,soluble,IMR90_fibroblast,E226,False
IR SASP,227,IQGAP1,IQGAP1,P46940,3.405991077,0.014085399,1.038872242,soluble,IMR90_fibroblast,E227,False
IR SASP,228,NOP14,NOP14,P78316,3.405711412,0.017420867,1.293671012,soluble,IMR90_fibroblast,E228,False
IR SASP,229,MYL6,MYL6,P60660,3.385747433,9.09e-06,1.372604132,soluble,IMR90_fibroblast,E229,False
IR SASP,230,NEDD1,NEDD1,Q8NHV4,3.384094715,0.044083232,2.797396183,soluble,IMR90_fibroblast,E230,False
IR SASP,231,CDK16,CDK16,Q00536,3.380965471,0.00026799,0.818842053,soluble,IMR90_fibroblast,E231,False
IR SASP,232,MAPK14,MAPK14,Q16539,3.378154516,0.002040156,1.391727805,soluble,IMR90_fibroblast,E232,False
IR SASP,233,AKR1B1,AKR1B1,P15121,3.308960199,0.003336874,1.586009741,soluble,IMR90_fibroblast,E233,False
IR SASP,234,ITGAX,ITGAX,P20702,3.303768635,0.024204655,1.686702609,soluble,IMR90_fibroblast,E234,False
IR SASP,235,TBC1D7,TBC1D7,Q9P0N9,3.297422409,0.014259074,1.030406713,soluble,IMR90_fibroblast,E235,False
IR SASP,236,PARK7,PARK7,Q99497,3.284268618,1.72e-06,2.091324329,soluble,IMR90_fibroblast,E236,False
IR SASP,237,UQCRB,UQCRB,P14927,3.276069641,0.014163091,1.009003997,soluble,IMR90_fibroblast,E237,False
IR SASP,238,BLZF1,BLZF1,Q9H2G9,3.264546156,0.01320238,0.945914388,soluble,IMR90_fibroblast,E238,False
IR SASP,239,IGFBP7,IGFBP7,Q16270,3.25564456,1.75e-07,1.763301611,soluble,IMR90_fibroblast,E239,False
IR SASP,240,IGFBP4,IGFBP4,P22692,3.249995232,0.000137857,1.322527885,soluble,IMR90_fibroblast,E240,False
IR SASP,241,LCN1,LCN1,P31025,3.264461279,0.060202713,3.630916357,soluble,IMR90_fibroblast,E241,False
IR SASP,242,SART1,SART1,O43290,3.24834919,0.026272545,1.786536574,soluble,IMR90_fibroblast,E242,False
IR SASP,243,IRS2,IRS2,Q9Y4H2,3.232405424,0.020436485,1.416756272,soluble,IMR90_fibroblast,E243,False
IR SASP,244,GRIP1,GRIP1,Q9Y3R0,3.231952667,0.024689145,1.685004711,soluble,IMR90_fibroblast,E244,False
IR SASP,245,EIF4G2,EIF4G2,P78344,3.210693598,0.014259074,1.004162788,soluble,IMR90_fibroblast,E245,False
IR SASP,246,EHBP1,EHBP1,Q8NDI1,3.20965004,0.014121797,0.983775854,soluble,IMR90_fibroblast,E246,False
IR SASP,247,PLOD2,PLOD2,O00469,3.20310092,0.022412557,1.535206795,soluble,IMR90_fibroblast,E247,False
IR SASP,248,ACSL4,ACSL4,O60488,3.202242136,0.011103924,0.79256314,soluble,IMR90_fibroblast,E248,False
IR SASP,249,SPECC1L,SPECC1L,Q69YQ0,3.199908257,0.020505583,1.41993475,soluble,IMR90_fibroblast,E249,False
IR SASP,250,KRT77,KRT77,Q7Z794,3.198199987,0.012011106,0.842406213,soluble,IMR90_fibroblast,E250,False
IR SASP,251,PRMT1;PRMT8,,Q99873;Q9NR22,3.187919617,0.016650021,1.158962131,soluble,IMR90_fibroblast,E251,False
IR SASP,252,ATP5F1,ATP5F1,P24539,3.186820984,0.024603912,1.652289867,soluble,IMR90_fibroblast,E252,False
IR SASP,253,CAB39,CAB39,Q9Y376,3.186397791,0.025265525,1.698114514,soluble,IMR90_fibroblast,E253,False
IR SASP,254,ATP6V1C2,ATP6V1C2,Q8NEY4,3.182921886,0.014121797,0.977148116,soluble,IMR90_fibroblast,E254,False
IR SASP,255,PRKAG3;PRKAG2,,Q9UGI9;Q9UGJ0,3.174584389,0.013449307,0.931372643,soluble,IMR90_fibroblast,E255,False
IR SASP,256,ATOX1,ATOX1,O00244,3.174521208,0.014371786,1.001941442,soluble,IMR90_fibroblast,E256,False
IR SASP,257,ZCCHC3,ZCCHC3,Q9NUD5,3.15337801,0.014386707,0.997457266,soluble,IMR90_fibroblast,E257,False
IR SASP,258,DARS,DARS,P14868,3.143821955,0.01814113,1.241490006,soluble,IMR90_fibroblast,E258,False
IR SASP,259,EMILIN1,EMILIN1,Q9Y6C2,3.127053261,0.005593227,1.764317513,soluble,IMR90_fibroblast,E259,False
IR SASP,260,EHHADH,EHHADH,Q08426,3.126507282,0.012730039,0.869673908,soluble,IMR90_fibroblast,E260,False
IR SASP,261,NOMO3;NOMO1;NOMO2,,P69849;Q15155;Q5JPE7,3.124878645,0.011740451,0.80715543,soluble,IMR90_fibroblast,E261,False
IR SASP,262,LARP7,LARP7,Q4G0J3,3.097598076,0.014309596,0.973826289,soluble,IMR90_fibroblast,E262,False
IR SASP,263,PANK2;PANK3,,Q9BZ23;Q9H999,3.082776308,0.017841013,1.201417327,soluble,IMR90_fibroblast,E263,False
IR SASP,264,SOD2,SOD2,P04179,3.064275503,1.97e-05,0.404120177,soluble,IMR90_fibroblast,E264,False
IR SASP,265,ITGAV,ITGAV,P06756,3.058348417,0.007885677,0.579343379,soluble,IMR90_fibroblast,E265,False
IR SASP,266,PPAT,PPAT,Q06203,3.050690174,0.016605156,1.103252649,soluble,IMR90_fibroblast,E266,False
IR SASP,267,RPS25,RPS25,P62851,3.042166948,0.044672369,2.545929432,soluble,IMR90_fibroblast,E267,False
IR SASP,268,CORO1B,CORO1B,Q9BR76,3.034358978,0.016650021,1.104677081,soluble,IMR90_fibroblast,E268,False
IR SASP,269,LDHA,LDHA,P00338,3.027300835,2.63e-11,1.898474097,soluble,IMR90_fibroblast,E269,False
IR SASP,270,ADSL,ADSL,P30566,3.005921364,0.016413557,1.069871426,soluble,IMR90_fibroblast,E270,False
IR SASP,271,CTSZ,CTSZ,Q9UBR2,2.995222092,0.030895824,3.787706137,soluble,IMR90_fibroblast,E271,False
IR SASP,272,DMGDH,DMGDH,Q9UI17,2.98140049,0.016413557,1.061642766,soluble,IMR90_fibroblast,E272,False
IR SASP,273,SF3B1,SF3B1,O75533,2.971100092,0.014309596,0.932552218,soluble,IMR90_fibroblast,E273,False
IR SASP,274,HSPA1A;HSPA1B,,P0DMV8;P0DMV9,2.964928627,0.007332147,2.686966419,soluble,IMR90_fibroblast,E274,False
IR SASP,275,LRPPRC,LRPPRC,P42704,2.961447716,0.021955235,1.389389157,soluble,IMR90_fibroblast,E275,False
IR SASP,276,RPEL1;RPE,,Q2QD12;Q96AT9,2.957476377,0.006240448,0.477584362,soluble,IMR90_fibroblast,E276,False
IR SASP,277,FTCD,FTCD,O95954,2.945260048,0.017256845,1.106743455,soluble,IMR90_fibroblast,E277,False
IR SASP,278,POTEF,POTEF,A5A3E0,2.94311142,0.012132963,0.783623993,soluble,IMR90_fibroblast,E278,False
IR SASP,279,GLYR1,GLYR1,Q49A26,2.910969496,0.012739297,0.813274622,soluble,IMR90_fibroblast,E279,False
IR SASP,280,PPP1CC;PPP1CA;PPP1CB,,P36873;P62136;P62140,2.909319162,0.022419978,1.398911476,soluble,IMR90_fibroblast,E280,False
IR SASP,281,VARS,VARS,P26640,2.888815641,0.047652714,2.600614548,soluble,IMR90_fibroblast,E281,False
IR SASP,282,DOCK11;DOCK10;DOCK9,,Q5JSL3;Q96BY6;Q9BZ29,2.887074709,0.024382205,1.483161688,soluble,IMR90_fibroblast,E282,False
IR SASP,283,THOC2,THOC2,Q8NI27,2.905091047,0.052839009,2.862893105,soluble,IMR90_fibroblast,E283,False
IR SASP,284,PSMA3,PSMA3,P25788,2.880153656,0.015217752,0.962904572,soluble,IMR90_fibroblast,E284,False
IR SASP,285,TPM1,TPM1,P09493,2.878378868,0.008615649,0.585686147,soluble,IMR90_fibroblast,E285,False
IR SASP,286,IGF2,IGF2,P01344,2.876148939,0.020436485,1.267249703,soluble,IMR90_fibroblast,E286,False
IR SASP,287,ACO1,ACO1,P21399,2.869604111,0.012127807,0.761109471,soluble,IMR90_fibroblast,E287,False
IR SASP,288,TXNRD1,TXNRD1,Q16881,2.866163492,0.000393445,1.869869351,soluble,IMR90_fibroblast,E288,False
IR SASP,289,SPIN1,SPIN1,Q9Y657,2.864817142,0.022498902,1.384185314,soluble,IMR90_fibroblast,E289,False
IR SASP,290,BTK,BTK,Q06187,2.857391357,0.005945242,0.44677192,soluble,IMR90_fibroblast,E290,False
IR SASP,291,MOB1B;MOB1A,,Q7L9L4;Q9H8S9,2.843272209,0.030239576,1.758003116,soluble,IMR90_fibroblast,E291,False
IR SASP,292,NUP85,NUP85,Q9BW27,2.841516495,0.026650722,1.585049868,soluble,IMR90_fibroblast,E292,False
IR SASP,293,DOCK8,DOCK8,Q8NF50,2.840960026,0.023592297,1.427910447,soluble,IMR90_fibroblast,E293,False
IR SASP,294,RPL21,RPL21,P46778,2.84054327,0.025265525,1.515431166,soluble,IMR90_fibroblast,E294,False
IR SASP,295,MUC13,MUC13,Q9H3R2,2.833654642,0.013550986,0.838194788,soluble,IMR90_fibroblast,E295,False
IR SASP,296,VPS39,VPS39,Q96JC1,2.830086708,0.022711848,1.378792524,soluble,IMR90_fibroblast,E296,False
IR SASP,297,TAGLN2,TAGLN2,P37802,2.829754114,0.003336874,2.673393965,soluble,IMR90_fibroblast,E297,False
IR SASP,298,HBD;HBE1;HBB;HBG1;HBG2,,P02042;P02100;P68871;P69891;P69892,2.828956127,0.016413557,1.004426837,soluble,IMR90_fibroblast,E298,False
IR SASP,299,ITGA3,ITGA3,P26006,2.826352835,0.01758991,1.086294293,soluble,IMR90_fibroblast,E299,False
IR SASP,300,PLEC,PLEC,Q15149,2.811579943,8.68e-05,3.812773943,soluble,IMR90_fibroblast,E300,False
IR SASP,301,HSPA4L,HSPA4L,O95757,2.811509371,0.024591687,1.454835415,soluble,IMR90_fibroblast,E301,False
IR SASP,302,DIDO1,DIDO1,Q9BTC0,2.791710138,0.022409343,1.33315742,soluble,IMR90_fibroblast,E302,False
IR SASP,303,HNRNPR;SYNCRIP,,O43390;O60506,2.783087254,0.01845831,1.112840176,soluble,IMR90_fibroblast,E303,False
IR SASP,304,CLUH,CLUH,O75153,2.751347542,0.042191304,2.191542625,soluble,IMR90_fibroblast,E304,False
IR SASP,305,PAFAH2,PAFAH2,Q99487,2.734534025,0.008474809,0.550510645,soluble,IMR90_fibroblast,E305,False
IR SASP,306,TIMP1,TIMP1,P01033,2.723431826,2.6e-09,1.108409166,soluble,IMR90_fibroblast,E306,False
IR SASP,307,THBS1,THBS1,P07996,2.7129426,6.29e-15,1.970903635,soluble,IMR90_fibroblast,E307,False
IR SASP,308,SERPIND1,SERPIND1,P05546,2.726437807,0.05061972,2.584146738,soluble,IMR90_fibroblast,E308,False
IR SASP,309,ALDOA,ALDOA,P04075,2.711177349,1.75e-19,2.037880182,soluble,IMR90_fibroblast,E309,False
IR SASP,310,IMPA1,IMPA1,P29218,2.710988045,0.022319597,1.290091515,soluble,IMR90_fibroblast,E310,False
IR SASP,311,SCAMP3,SCAMP3,O14828,2.709893227,0.024603912,1.40718925,soluble,IMR90_fibroblast,E311,False
IR SASP,312,FBP1,FBP1,P09467,2.693935156,0.025265525,1.432296038,soluble,IMR90_fibroblast,E312,False
IR SASP,313,SMARCA4,SMARCA4,P51532,2.69307375,0.025265525,1.430481195,soluble,IMR90_fibroblast,E313,False
IR SASP,314,DBN1,DBN1,Q16643,2.692789555,0.014085399,0.818334103,soluble,IMR90_fibroblast,E314,False
IR SASP,315,PDZK1P1;PDZK1,,A8MUH7;Q5T2W1,2.684143782,0.024850843,1.406289577,soluble,IMR90_fibroblast,E315,False
IR SASP,316,CLIC1,CLIC1,O00299,2.683328867,0.002582901,0.237486899,soluble,IMR90_fibroblast,E316,False
IR SASP,317,TGFB1,TGFB1,P01137,2.682519913,0.026868773,1.506955266,soluble,IMR90_fibroblast,E317,False
IR SASP,318,ASCC3,ASCC3,Q8N3C0,2.680958033,0.026577694,1.489593506,soluble,IMR90_fibroblast,E318,False
IR SASP,319,PIGK,PIGK,Q92643,2.675932407,0.026697609,1.495963097,soluble,IMR90_fibroblast,E319,False
IR SASP,320,HSP90B1,HSP90B1,P14625,2.667849064,0.001941516,1.078441024,soluble,IMR90_fibroblast,E320,False
IR SASP,321,APP,APP,P05067,2.667035818,0.002933386,1.220314264,soluble,IMR90_fibroblast,E321,False
IR SASP,322,IDH3B,IDH3B,O43837,2.665918827,0.009632761,0.588864565,soluble,IMR90_fibroblast,E322,False
IR SASP,323,SULT1B1,SULT1B1,O43704,2.662286997,0.025629579,1.436731577,soluble,IMR90_fibroblast,E323,False
IR SASP,324,PSMB6,PSMB6,P28072,2.653473854,0.004525437,0.345193416,soluble,IMR90_fibroblast,E324,False
IR SASP,325,CPTP,CPTP,Q5TA50,2.63786006,0.019036098,1.087088823,soluble,IMR90_fibroblast,E325,False
IR SASP,326,HK2,HK2,P52789,2.621451855,0.002963015,1.884343266,soluble,IMR90_fibroblast,E326,False
IR SASP,327,COL18A1,COL18A1,P39060,2.615873814,0.019243835,2.540807009,soluble,IMR90_fibroblast,E327,False
IR SASP,328,PARVA,PARVA,Q9NVD7,2.612968683,0.019032919,1.070815802,soluble,IMR90_fibroblast,E328,False
IR SASP,329,AIMP1,AIMP1,Q12904,2.611020565,0.010517563,0.62089783,soluble,IMR90_fibroblast,E329,False
IR SASP,330,SNRPD3,SNRPD3,P62318,2.603453875,0.029156307,1.565733314,soluble,IMR90_fibroblast,E330,False
IR SASP,331,EIF4A2,EIF4A2,Q14240,2.600597382,0.027771225,1.508469224,soluble,IMR90_fibroblast,E331,False
IR SASP,332,USF2,USF2,Q15853,2.596897125,0.014259074,0.810976863,soluble,IMR90_fibroblast,E332,False
IR SASP,333,LDHB,LDHB,P07195,2.59477663,2.97e-05,1.829061866,soluble,IMR90_fibroblast,E333,False
IR SASP,334,RB1,RB1,P06400,2.587432146,0.019243835,1.075425029,soluble,IMR90_fibroblast,E334,False
IR SASP,335,RAB2A;RAB2B,,P61019;Q8WUD1,2.565485954,0.024591687,1.32805717,soluble,IMR90_fibroblast,E335,False
IR SASP,336,ARHGEF12,ARHGEF12,Q9NZN5,2.562979221,0.027186381,1.460448384,soluble,IMR90_fibroblast,E336,False
IR SASP,337,DNASE2,DNASE2,O00115,2.553553581,0.026955771,1.443966627,soluble,IMR90_fibroblast,E337,False
IR SASP,338,KPNB1,KPNB1,Q14974,2.538630009,0.00931857,0.542510152,soluble,IMR90_fibroblast,E338,False
IR SASP,339,NCF2,NCF2,P19878,2.53853631,0.022412557,1.214135289,soluble,IMR90_fibroblast,E339,False
IR SASP,340,GDF15,GDF15,Q99988,2.537754750823916,0.0010199173690959352,0.49508242585964096,soluble,IMR90_fibroblast,E340,False
IR SASP,341,HMGA1,HMGA1,P17096,2.526008368,0.005033322,0.353542507,soluble,IMR90_fibroblast,E341,False
IR SASP,342,CTSD,CTSD,P07339,2.515040398,0.026955771,1.421120882,soluble,IMR90_fibroblast,E342,False
IR SASP,343,FAH,FAH,P16930,2.506259918,0.042487616,2.010433674,soluble,IMR90_fibroblast,E343,False
IR SASP,344,SORBS2,SORBS2,O94875,2.51197505,0.058908313,2.733159304,soluble,IMR90_fibroblast,E344,False
IR SASP,345,CFH,CFH,P08603,2.497708797,0.025265525,1.325363278,soluble,IMR90_fibroblast,E345,False
IR SASP,346,HSPA8,HSPA8,P11142,2.486901999,1.03e-08,2.095805407,soluble,IMR90_fibroblast,E346,False
IR SASP,347,MRPL43,MRPL43,Q8N983,2.491835833,0.065678675,3.039410353,soluble,IMR90_fibroblast,E347,False
IR SASP,348,CAP1,CAP1,Q01518,2.481533051,0.046431652,2.171718121,soluble,IMR90_fibroblast,E348,False
IR SASP,349,PRDX2,PRDX2,P32119,2.47666049,0.00280507,1.755132318,soluble,IMR90_fibroblast,E349,False
IR SASP,350,TSN,TSN,Q15631,2.474626541,0.038294339,1.835763335,soluble,IMR90_fibroblast,E350,False
IR SASP,351,HMGB1,HMGB1,P09429,2.467215492481323,0.015770089769051233,0.9327001100682858,soluble,IMR90_fibroblast,E351,False
IR SASP,352,GALNT2,GALNT2,Q10471,2.458221912,0.000321751,0.621457577,soluble,IMR90_fibroblast,E352,False
IR SASP,353,PPIA,PPIA,P62937,2.448372126,8.67e-12,2.019669533,soluble,IMR90_fibroblast,E353,False
IR SASP,354,CSRP2,CSRP2,Q16527,2.44807744,0.010461719,1.735921025,soluble,IMR90_fibroblast,E354,False
IR SASP,355,PUM2,PUM2,Q8TB72,2.443600893,0.029156307,1.470194817,soluble,IMR90_fibroblast,E355,False
IR SASP,356,PLOD1,PLOD1,Q02809,2.438398123,1.01e-11,1.361854792,soluble,IMR90_fibroblast,E356,False
IR SASP,357,MACF1,MACF1,Q9UPN3,2.423064947,2e-05,0.012309285,soluble,IMR90_fibroblast,E357,False
IR SASP,358,NELFCD,NELFCD,Q8IXH7,2.420900106,0.000439,0.070619121,soluble,IMR90_fibroblast,E358,False
IR SASP,359,SNRNP200,SNRNP200,O75643,2.403499365,0.014794822,2.022989035,soluble,IMR90_fibroblast,E359,False
IR SASP,360,MYH9,MYH9,P35579,2.397732258,4.36e-08,1.93750155,soluble,IMR90_fibroblast,E360,False
IR SASP,361,EEF2,EEF2,P13639,2.390468836,0.008369669,3.253505468,soluble,IMR90_fibroblast,E361,False
IR SASP,362,HSD17B4,HSD17B4,P51659,2.38188839,0.035634569,1.67385757,soluble,IMR90_fibroblast,E362,False
IR SASP,363,SERPINF2,SERPINF2,P08697,2.377739429,0.007729713,1.494203806,soluble,IMR90_fibroblast,E363,False
IR SASP,364,AARS,AARS,P49588,2.3729496,0.049709323,2.2153337,soluble,IMR90_fibroblast,E364,False
IR SASP,365,SPTBN1,SPTBN1,Q01082,2.365440607,0.012614157,2.563402176,soluble,IMR90_fibroblast,E365,False
IR SASP,366,CMTM6,CMTM6,Q9NX76,2.358505487,0.045111713,1.989015102,soluble,IMR90_fibroblast,E366,False
IR SASP,367,LMNA,LMNA,P02545,2.349819183,7.6e-12,2.004859924,soluble,IMR90_fibroblast,E367,False
IR SASP,368,PGK1,PGK1,P00558,2.322652817,1.85e-17,1.751991034,soluble,IMR90_fibroblast,E368,False
IR SASP,369,FLNB,FLNB,O75369,2.31166482,5.73e-06,1.401557803,soluble,IMR90_fibroblast,E369,False
IR SASP,370,IRF5,IRF5,Q13568,2.305531263,0.025265525,1.23115015,soluble,IMR90_fibroblast,E370,False
IR SASP,371,ETFA,ETFA,P13804,2.301935673,0.009319784,0.493053526,soluble,IMR90_fibroblast,E371,False
IR SASP,372,RIC8B,RIC8B,Q9NVN3,2.26048398,0.043260483,1.841237903,soluble,IMR90_fibroblast,E372,False
IR SASP,373,CALD1,CALD1,Q05682,2.251442194,0.001948119,2.27020812,soluble,IMR90_fibroblast,E373,False
IR SASP,374,CD44,CD44,P16070,2.249755383,3.73e-07,0.645295322,soluble,IMR90_fibroblast,E374,False
IR SASP,375,VIM,VIM,P08670,2.247732401,9.67e-31,2.172533035,soluble,IMR90_fibroblast,E375,False
IR SASP,376,CYFIP1;CYFIP2,,Q7L576;Q96F07,2.247044325,0.059512341,2.473335505,soluble,IMR90_fibroblast,E376,False
IR SASP,377,RBP4,RBP4,P02753,2.241459608,0.008228196,1.44163537,soluble,IMR90_fibroblast,E377,False
IR SASP,378,SKIV2L2,SKIV2L2,P42285,2.217980385,0.045883162,1.918784857,soluble,IMR90_fibroblast,E378,False
IR SASP,379,SNRPGP15;SNRPG,,A8MWD9;P62308,2.216687679,0.059512341,2.439154148,soluble,IMR90_fibroblast,E379,False
IR SASP,380,YWHAQ,YWHAQ,P27348,2.210750341,0.032087981,2.859196186,soluble,IMR90_fibroblast,E380,False
IR SASP,381,PNKP,PNKP,Q96T60,2.2105937,0.06659924,2.73835063,soluble,IMR90_fibroblast,E381,False
IR SASP,382,SRI,SRI,P30626,2.209831715,0.025132058,1.166612744,soluble,IMR90_fibroblast,E382,False
IR SASP,383,IARS2,IARS2,Q9NSE4,2.202490568,0.040013196,1.68391335,soluble,IMR90_fibroblast,E383,False
IR SASP,384,NONO,NONO,Q15233,2.197556257,0.013449307,1.750888467,soluble,IMR90_fibroblast,E384,False
IR SASP,385,PRDX1,PRDX1,Q06830,2.168725014,1.18e-08,1.266877055,soluble,IMR90_fibroblast,E385,False
IR SASP,386,GDI2,GDI2,P50395,2.1626114850000002,3.14e-08,1.828420877,soluble,IMR90_fibroblast,E386,False
IR SASP,387,PRKCSH,PRKCSH,P14314,2.160747528,0.002345192,1.47428441,soluble,IMR90_fibroblast,E387,False
IR SASP,388,ALCAM,ALCAM,Q13740,2.160005569,0.006486708,1.278431177,soluble,IMR90_fibroblast,E388,False
IR SASP,389,URB1,URB1,O60287,2.157211542,0.00713429,0.383189738,soluble,IMR90_fibroblast,E389,False
IR SASP,390,FKBP1A,FKBP1A,P62942,2.150687218,0.005127615,2.234325409,soluble,IMR90_fibroblast,E390,False
IR SASP,391,RPS4Y1;RPS4X,,P22090;P62701,2.13939929,0.045572411,1.835893393,soluble,IMR90_fibroblast,E391,False
IR SASP,392,FKBP10,FKBP10,Q96AY3,2.137367487,0.000646753,1.122944951,soluble,IMR90_fibroblast,E392,False
IR SASP,393,TWSG1,TWSG1,Q9GZX9,2.136666298,0.002370225,0.921240568,soluble,IMR90_fibroblast,E393,False
IR SASP,394,HUWE1,HUWE1,Q7Z6Z7,2.116204977,0.024603912,3.160712957,soluble,IMR90_fibroblast,E394,False
IR SASP,395,RAD23B,RAD23B,P54727,2.112758636,2.91e-05,0.673566282,soluble,IMR90_fibroblast,E395,False
IR SASP,396,SORBS3,SORBS3,O60504,2.111259222,0.003014382,0.206766531,soluble,IMR90_fibroblast,E396,False
IR SASP,397,SAMD4A,SAMD4A,Q9UPU9,2.108994484,0.028940898,1.260439515,soluble,IMR90_fibroblast,E397,False
IR SASP,398,ITIH2,ITIH2,P19823,2.100854874,0.001941516,0.847284675,soluble,IMR90_fibroblast,E398,False
IR SASP,399,GSTO1,GSTO1,P78417,2.091194391,0.004162988,2.063994884,soluble,IMR90_fibroblast,E399,False
IR SASP,400,TKT,TKT,P29401,2.077198029,8.23e-10,1.915604591,soluble,IMR90_fibroblast,E400,False
IR SASP,401,MYLK,MYLK,Q15746,2.067238331,0.066768762,2.569561481,soluble,IMR90_fibroblast,E401,False
IR SASP,402,MTMR3,MTMR3,Q13615,2.064702272,0.021771821,0.961004496,soluble,IMR90_fibroblast,E402,False
IR SASP,403,GALNS,GALNS,P34059,2.062696218,0.045486452,1.760423183,soluble,IMR90_fibroblast,E403,False
IR SASP,404,WDR37,WDR37,Q9Y2I8,2.052806854,0.029292163,1.24028635,soluble,IMR90_fibroblast,E404,False
IR SASP,405,RBM3,RBM3,P98179,2.047340155,0.035991782,1.449324489,soluble,IMR90_fibroblast,E405,False
IR SASP,406,PROCR,PROCR,Q9UNN8,2.042302608,0.002868365,1.454650998,soluble,IMR90_fibroblast,E406,False
IR SASP,407,HMGN2,HMGN2,P05204,2.042228699,0.006593586,0.342570007,soluble,IMR90_fibroblast,E407,False
IR SASP,408,HSPA5,HSPA5,P11021,2.033107519,1.19e-12,1.368203402,soluble,IMR90_fibroblast,E408,False
IR SASP,409,GOLGB1,GOLGB1,Q14789,2.031444788,0.021955235,0.952373445,soluble,IMR90_fibroblast,E409,False
IR SASP,410,ECM1,ECM1,Q16610,2.026158333,1.21e-06,1.952954888,soluble,IMR90_fibroblast,E410,False
IR SASP,411,SERPINA1,SERPINA1,P01009,2.025709867,0.04551355,1.734787822,soluble,IMR90_fibroblast,E411,False
IR SASP,412,SYNPO,SYNPO,Q8N3V7,2.023714781,0.027051604,1.148050427,soluble,IMR90_fibroblast,E412,False
IR SASP,413,ACTBL2,ACTBL2,Q562R1,2.022919655,0.001846685,1.301299453,soluble,IMR90_fibroblast,E413,False
IR SASP,414,GSTP1,GSTP1,P09211,2.010578156,0.000207064,2.315990686,soluble,IMR90_fibroblast,E414,False
IR SASP,415,VCL,VCL,P18206,2.010563374,2.43e-08,2.279970407,soluble,IMR90_fibroblast,E415,False
IR SASP,416,SETD3,SETD3,Q86TU7,2.009597301,0.029292163,1.215206385,soluble,IMR90_fibroblast,E416,False
IR SASP,417,OTUB1,OTUB1,Q96FW1,2.001041651,0.029292163,1.211423278,soluble,IMR90_fibroblast,E417,False
IR SASP,418,FTSJ3,FTSJ3,Q8IY81,1.993050098,0.028526843,1.177026987,soluble,IMR90_fibroblast,E418,False
IR SASP,419,NME2,NME2,P22392,1.992363572,0.000106079,1.358537912,soluble,IMR90_fibroblast,E419,False
IR SASP,420,GAA,GAA,P10253,1.992135525,0.005701139,1.132129431,soluble,IMR90_fibroblast,E420,False
IR SASP,421,EIF5A;EIF5AL1;EIF5A2,,P63241;Q6IS14;Q9GZV4,1.986280799,0.020316241,1.976104617,soluble,IMR90_fibroblast,E421,False
IR SASP,422,MRC2,MRC2,Q9UBG0,1.97768259,0.012860238,0.561235487,soluble,IMR90_fibroblast,E422,False
IR SASP,423,LTBP1,LTBP1,Q14766,1.967446327,0.012860238,2.6447768209999998,soluble,IMR90_fibroblast,E423,False
IR SASP,424,ENO3,ENO3,P13929,1.951492071,0.000798332,0.619149446,soluble,IMR90_fibroblast,E424,False
IR SASP,425,TPM3,TPM3,P06753,1.943165064,3.23e-08,1.646901011,soluble,IMR90_fibroblast,E425,False
IR SASP,426,FLNA,FLNA,P21333,1.942859054,1.92e-16,2.146839142,soluble,IMR90_fibroblast,E426,False
IR SASP,427,LASP1,LASP1,Q14847,1.924189925,0.004775629,1.963621736,soluble,IMR90_fibroblast,E427,False
IR SASP,428,MYDGF,MYDGF,Q969H8,1.921269298,0.003792573,1.864499331,soluble,IMR90_fibroblast,E428,False
IR SASP,429,COL4A1,COL4A1,P02462,1.919273853,2.13e-08,0.583027422,soluble,IMR90_fibroblast,E429,False
IR SASP,430,HSPG2,HSPG2,P98160,1.893946886,0.030976979,3.173585653,soluble,IMR90_fibroblast,E430,False
IR SASP,431,RPS21,RPS21,P63220,1.893833876,0.022419978,0.909471393,soluble,IMR90_fibroblast,E431,False
IR SASP,432,TPM2,TPM2,P07951,1.891666412,7e-09,0.675313473,soluble,IMR90_fibroblast,E432,False
IR SASP,433,RICTOR,RICTOR,Q6R327,1.890880823,0.030263398,1.172319412,soluble,IMR90_fibroblast,E433,False
IR SASP,434,PSMA6,PSMA6,P60900,1.887762308,0.012730039,0.526146233,soluble,IMR90_fibroblast,E434,False
IR SASP,435,NUTF2,NUTF2,P61970,1.886958122,0.014085399,1.532191038,soluble,IMR90_fibroblast,E435,False
IR SASP,436,RNH1,RNH1,P13489,1.882754445,0.015718666,0.645358622,soluble,IMR90_fibroblast,E436,False
IR SASP,437,ATF7IP,ATF7IP,Q6VMQ6,1.88040483,0.031154564,1.195788383,soluble,IMR90_fibroblast,E437,False
IR SASP,438,ELAVL1,ELAVL1,Q15717,1.876563311,0.015639107,0.639508367,soluble,IMR90_fibroblast,E438,False
IR SASP,439,COG1,COG1,Q8WTW3,1.875287652,0.02208966,0.886164844,soluble,IMR90_fibroblast,E439,False
IR SASP,440,MDH1,MDH1,P40925,1.873145461,0.000502303,1.536667824,soluble,IMR90_fibroblast,E440,False
IR SASP,441,PRAM1,PRAM1,Q96QH2,1.861005306,0.088544536,3.175536871,soluble,IMR90_fibroblast,E441,False
IR SASP,442,COL4A2,COL4A2,P08572,1.859498739,0.002400514,1.949017406,soluble,IMR90_fibroblast,E442,False
IR SASP,443,KRT8,KRT8,P05787,1.858579755,0.083439086,2.961119413,soluble,IMR90_fibroblast,E443,False
IR SASP,444,NCOA5,NCOA5,Q9HCD5,1.855935454,0.047651782,1.666844487,soluble,IMR90_fibroblast,E444,False
IR SASP,445,EZR,EZR,P15311,1.846966624,0.042756978,1.490709305,soluble,IMR90_fibroblast,E445,False
IR SASP,446,VASN,VASN,Q6EMK4,1.846747875,0.0005262,1.758437753,soluble,IMR90_fibroblast,E446,False
IR SASP,447,CDH17,CDH17,Q12864,1.842963696,0.067201708,2.307667971,soluble,IMR90_fibroblast,E447,False
IR SASP,448,FLNC,FLNC,Q14315,1.842423916,4.84e-05,2.386693954,soluble,IMR90_fibroblast,E448,False
IR SASP,449,TGM2,TGM2,P21980,1.83255291,0.060850168,2.070262909,soluble,IMR90_fibroblast,E449,False
IR SASP,450,PGAM1,PGAM1,P18669,1.826271534,2.91e-06,2.425525904,soluble,IMR90_fibroblast,E450,False
IR SASP,451,LGALS3,LGALS3,P17931,1.803076386,0.004208889,2.376716614,soluble,IMR90_fibroblast,E451,False
IR SASP,452,PZP,PZP,P20742,1.802404642,0.053154727,3.171024084,soluble,IMR90_fibroblast,E452,False
IR SASP,453,VCAN,VCAN,P13611,1.801884651,5.38e-06,1.666971922,soluble,IMR90_fibroblast,E453,False
IR SASP,454,IRS4,IRS4,O14654,1.790224791,0.053526318,1.785082936,soluble,IMR90_fibroblast,E454,False
IR SASP,455,HEXB,HEXB,P07686,1.786865115,0.001941516,1.509640574,soluble,IMR90_fibroblast,E455,False
IR SASP,456,GP5,GP5,P40197,1.766275883,0.038239439,1.307584524,soluble,IMR90_fibroblast,E456,False
IR SASP,457,CASP12,CASP12,Q6UXS9,1.764903903,0.017131707,0.658659756,soluble,IMR90_fibroblast,E457,False
IR SASP,458,UNC13D,UNC13D,Q70J99,1.761952758,0.058974724,1.921132565,soluble,IMR90_fibroblast,E458,False
IR SASP,459,PDIA3,PDIA3,P30101,1.76068151,1.15e-08,1.723392606,soluble,IMR90_fibroblast,E459,False
IR SASP,460,P4HB,P4HB,P07237,1.758802295,2.18e-05,2.042403698,soluble,IMR90_fibroblast,E460,False
IR SASP,461,PTX3,PTX3,P26022,1.757887006,0.024382205,1.946436405,soluble,IMR90_fibroblast,E461,False
IR SASP,462,HMGA2,HMGA2,P52926,1.754116058,0.051172847,1.679397225,soluble,IMR90_fibroblast,E462,False
IR SASP,463,YWHAB,YWHAB,P31946,1.751563787,5.36e-05,1.92430985,soluble,IMR90_fibroblast,E463,False
IR SASP,464,DENND4A,DENND4A,Q7Z401,1.745068431,0.033227276,1.165546536,soluble,IMR90_fibroblast,E464,False
IR SASP,465,TCEB1,TCEB1,Q15369,1.739812255,0.020316241,0.752116978,soluble,IMR90_fibroblast,E465,False
IR SASP,466,ARL2BP,ARL2BP,Q9Y2Y0,1.737279773,0.061596374,1.986527681,soluble,IMR90_fibroblast,E466,False
IR SASP,467,GOT1,GOT1,P17174,1.728086948,0.008228196,0.337654352,soluble,IMR90_fibroblast,E467,False
IR SASP,468,KLC2,KLC2,Q9H0B6,1.725534439,0.06786742,2.191673756,soluble,IMR90_fibroblast,E468,False
IR SASP,469,NPC2,NPC2,P61916,1.717986822,0.010390015,1.213546515,soluble,IMR90_fibroblast,E469,False
IR SASP,470,RBM15,RBM15,Q96T37,1.715728402,0.085433581,2.809540033,soluble,IMR90_fibroblast,E470,False
IR SASP,471,MAP4,MAP4,P27816,1.715215087,0.047906636,1.553389192,soluble,IMR90_fibroblast,E471,False
IR SASP,472,TWF1;TWF2,,Q12792;Q6IBS0,1.71384716,0.045486452,1.46349442,soluble,IMR90_fibroblast,E472,False
IR SASP,473,ITGB1,ITGB1,P05556,1.704598904,0.061076018,1.933739185,soluble,IMR90_fibroblast,E473,False
IR SASP,474,CHMP4A,CHMP4A,Q9BY43,1.68386364,0.017256845,0.63455236,soluble,IMR90_fibroblast,E474,False
IR SASP,475,ARHGDIA,ARHGDIA,P52565,1.680356503,0.001899588,1.409811854,soluble,IMR90_fibroblast,E475,False
IR SASP,476,PRPF38A,PRPF38A,Q8NAV1,1.669833064,0.017595545,0.643200159,soluble,IMR90_fibroblast,E476,False
IR SASP,477,CSNK1A1,CSNK1A1,P48729,1.667374253,0.03325333,2.199909687,soluble,IMR90_fibroblast,E477,False
IR SASP,478,NID2,NID2,Q14112,1.666492343,2.69e-08,1.628628373,soluble,IMR90_fibroblast,E478,False
IR SASP,479,GNS,GNS,P15586,1.66393137,1.01e-06,0.873390019,soluble,IMR90_fibroblast,E479,False
IR SASP,480,HEXA,HEXA,P06865,1.648651481,0.001736123,1.04843092,soluble,IMR90_fibroblast,E480,False
IR SASP,481,GNB2L1,GNB2L1,P63244,1.647249103,0.022498902,1.754907131,soluble,IMR90_fibroblast,E481,False
IR SASP,482,KRT2,KRT2,P35908,1.64436388,1.07e-05,2.010529518,soluble,IMR90_fibroblast,E482,False
IR SASP,483,TNC,TNC,P24821,1.64184463,0.002092409,1.414264917,soluble,IMR90_fibroblast,E483,False
IR SASP,484,CTHRC1,CTHRC1,Q96CG8,1.639431477,0.0036266,0.806602716,soluble,IMR90_fibroblast,E484,False
IR SASP,485,IL18,IL18,Q14116,1.636763334,0.031383052,1.04660666,soluble,IMR90_fibroblast,E485,False
IR SASP,486,EIF2S3;EIF2S3L,,P41091;Q2VIR3,1.630748749,0.08646208,2.708376646,soluble,IMR90_fibroblast,E486,False
IR SASP,487,PLSCR3,PLSCR3,Q9NRY6,1.614388108,0.038022626,1.188114405,soluble,IMR90_fibroblast,E487,False
IR SASP,488,KRT86;KRT83;KRT85;KRT81,,O43790;P78385;P78386;Q14533,1.61216116,0.047652714,1.450093746,soluble,IMR90_fibroblast,E488,False
IR SASP,489,UCHL1,UCHL1,P09936,1.604957581,0.000583984,2.050994158,soluble,IMR90_fibroblast,E489,False
IR SASP,490,MMP2,MMP2,P08253,1.600750327,0.020688332,0.715852082,soluble,IMR90_fibroblast,E490,False
IR SASP,491,MSN,MSN,P26038,1.596868753,2.87e-08,1.944539785,soluble,IMR90_fibroblast,E491,False
IR SASP,492,GLO1,GLO1,Q04760,1.593699813,0.003200727,0.750741959,soluble,IMR90_fibroblast,E492,False
IR SASP,493,ELMO3,ELMO3,Q96BJ8,1.58862865,0.083709935,2.54327178,soluble,IMR90_fibroblast,E493,False
IR SASP,494,NUCB1,NUCB1,Q02818,1.573529124,6.49e-07,1.712464571,soluble,IMR90_fibroblast,E494,False
IR SASP,495,C9orf152,C9orf152,Q5JTZ5,1.57217288,0.04551355,1.34634769,soluble,IMR90_fibroblast,E495,False
IR SASP,496,KRT73,KRT73,Q86Y46,1.562264681,0.033812775,2.079802752,soluble,IMR90_fibroblast,E496,False
IR SASP,497,QARS,QARS,P47897,1.560207129,0.020485246,0.689240754,soluble,IMR90_fibroblast,E497,False
IR SASP,498,QPRT,QPRT,Q15274,1.559994578,0.022412557,0.747847199,soluble,IMR90_fibroblast,E498,False
IR SASP,499,PPIH,PPIH,O43447,1.556361318,0.007885677,0.29511416,soluble,IMR90_fibroblast,E499,False
IR SASP,500,MDH2,MDH2,P40926,1.553383589,7.25e-05,1.972742677,soluble,IMR90_fibroblast,E500,False
IR SASP,501,SOD1,SOD1,P00441,1.547838569,5.06e-06,1.196816444,soluble,IMR90_fibroblast,E501,False
IR SASP,502,RPS6KA3,RPS6KA3,P51812,1.544436574,0.070645704,2.047043324,soluble,IMR90_fibroblast,E502,False
IR SASP,503,PTBP2,PTBP2,Q9UKA9,1.542581916,0.069107116,1.994936228,soluble,IMR90_fibroblast,E503,False
IR SASP,504,CTSB,CTSB,P07858,1.542263746,1.43e-05,1.530157804,soluble,IMR90_fibroblast,E504,False
IR SASP,505,HNRNPU,HNRNPU,Q00839,1.532209158,0.03325333,1.02621007,soluble,IMR90_fibroblast,E505,False
IR SASP,506,RBBP4,RBBP4,Q09028,1.531195164,0.01758991,1.420242548,soluble,IMR90_fibroblast,E506,False
IR SASP,507,PRDX6,PRDX6,P30041,1.530561805,0.04012595,1.173663616,soluble,IMR90_fibroblast,E507,False
IR SASP,508,TALDO1,TALDO1,P37837,1.528763533,0.002138921,1.323326707,soluble,IMR90_fibroblast,E508,False
IR SASP,509,ALYREF,ALYREF,Q86V81,1.527120113,0.010643032,0.366116226,soluble,IMR90_fibroblast,E509,False
IR SASP,510,NOC2L,NOC2L,Q9Y3T9,1.524710774,0.080680035,2.321022987,soluble,IMR90_fibroblast,E510,False
IR SASP,511,CDK1,CDK1,P06493,1.513425589,0.063518985,1.780267,soluble,IMR90_fibroblast,E511,False
IR SASP,512,EIF3A,EIF3A,Q14152,1.504775286,0.044105636,3.005741358,soluble,IMR90_fibroblast,E512,False
IR SASP,513,CSTB,CSTB,P04080,1.502250195,0.014259074,1.235177875,soluble,IMR90_fibroblast,E513,False
IR SASP,514,DHFR;DHFRL1,,P00374;Q86XF0,1.496522307,0.008228196,0.963179886,soluble,IMR90_fibroblast,E514,False
IR SASP,515,HNRNPA1,HNRNPA1,P09651,1.473914266,0.031792359,1.897518516,soluble,IMR90_fibroblast,E515,False
IR SASP,516,ACTA2;ACTG2,,P62736;P63267,1.464900732,0.020134198,1.969393849,soluble,IMR90_fibroblast,E516,False
IR SASP,517,TIMP2,TIMP2,P16035,1.461083651,0.001968511,1.476751924,soluble,IMR90_fibroblast,E517,False
IR SASP,518,LGALS3BP,LGALS3BP,Q08380,1.457679033,8.88e-08,1.695895314,soluble,IMR90_fibroblast,E518,False
IR SASP,519,PSAP,PSAP,P07602,1.435302734,0.000101851,1.873119473,soluble,IMR90_fibroblast,E519,False
IR SASP,520,UBA1,UBA1,P22314,1.43374157,0.027186381,2.259562016,soluble,IMR90_fibroblast,E520,False
IR SASP,521,MSH2,MSH2,P43246,1.411113739,0.042487616,2.116008282,soluble,IMR90_fibroblast,E521,False
IR SASP,522,SH3BGRL3,SH3BGRL3,Q9H299,1.407372475,0.00071042,1.004547477,soluble,IMR90_fibroblast,E522,False
IR SASP,523,AKR1A1,AKR1A1,P14550,1.398804307,0.004208889,1.388332486,soluble,IMR90_fibroblast,E523,False
IR SASP,524,LGALS1,LGALS1,P09382,1.38323617,2.01e-05,1.995066047,soluble,IMR90_fibroblast,E524,False
IR SASP,525,PDIA4,PDIA4,P13667,1.374417901,0.046431652,1.202317238,soluble,IMR90_fibroblast,E525,False
IR SASP,526,COL6A2,COL6A2,P12110,1.374101043,0.000137857,1.937752485,soluble,IMR90_fibroblast,E526,False
IR SASP,527,PSMA7,PSMA7,O14818,1.368772864,0.074191008,1.911068439,soluble,IMR90_fibroblast,E527,False
IR SASP,528,TGFBI,TGFBI,Q15582,1.367376208,1.49e-11,1.785862207,soluble,IMR90_fibroblast,E528,False
IR SASP,529,S100A9,S100A9,P06702,1.367286563,0.052211769,1.333943248,soluble,IMR90_fibroblast,E529,False
IR SASP,530,AGRN,AGRN,O00468,1.36350131,0.014259074,1.909661055,soluble,IMR90_fibroblast,E530,False
IR SASP,531,POSTN,POSTN,Q15063,1.357825756,0.008228196,1.838027954,soluble,IMR90_fibroblast,E531,False
IR SASP,532,NASP,NASP,P49321,1.356137633,0.115530099,3.403891325,soluble,IMR90_fibroblast,E532,False
IR SASP,533,STIM2,STIM2,Q9P246,1.352941513,0.004704616,0.179994151,soluble,IMR90_fibroblast,E533,False
IR SASP,534,PEPD,PEPD,P12955,1.337648511,0.018044191,1.257033229,soluble,IMR90_fibroblast,E534,False
IR SASP,535,DBI,DBI,P07108,1.334526181,0.021102893,1.366966486,soluble,IMR90_fibroblast,E535,False
IR SASP,536,PRPF8,PRPF8,Q6P2Q9,1.332401872,0.045343701,1.128846407,soluble,IMR90_fibroblast,E536,False
IR SASP,537,SSRP1,SSRP1,Q08945,1.308713794,0.060202713,1.458870769,soluble,IMR90_fibroblast,E537,False
IR SASP,538,CTGF,CTGF,P29279,1.30303812,0.00358679,0.145135403,soluble,IMR90_fibroblast,E538,False
IR SASP,539,CST3,CST3,P01034,1.292703867,0.015217752,1.105635762,soluble,IMR90_fibroblast,E539,False
IR SASP,540,HNRNPA2B1,HNRNPA2B1,P22626,1.28924489,0.000646753,1.893450856,soluble,IMR90_fibroblast,E540,False
IR SASP,541,DCD,DCD,P81605,1.288926601,0.078926159,1.911813855,soluble,IMR90_fibroblast,E541,False
IR SASP,542,GRN,GRN,P28799,1.282642961,0.017841013,1.640673637,soluble,IMR90_fibroblast,E542,False
IR SASP,543,MLLT4,MLLT4,P55196,1.279164076,0.064330736,1.522179127,soluble,IMR90_fibroblast,E543,False
IR SASP,544,ACAP2,ACAP2,Q15057,1.278882146,0.02753392,0.736405611,soluble,IMR90_fibroblast,E544,False
IR SASP,545,COL12A1,COL12A1,Q99715,1.272764921,1.19e-05,1.774298549,soluble,IMR90_fibroblast,E545,False
IR SASP,546,KRT14,KRT14,P02533,1.260970473,0.031076367,2.117172718,soluble,IMR90_fibroblast,E546,False
IR SASP,547,ACTN4,ACTN4,O43707,1.251207709,2.31e-08,1.830012798,soluble,IMR90_fibroblast,E547,False
IR SASP,548,C1RL,C1RL,Q9NZP8,1.248657465,0.080599263,1.896137834,soluble,IMR90_fibroblast,E548,False
IR SASP,549,PIP,PIP,P12273,1.244183064,0.082097285,1.93260622,soluble,IMR90_fibroblast,E549,False
IR SASP,550,CD59,CD59,P13987,1.239656329,0.026955771,1.45915103,soluble,IMR90_fibroblast,E550,False
IR SASP,551,RTN4,RTN4,Q9NQC3,1.237266779,0.105733739,2.661155939,soluble,IMR90_fibroblast,E551,False
IR SASP,552,PPIB,PPIB,P23284,1.229317546,0.001724049,1.53080523,soluble,IMR90_fibroblast,E552,False
IR SASP,553,YWHAZ,YWHAZ,P63104,1.222016096,0.00147695,2.179506063,soluble,IMR90_fibroblast,E553,False
IR SASP,554,PGAM5,PGAM5,Q96HS1,1.220019341,0.082999762,3.157175303,soluble,IMR90_fibroblast,E554,False
IR SASP,555,CYCS,CYCS,P99999,1.216850281,0.065011591,2.502827883,soluble,IMR90_fibroblast,E555,False
IR SASP,556,CALR,CALR,P27797,1.216778517,0.000860403,1.847053528,soluble,IMR90_fibroblast,E556,False
IR SASP,557,ALDOC,ALDOC,P09972,1.212731481,0.005118567,0.665343404,soluble,IMR90_fibroblast,E557,False
IR SASP,558,PTK7,PTK7,Q13308,1.21045351,0.001084244,1.415529609,soluble,IMR90_fibroblast,E558,False
IR SASP,559,CALU,CALU,O43852,1.209966898,0.00348653,1.851894259,soluble,IMR90_fibroblast,E559,False
IR SASP,560,ALB,ALB,P02768,1.203851581,0.001658024,2.622271299,soluble,IMR90_fibroblast,E560,False
IR SASP,561,LMNB1;LMNB2,,P20700;Q03252,1.199665189,0.065073006,1.448430657,soluble,IMR90_fibroblast,E561,False
IR SASP,562,BASP1,BASP1,P80723,1.188973546,0.023584976,1.741263628,soluble,IMR90_fibroblast,E562,False
IR SASP,563,RARRES2,RARRES2,Q99969,1.179955125,0.111577769,2.760428429,soluble,IMR90_fibroblast,E563,False
IR SASP,564,LRP8,LRP8,Q14114,1.177502036,0.020426976,0.513889611,soluble,IMR90_fibroblast,E564,False
IR SASP,565,TXNDC5,TXNDC5,Q8NBS9,1.168043852,0.002092409,1.643878579,soluble,IMR90_fibroblast,E565,False
IR SASP,566,ASNS,ASNS,P08243,1.157425523,0.082788617,1.821196556,soluble,IMR90_fibroblast,E566,False
IR SASP,567,KRT5,KRT5,P13647,1.112915158,0.073179921,2.552755356,soluble,IMR90_fibroblast,E567,False
IR SASP,568,LAMP1,LAMP1,P11279,1.107139468,0.030507676,1.841204047,soluble,IMR90_fibroblast,E568,False
IR SASP,569,PFN1,PFN1,P07737,1.105021119,0.001141342,2.000869274,soluble,IMR90_fibroblast,E569,False
IR SASP,570,CNPY2,CNPY2,Q9Y2B0,1.103039384,0.060298573,1.232657909,soluble,IMR90_fibroblast,E570,False
IR SASP,571,LMAN1,LMAN1,P49257,1.102360249,0.018271696,1.041790962,soluble,IMR90_fibroblast,E571,False
IR SASP,572,PAIP1,PAIP1,Q9H074,1.09974277,0.022802895,0.537649333,soluble,IMR90_fibroblast,E572,False
IR SASP,573,BCL2L13,BCL2L13,Q9BXK5,1.094218016,0.04737311,0.977643073,soluble,IMR90_fibroblast,E573,False
IR SASP,574,VCP,VCP,P55072,1.08961308,0.058866202,1.182557821,soluble,IMR90_fibroblast,E574,False
IR SASP,575,DDX19A;DDX25,,Q9NUU7;Q9UHL0,1.083407402,0.048805247,0.997398019,soluble,IMR90_fibroblast,E575,False
IR SASP,576,FN1,FN1,P02751,1.080934286,2.98e-14,2.018389225,soluble,IMR90_fibroblast,E576,False
IR SASP,577,TPI1,TPI1,P60174,1.077937722,4.53e-08,2.280608892,soluble,IMR90_fibroblast,E577,False
IR SASP,578,KRT9,KRT9,P35527,1.064522028,0.000938773,1.635288715,soluble,IMR90_fibroblast,E578,False
IR SASP,579,PDIA6,PDIA6,Q15084,1.057982206,0.098636777,2.057796478,soluble,IMR90_fibroblast,E579,False
IR SASP,580,YWHAE,YWHAE,P62258,1.055915236,0.006085692,2.368738413,soluble,IMR90_fibroblast,E580,False
IR SASP,581,KRT10,KRT10,P13645,1.055091977,0.000307144,2.614034653,soluble,IMR90_fibroblast,E581,False
IR SASP,582,RBKS,RBKS,Q9H477,1.047299623,0.101984499,2.139705658,soluble,IMR90_fibroblast,E582,False
IR SASP,583,PCK2,PCK2,Q16822,1.042096734,0.082752526,1.636546016,soluble,IMR90_fibroblast,E583,False
IR SASP,584,STMN1,STMN1,P16949,1.03926301,0.046021841,2.880668879,soluble,IMR90_fibroblast,E584,False
IR SASP,585,ACTN1,ACTN1,P12814,1.013326168,0.000137857,1.849137187,soluble,IMR90_fibroblast,E585,False
IR SASP,586,AXL,AXL,P30530,1.010737062,0.060202713,1.126399994,soluble,IMR90_fibroblast,E586,False
IR SASP,587,GC,GC,P02774,1.010265589,0.013994173,0.816516161,soluble,IMR90_fibroblast,E587,False
IR SASP,588,SFN,SFN,P31947,0.990550578,0.067201708,1.241178751,soluble,IMR90_fibroblast,E588,False
IR SASP,589,PGD,PGD,P52209,0.986834109,0.113965758,2.393521547,soluble,IMR90_fibroblast,E589,False
IR SASP,590,COL6A1,COL6A1,P12109,0.985243738,1.21e-06,1.706302047,soluble,IMR90_fibroblast,E590,False
IR SASP,591,TPT1,TPT1,P13693,0.985216379,0.061923785,1.950460553,soluble,IMR90_fibroblast,E591,False
IR SASP,592,TPM4,TPM4,P67936,0.984646916,0.001948119,1.660030484,soluble,IMR90_fibroblast,E592,False
IR SASP,593,UBE2V1;UBE2V2,,Q13404;Q15819,0.983692527,0.045613261,0.845640421,soluble,IMR90_fibroblast,E593,False
IR SASP,594,43717,43717,Q9UHD8,0.948232234,0.108963361,2.130348921,soluble,IMR90_fibroblast,E594,False
IR SASP,595,TOP1,TOP1,P11387,0.922321796,0.015354221,0.310299903,soluble,IMR90_fibroblast,E595,False
IR SASP,596,PTBP1,PTBP1,P26599,0.90891993,0.056883907,1.675641894,soluble,IMR90_fibroblast,E596,False
IR SASP,597,MRPS16,MRPS16,Q9Y3D3,0.906993985,0.054392299,0.919565141,soluble,IMR90_fibroblast,E597,False
IR SASP,598,KLC1,KLC1,Q07866,0.883211195,0.039783698,0.672003031,soluble,IMR90_fibroblast,E598,False
IR SASP,599,EFEMP2,EFEMP2,O95967,0.875563681,0.003336874,0.09317942,soluble,IMR90_fibroblast,E599,False
IR SASP,600,SFPQ,SFPQ,P23246,0.863597095,0.052006021,0.83837837,soluble,IMR90_fibroblast,E600,False
IR SASP,601,MED11,MED11,Q9P086,0.849541664,0.065961322,1.041322708,soluble,IMR90_fibroblast,E601,False
IR SASP,602,STC2,STC2,O76061,0.826380968,0.03365955,0.558214724,soluble,IMR90_fibroblast,E602,False
IR SASP,603,COQ9,COQ9,O75208,0.808128119,0.065961322,0.99178499,soluble,IMR90_fibroblast,E603,False
IR SASP,604,C7,C7,P10643,0.80114758,0.022419978,0.385581791,soluble,IMR90_fibroblast,E604,False
IR SASP,605,TUBA1B,TUBA1B,P68363,0.801027119,0.053943519,1.423732519,soluble,IMR90_fibroblast,E605,False
IR SASP,606,LARP4,LARP4,Q71RC2,0.800985992,0.069819874,1.046604991,soluble,IMR90_fibroblast,E606,False
IR SASP,607,TF,TF,P02787,0.796342969,0.078926159,1.181491137,soluble,IMR90_fibroblast,E607,False
IR SASP,608,CALM1,CALM1,P62158,0.79019624,0.004231265,1.043718815,soluble,IMR90_fibroblast,E608,False
IR SASP,609,BGN,BGN,P21810,0.783568263,0.030263398,1.76638782,soluble,IMR90_fibroblast,E609,False
IR SASP,610,GSN,GSN,P06396,0.774195969,0.015728885,1.832276583,soluble,IMR90_fibroblast,E610,False
IR SASP,611,KRT6A,KRT6A,P02538,0.768488169,0.020325965,1.882440925,soluble,IMR90_fibroblast,E611,False
IR SASP,612,SMC3,SMC3,Q9UQE7,0.76770395,0.136992239,2.823081255,soluble,IMR90_fibroblast,E612,False
IR SASP,613,KRT1,KRT1,P04264,0.752213359,7.33e-05,1.975316763,soluble,IMR90_fibroblast,E613,False
IR SASP,614,RMDN1,RMDN1,Q96DB5,0.743707657,0.110644038,1.711384058,soluble,IMR90_fibroblast,E614,False
IR SASP,615,NIFK,NIFK,Q9BYG3,0.733992875,0.115530099,1.843002915,soluble,IMR90_fibroblast,E615,False
IR SASP,616,PLTP,PLTP,P55058,0.727761626,0.050501343,1.595262527,soluble,IMR90_fibroblast,E616,False
IR SASP,617,MAP3K5,MAP3K5,Q99683,0.726224601,0.115530099,1.815287113,soluble,IMR90_fibroblast,E617,False
IR SASP,618,COL11A1,COL11A1,P12107,0.723841488,0.073286595,1.664098501,soluble,IMR90_fibroblast,E618,False
IR SASP,619,PLD3,PLD3,Q8IV08,0.722810507,0.058866202,1.366951108,soluble,IMR90_fibroblast,E619,False
IR SASP,620,YWHAG,YWHAG,P61981,0.70798856,0.05180039,1.864405751,soluble,IMR90_fibroblast,E620,False
IR SASP,621,HPCAL1;HPCA,,P37235;P84074,0.697114825,0.110723023,1.609204769,soluble,IMR90_fibroblast,E621,False
IR SASP,622,ENO2,ENO2,P09104,0.690336823,0.122285559,1.954292655,soluble,IMR90_fibroblast,E622,False
IR SASP,623,A2M,A2M,P01023,0.687750876,0.043313376,1.613505602,soluble,IMR90_fibroblast,E623,False
IR SASP,624,NPEPPS,NPEPPS,P55786,0.684937894,0.079302317,1.022346616,soluble,IMR90_fibroblast,E624,False
IR SASP,625,PEBP1,PEBP1,P30086,0.682416201,0.046613293,2.10866785,soluble,IMR90_fibroblast,E625,False
IR SASP,626,UBE2N;UBE2NL,,P61088;Q5JXB2,0.65733391,0.052211769,1.142828107,soluble,IMR90_fibroblast,E626,False
IR SASP,627,DLD,DLD,P09622,0.646313906,0.064620884,0.772912204,soluble,IMR90_fibroblast,E627,False
IR SASP,628,RPL8,RPL8,P62917,0.634558022,0.083173348,1.006191373,soluble,IMR90_fibroblast,E628,False
IR SASP,629,RNF40,RNF40,O75150,0.622354567,0.101717756,1.264887929,soluble,IMR90_fibroblast,E629,False
IR SASP,630,KRT19,KRT19,P08727,0.61448133,0.122313398,1.744694471,soluble,IMR90_fibroblast,E630,False
IR SASP,631,QSOX1,QSOX1,O00391,0.611849904,0.003190214,1.595982075,soluble,IMR90_fibroblast,E631,False
IR SASP,632,RCN1,RCN1,Q15293,0.600737989,0.042756978,1.179635048,soluble,IMR90_fibroblast,E632,False
IR SASP,633,TSG101,TSG101,Q99816,0.592442691,0.072739612,0.80694133,soluble,IMR90_fibroblast,E633,False
IR SASP,634,S100A11,S100A11,P31949,0.561379313,0.047268706,1.750353813,soluble,IMR90_fibroblast,E634,False
IR SASP,635,SYNE2,SYNE2,Q8WXH0,0.554078937,0.100826086,1.109491348,soluble,IMR90_fibroblast,E635,False
IR SASP,636,ANK1,ANK1,P16157,0.544234276,0.118987209,1.461387634,soluble,IMR90_fibroblast,E636,False
IR SASP,637,SERPINA7,SERPINA7,P05543,0.543073237,0.115061567,2.114682198,soluble,IMR90_fibroblast,E637,False
IR SASP,638,DCTN2,DCTN2,Q13561,0.541986763,0.116439784,1.38120389,soluble,IMR90_fibroblast,E638,False
IR SASP,639,TAGLN,TAGLN,Q01995,0.515490174,0.025629579,1.494485855,soluble,IMR90_fibroblast,E639,False
IR SASP,640,AOX1,AOX1,Q06278,0.511582434,0.127421592,1.57773447,soluble,IMR90_fibroblast,E640,False
IR SASP,641,SH3BGRL,SH3BGRL,O75368,0.508062601,0.064863625,1.569549441,soluble,IMR90_fibroblast,E641,False
IR SASP,642,HNRNPD,HNRNPD,Q14103,0.507599235,0.047693937,0.830784857,soluble,IMR90_fibroblast,E642,False
IR SASP,643,MXRA8,MXRA8,Q9BRK3,0.503189504,0.094549175,0.927269161,soluble,IMR90_fibroblast,E643,False
IR SASP,644,C1S,C1S,P09871,0.495783448,0.015718666,1.750957966,soluble,IMR90_fibroblast,E644,False
IR SASP,645,GOLM1,GOLM1,Q8NBJ4,0.485989243,0.114748791,1.196545839,soluble,IMR90_fibroblast,E645,False
IR SASP,646,SERPING1,SERPING1,P05155,0.484805971,0.032644652,1.90079546,soluble,IMR90_fibroblast,E646,False
IR SASP,647,COL6A3,COL6A3,P12111,0.478861183,0.000249845,1.937122583,soluble,IMR90_fibroblast,E647,False
IR SASP,648,LAMB1,LAMB1,P07942,0.459678262,0.012614157,1.620984316,soluble,IMR90_fibroblast,E648,False
IR SASP,649,GPI,GPI,P06744,0.450547993,0.020316241,1.547925591,soluble,IMR90_fibroblast,E649,False
IR SASP,650,EEF1G,EEF1G,P26641,0.443958133,0.117232216,2.272322893,soluble,IMR90_fibroblast,E650,False
IR SASP,651,RARRES1,RARRES1,P49788,0.407958865,0.10129159,0.823191285,soluble,IMR90_fibroblast,E651,False
IR SASP,652,ACTN2,ACTN2,P35609,0.4056243,0.124247485,1.188477159,soluble,IMR90_fibroblast,E652,False
IR SASP,653,S100A6,S100A6,P06703,0.400998771,0.131246617,2.558482409,soluble,IMR90_fibroblast,E653,False
IR SASP,654,KRT20,KRT20,P35900,0.399447113,0.154938289,2.306642056,soluble,IMR90_fibroblast,E654,False
IR SASP,655,FBN1,FBN1,P35555,0.36107111,0.048805247,1.342007756,soluble,IMR90_fibroblast,E655,False
IR SASP,656,MAP2K6,MAP2K6,P52564,0.35330829,0.151328927,1.82468164,soluble,IMR90_fibroblast,E656,False
IR SASP,657,IGFBP6,IGFBP6,P24592,0.336414963,0.136327513,1.881903172,soluble,IMR90_fibroblast,E657,False
IR SASP,658,CAND1,CAND1,Q86VP6,0.330340058,0.116769514,0.84765023,soluble,IMR90_fibroblast,E658,False
IR SASP,659,DDAH2,DDAH2,O95865,0.31556645,0.117232216,1.285754085,soluble,IMR90_fibroblast,E659,False
IR SASP,660,ARHGEF18,ARHGEF18,Q6ZSZ5,0.313101321,0.167492152,2.822518826,soluble,IMR90_fibroblast,E660,False
IR SASP,661,FAR2,FAR2,Q96K12,0.285133272,0.121975789,0.801491737,soluble,IMR90_fibroblast,E661,False
IR SASP,662,NID1,NID1,P14543,0.28285259,0.058334422,1.729354501,soluble,IMR90_fibroblast,E662,False
IR SASP,663,UBE2R2,UBE2R2,Q712K3,0.271065056,0.151492281,1.412090898,soluble,IMR90_fibroblast,E663,False
IR SASP,664,VPS13D,VPS13D,Q5THJ4,0.238026321,0.140266281,0.940079451,soluble,IMR90_fibroblast,E664,False
IR SASP,665,LRP1,LRP1,Q07954,0.231645569,0.165307856,1.885959029,soluble,IMR90_fibroblast,E665,False
IR SASP,666,SERPINC1,SERPINC1,P01008,0.224311918,0.148213574,1.641101122,soluble,IMR90_fibroblast,E666,False
IR SASP,667,AFM,AFM,P43652,0.21638374,0.143829371,0.938092053,soluble,IMR90_fibroblast,E667,False
IR SASP,668,DLG1;DLG2,,Q12959;Q15700,0.200385317,0.082447803,0.313057989,soluble,IMR90_fibroblast,E668,False
IR SASP,669,UBB;UBC;RPS27A;UBA52,,P0CG47;P0CG48;P62979;P62987,0.189623579,0.16710752,1.669617295,soluble,IMR90_fibroblast,E669,False
IR SASP,670,FSCN1,FSCN1,Q16658,0.183224767,0.067852387,0.232372925,soluble,IMR90_fibroblast,E670,False
IR SASP,671,PTPRK,PTPRK,Q15262,0.155680835,0.154938289,0.905997038,soluble,IMR90_fibroblast,E671,False
IR SASP,672,C1R,C1R,P00736,0.145570889,0.114745393,1.893604994,soluble,IMR90_fibroblast,E672,False
IR SASP,673,CLU,CLU,P10909,0.144575372,0.140266281,2.079349279,soluble,IMR90_fibroblast,E673,False
IR SASP,674,CTSC,CTSC,P53634,0.128096372,0.178048804,2.153389931,soluble,IMR90_fibroblast,E674,False
IR SASP,675,CCDC58,CCDC58,Q4VC31,0.122357033,0.140266281,0.487269819,soluble,IMR90_fibroblast,E675,False
IR SASP,676,UTS2,UTS2,O95399,0.116095282,0.178776485,2.097582579,soluble,IMR90_fibroblast,E676,False
IR SASP,677,NEFL,NEFL,P07196,0.109936945,0.177686701,1.743069887,soluble,IMR90_fibroblast,E677,False
IR SASP,678,B2M,B2M,P61769,0.103690423,0.165307856,1.291133285,soluble,IMR90_fibroblast,E678,False
IR SASP,679,VWF,VWF,P04275,0.101761945,0.169801682,2.275010109,soluble,IMR90_fibroblast,E679,False
IR SASP,680,LAMC1,LAMC1,P11047,0.097287655,0.138399305,1.945452809,soluble,IMR90_fibroblast,E680,False
IR SASP,681,GLOD4,GLOD4,Q9HC38,0.074241631,0.177936642,1.217396021,soluble,IMR90_fibroblast,E681,False
IR SASP,682,GNAI3,GNAI3,P08754,0.054965794,0.183254593,1.754936337,soluble,IMR90_fibroblast,E682,False
IR SASP,683,ARHGEF16,ARHGEF16,Q5VV41,0.051735755,0.181332454,1.192910314,soluble,IMR90_fibroblast,E683,False
IR SASP,684,HDGF,HDGF,P51858,0.034017336,0.182817652,1.436272144,soluble,IMR90_fibroblast,E684,False
IR SASP,685,TXN,TXN,P10599,0.031076128,0.183254593,1.900915623,soluble,IMR90_fibroblast,E685,False
IR SASP,686,SERPINB6,SERPINB6,P35237,0.012797481,0.184424046,1.133644581,soluble,IMR90_fibroblast,E686,False
IR SASP,687,AOC1,AOC1,P19801,0.005294508,0.188732608,1.00905323,soluble,IMR90_fibroblast,E687,False
IR SASP,688,PRDX3,PRDX3,P30048,-0.003097589,0.188732608,1.376314998,soluble,IMR90_fibroblast,E688,False
IR SASP,689,PDLIM7,PDLIM7,Q9NR12,-0.018729748,0.182903514,0.54185164,soluble,IMR90_fibroblast,E689,False
IR SASP,690,FBLN5,FBLN5,Q9UBX5,-0.071932569,0.172284882,2.250568867,soluble,IMR90_fibroblast,E690,False
IR SASP,691,ELAC2,ELAC2,Q9BQ52,-0.129743919,0.133054924,0.441836983,soluble,IMR90_fibroblast,E691,False
IR SASP,692,ELMOD2,ELMOD2,Q8IZ81,-0.132372677,0.141752025,0.544566333,soluble,IMR90_fibroblast,E692,False
IR SASP,693,TMSB10,TMSB10,P63313,-0.145306006,0.168490134,3.044998646,soluble,IMR90_fibroblast,E693,False
IR SASP,694,PTMS,PTMS,P20962,-0.150771886,0.113416312,0.362215459,soluble,IMR90_fibroblast,E694,False
IR SASP,695,SUMO3;SUMO2;SUMO4,,P55854;P61956;Q6EEV6,-0.155253649,0.162572659,1.139749527,soluble,IMR90_fibroblast,E695,False
IR SASP,696,LTBP4,LTBP4,Q8N2S1,-0.169823766,0.151328927,1.672017574,soluble,IMR90_fibroblast,E696,False
IR SASP,697,COL5A1,COL5A1,P20908,-0.181454897,0.138399305,1.916791081,soluble,IMR90_fibroblast,E697,False
IR SASP,698,LAMA4,LAMA4,Q16363,-0.18647556,0.117232216,1.697824001,soluble,IMR90_fibroblast,E698,False
IR SASP,699,TMSB4X,TMSB4X,P62328,-0.199120969,0.154938289,2.566536427,soluble,IMR90_fibroblast,E699,False
IR SASP,700,CD248,CD248,Q9HCU0,-0.213878885,0.142529859,0.900083601,soluble,IMR90_fibroblast,E700,False
IR SASP,701,FSTL1,FSTL1,Q12841,-0.286116362,0.103322673,1.877215981,soluble,IMR90_fibroblast,E701,False
IR SASP,702,ALDH7A1,ALDH7A1,P49419,-0.296990722,0.154938289,1.719662428,soluble,IMR90_fibroblast,E702,False
IR SASP,703,TSR1,TSR1,Q2NL82,-0.29837662,0.045486452,0.254823416,soluble,IMR90_fibroblast,E703,False
IR SASP,704,NR2C2AP,NR2C2AP,Q86WQ0,-0.300560862,0.131403362,0.993145287,soluble,IMR90_fibroblast,E704,False
IR SASP,705,C4A,C4A,P0C0L4,-0.300922394,0.073547205,1.932965398,soluble,IMR90_fibroblast,E705,False
IR SASP,706,COL4A3,COL4A3,Q01955,-0.301107138,0.141873239,1.246305943,soluble,IMR90_fibroblast,E706,False
IR SASP,707,CRYL1,CRYL1,Q9Y2S2,-0.31926614,0.072872346,0.729126811,soluble,IMR90_fibroblast,E707,False
IR SASP,708,PTGDS,PTGDS,P41222,-0.332481951,0.067852387,1.070869684,soluble,IMR90_fibroblast,E708,False
IR SASP,709,SERPINF1,SERPINF1,P36955,-0.354428768,0.070232938,1.587557673,soluble,IMR90_fibroblast,E709,False
IR SASP,710,FKBP9,FKBP9,O95302,-0.363891333,0.153640763,2.006227732,soluble,IMR90_fibroblast,E710,False
IR SASP,711,FBLN1,FBLN1,P23142,-0.368406653,0.054372102,2.225322962,soluble,IMR90_fibroblast,E711,False
IR SASP,712,ITGA2B,ITGA2B,P08514,-0.384548694,0.135642032,1.372296214,soluble,IMR90_fibroblast,E712,False
IR SASP,713,RPL13A,RPL13A,P40429,-0.428130567,0.140266281,1.705965996,soluble,IMR90_fibroblast,E713,False
IR SASP,714,KRT13,KRT13,P13646,-0.433275968,0.161741414,3.076942921,soluble,IMR90_fibroblast,E714,False
IR SASP,715,LTF,LTF,P02788,-0.597581029,0.022563792,0.637772858,soluble,IMR90_fibroblast,E715,False
IR SASP,716,LUM,LUM,P51884,-0.695803344,0.002723322,1.903573394,soluble,IMR90_fibroblast,E716,False
IR SASP,717,SLK,SLK,Q9H2G2,-0.699209034,0.041493934,1.032933474,soluble,IMR90_fibroblast,E717,False
IR SASP,718,MYH10,MYH10,P35580,-0.737992942,0.057073529,1.754608512,soluble,IMR90_fibroblast,E718,False
IR SASP,719,PLBD2,PLBD2,Q8NHP8,-0.757491171,0.08181257,1.923140883,soluble,IMR90_fibroblast,E719,False
IR SASP,720,SDF4,SDF4,Q9BRK5,-0.841531515,0.069107116,1.088419914,soluble,IMR90_fibroblast,E720,False
IR SASP,721,CDA,CDA,P32320,-0.924861372,0.04833788,0.843791902,soluble,IMR90_fibroblast,E721,False
IR SASP,722,DDX58,DDX58,O95786,-0.958832681,0.117586173,2.511955976,soluble,IMR90_fibroblast,E722,False
IR SASP,723,A1BG,A1BG,P04217,-0.963678122,0.047094402,0.855535984,soluble,IMR90_fibroblast,E723,False
IR SASP,724,COL5A2,COL5A2,P05997,-1.039123893,0.008369669,1.215474129,soluble,IMR90_fibroblast,E724,False
IR SASP,725,SLC25A15,SLC25A15,Q9Y619,-1.046524525,0.095932822,1.965056539,soluble,IMR90_fibroblast,E725,False
IR SASP,726,PSMA4,PSMA4,P25789,-1.086371541,0.058741057,1.175079823,soluble,IMR90_fibroblast,E726,False
IR SASP,727,LCP1,LCP1,P13796,-1.129482746,0.117982704,4.6690588,soluble,IMR90_fibroblast,E727,False
IR SASP,728,STMN2,STMN2,Q93045,-1.129874825,0.065269977,1.369321465,soluble,IMR90_fibroblast,E728,False
IR SASP,729,DCN,DCN,P07585,-1.144409418,0.000660599,2.18073082,soluble,IMR90_fibroblast,E729,False
IR SASP,730,SPARC,SPARC,P09486,-1.172813773,0.000106079,1.694085121,soluble,IMR90_fibroblast,E730,False
IR SASP,731,MDN1,MDN1,Q9NU22,-1.177101254,0.051172847,1.126704097,soluble,IMR90_fibroblast,E731,False
IR SASP,732,COL1A2,COL1A2,P08123,-1.305698037,1.18e-08,2.078267336,soluble,IMR90_fibroblast,E732,False
IR SASP,733,HN1,HN1,Q9UK76,-1.306951642,0.045883162,1.130126357,soluble,IMR90_fibroblast,E733,False
IR SASP,734,PCOLCE,PCOLCE,Q15113,-1.399801254,0.054392299,1.420754671,soluble,IMR90_fibroblast,E734,False
IR SASP,735,DNMT1,DNMT1,P26358,-1.44086957,0.088891303,2.473051786,soluble,IMR90_fibroblast,E735,False
IR SASP,736,KIAA0930,KIAA0930,Q6ICG6,-1.46094954,0.042191304,1.163865209,soluble,IMR90_fibroblast,E736,False
IR SASP,737,API5,API5,Q9BZZ5,-1.489508629,0.026650722,0.83083117,soluble,IMR90_fibroblast,E737,False
IR SASP,738,ZNF750,ZNF750,Q32MQ0,-1.493252397,0.025265525,0.796073675,soluble,IMR90_fibroblast,E738,False
IR SASP,739,PRKAR1A,PRKAR1A,P10644,-1.535154939,0.028845132,0.913575232,soluble,IMR90_fibroblast,E739,False
IR SASP,740,LAMP2,LAMP2,P13473,-1.539464355,0.021647539,0.712976635,soluble,IMR90_fibroblast,E740,False
IR SASP,741,RPL23,RPL23,P62829,-1.5787009,0.046613293,1.389254332,soluble,IMR90_fibroblast,E741,False
IR SASP,742,MFAP4,MFAP4,P55083,-1.591500759,0.010905357,2.609306574,soluble,IMR90_fibroblast,E742,False
IR SASP,743,CANX,CANX,P27824,-1.602389216,0.038022626,1.179095268,soluble,IMR90_fibroblast,E743,False
IR SASP,744,MRPL53,MRPL53,Q96EL3,-1.6454041,0.031589165,1.057474732,soluble,IMR90_fibroblast,E744,False
IR SASP,745,AHSG,AHSG,P02765,-1.785156369,0.016582464,2.668510437,soluble,IMR90_fibroblast,E745,False
IR SASP,746,CTTNBP2NL,CTTNBP2NL,Q9P2B4,-1.812644482,0.012207312,0.487020612,soluble,IMR90_fibroblast,E746,False
IR SASP,747,43710,43710,Q15019,-1.905767798,0.023362326,0.949106693,soluble,IMR90_fibroblast,E747,False
IR SASP,748,C5,C5,P01031,-1.922806501,0.060781468,3.742758512,soluble,IMR90_fibroblast,E748,False
IR SASP,749,DYNC1H1,DYNC1H1,Q14204,-1.96538806,0.003336874,0.208344042,soluble,IMR90_fibroblast,E749,False
IR SASP,750,COL3A1,COL3A1,P02461,-1.987765789,2.63e-11,1.33036387,soluble,IMR90_fibroblast,E750,False
IR SASP,751,TANC1,TANC1,Q9C0D5,-1.99286902,0.011750627,0.515994847,soluble,IMR90_fibroblast,E751,False
IR SASP,752,ATAD3C;ATAD3B;ATAD3A,,Q5T2N8;Q5T9A4;Q9NVI7,-2.079638243,0.06335505,2.438122034,soluble,IMR90_fibroblast,E752,False
IR SASP,753,EIF3B,EIF3B,P55884,-2.131544352,0.019032919,0.87348789,soluble,IMR90_fibroblast,E753,False
IR SASP,754,C14orf166,C14orf166,Q9Y224,-2.338197231,0.012447186,0.635790884,soluble,IMR90_fibroblast,E754,False
IR SASP,755,KLF4,KLF4,O43474,-2.343201637,0.027508053,1.346952438,soluble,IMR90_fibroblast,E755,False
IR SASP,756,COL1A1,COL1A1,P02452,-2.505816698,1.48e-20,1.897583365,soluble,IMR90_fibroblast,E756,False
IR SASP,757,S100A7;S100A7A,,P31151;Q86SG5,-2.550849676,0.019933332,1.085240722,soluble,IMR90_fibroblast,E757,False
IR SASP,758,THUMPD1,THUMPD1,Q9NXG2,-2.572299004,0.000636784,0.092779271,soluble,IMR90_fibroblast,E758,False
IR SASP,759,PRSS2;PRSS3;PRSS3P2,,P07478;P35030;Q8NHM4,-2.921730042,0.016650021,1.064466476,soluble,IMR90_fibroblast,E759,False
IR SASP,760,SOD3,SOD3,P08294,-2.957722425,0.014085399,0.903681517,soluble,IMR90_fibroblast,E760,False
IR SASP,761,KIAA1671,KIAA1671,Q9BY89,-3.0855546,0.001610891,1.171031237,soluble,IMR90_fibroblast,E761,False
IR SASP,762,TYMS,TYMS,P04818,-3.264908552,0.027761342,1.891203523,soluble,IMR90_fibroblast,E762,False
IR SASP,763,GTF2F2,GTF2F2,P13984,-3.338958979,0.021605504,1.541411638,soluble,IMR90_fibroblast,E763,False
IR SASP,764,IFI35,IFI35,P80217,-3.44132638,0.014253836,1.065264344,soluble,IMR90_fibroblast,E764,False
RAS SASP,4,CXCL8,CXCL8,P10145,10.85072708,2.12e-09,2.295479774,soluble,IMR90_fibroblast,E4,False
RAS SASP,5,PPFIBP1,PPFIBP1,Q86W92,10.47042791,9.61e-06,2.079943895,soluble,IMR90_fibroblast,E5,False
RAS SASP,6,CXCL1;CXCL2;CXCL3,,P09341;P19875;P19876,9.232366714,3.35e-09,2.120206594,soluble,IMR90_fibroblast,E6,False
RAS SASP,7,NUP155,NUP155,O75694,8.125667164,9e-06,1.810362577,soluble,IMR90_fibroblast,E7,False
RAS SASP,8,MMP1,MMP1,P03956,7.847103048,3.52e-09,3.606643438,soluble,IMR90_fibroblast,E8,False
RAS SASP,9,STC1,STC1,P52823,7.533714267,1.58e-18,0.802832723,soluble,IMR90_fibroblast,E9,False
RAS SASP,10,MAP2,MAP2,P11137,7.327075365,0.000496076,3.352711678,soluble,IMR90_fibroblast,E10,False
RAS SASP,11,CXCL5,CXCL5,P42830,6.912339224,4.42e-07,0.768839359,soluble,IMR90_fibroblast,E11,False
RAS SASP,12,SEMA7A,SEMA7A,O75326,6.745969303,6.52e-07,0.818836629,soluble,IMR90_fibroblast,E12,False
RAS SASP,13,MMP9,MMP9,P14780,6.574951271,1.32e-18,1.325743318,soluble,IMR90_fibroblast,E13,False
RAS SASP,14,GRPEL1,GRPEL1,Q9HAV7,6.328255488,2.13e-05,1.72292161,soluble,IMR90_fibroblast,E14,False
RAS SASP,15,MMP14,MMP14,P50281,6.174432237,6.83e-07,2.136972189,soluble,IMR90_fibroblast,E15,False
RAS SASP,16,HADHA,HADHA,P40939,6.030604904,0.000245537,2.682240486,soluble,IMR90_fibroblast,E16,False
RAS SASP,17,CYFIP2,CYFIP2,Q96F07,5.634415286,4.11e-05,1.969906211,soluble,IMR90_fibroblast,E17,False
RAS SASP,18,PVR,PVR,P15151,5.498195311,0.000134345,2.139114141,soluble,IMR90_fibroblast,E18,False
RAS SASP,19,S100A6,S100A6,P06703,5.219638004,0.000416432,3.368648052,soluble,IMR90_fibroblast,E19,False
RAS SASP,20,RPS18,RPS18,P62269,5.164920915,5.11e-05,1.669433117,soluble,IMR90_fibroblast,E20,False
RAS SASP,21,PSMD2,PSMD2,Q13200,5.152368068,1.47e-06,2.064328909,soluble,IMR90_fibroblast,E21,False
RAS SASP,22,MMP3,MMP3,P08254,5.090472165,0.000112518,1.653816819,soluble,IMR90_fibroblast,E22,False
RAS SASP,23,GDF15,GDF15,Q99988,5.065953238,4.09e-10,2.212417126,soluble,IMR90_fibroblast,E23,False
RAS SASP,24,LRRC47,LRRC47,Q8N1G4,5.039378515,2.88e-12,1.471574903,soluble,IMR90_fibroblast,E24,False
RAS SASP,25,SERPINB2,SERPINB2,P05120,4.998039176,7.38e-23,2.493515015,soluble,IMR90_fibroblast,E25,False
RAS SASP,26,PA2G4,PA2G4,Q9UQ80,4.883687953,8.57e-09,1.973212719,soluble,IMR90_fibroblast,E26,False
RAS SASP,27,CST4;CST1,,P01036;P01037,4.802274907,3.26e-05,1.497326493,soluble,IMR90_fibroblast,E27,False
RAS SASP,28,VGF,VGF,O15240,4.762603239,2.68e-05,1.282900929,soluble,IMR90_fibroblast,E28,False
RAS SASP,29,FRYL,FRYL,O94915,4.746276532,7.91e-07,1.544065118,soluble,IMR90_fibroblast,E29,False
RAS SASP,30,RAB5C,RAB5C,P51148,4.733288559,6.28e-06,0.987668395,soluble,IMR90_fibroblast,E30,False
RAS SASP,31,RPL36,RPL36,Q9Y3U8,4.710293865,3.48e-13,1.13871932,soluble,IMR90_fibroblast,E31,False
RAS SASP,32,LAMB2,LAMB2,P55268,4.691683734,1.29e-10,1.718046188,soluble,IMR90_fibroblast,E32,False
RAS SASP,33,HRAS,HRAS,P01112,4.651367352,7.2e-22,1.799304605,soluble,IMR90_fibroblast,E33,False
RAS SASP,34,EIF3C,EIF3C,Q99613,4.651070643,1.35e-11,2.266250372,soluble,IMR90_fibroblast,E34,False
RAS SASP,35,TFRC,TFRC,P02786,4.644592666,0.000137905,2.007202864,soluble,IMR90_fibroblast,E35,False
RAS SASP,36,QPCT,QPCT,Q16769,4.525976225,1.26e-07,1.864804149,soluble,IMR90_fibroblast,E36,False
RAS SASP,37,GLRX,GLRX,P35754,4.443709385,4.11e-08,1.404877663,soluble,IMR90_fibroblast,E37,False
RAS SASP,38,EPRS,EPRS,P07814,4.43648316,2.77e-11,1.298479795,soluble,IMR90_fibroblast,E38,False
RAS SASP,39,MAP3K9,MAP3K9,P80192,4.427520536,0.001032365,3.201083899,soluble,IMR90_fibroblast,E39,False
RAS SASP,40,RTCB,RTCB,Q9Y3I0,4.411399687,1.67e-05,1.137080193,soluble,IMR90_fibroblast,E40,False
RAS SASP,41,PLAUR,PLAUR,Q03405,4.368530917,1.47e-11,2.220267296,soluble,IMR90_fibroblast,E41,False
RAS SASP,42,ANXA3,ANXA3,P12429,4.355387714,1.46e-05,1.114484072,soluble,IMR90_fibroblast,E42,False
RAS SASP,43,ICAM5,ICAM5,Q9UMF0,4.300525328,0.000232029,2.13645339,soluble,IMR90_fibroblast,E43,False
RAS SASP,44,PDCD6IP,PDCD6IP,Q8WUM4,4.291301348,1.08e-16,1.858222842,soluble,IMR90_fibroblast,E44,False
RAS SASP,45,EFNB1,EFNB1,P98172,4.285511259,5.64e-05,1.432947278,soluble,IMR90_fibroblast,E45,False
RAS SASP,46,MVD,MVD,P53602,4.250744951,5.89e-05,1.497005582,soluble,IMR90_fibroblast,E46,False
RAS SASP,47,CAPZB,CAPZB,P47756,4.235763968,1.04e-17,1.478298664,soluble,IMR90_fibroblast,E47,False
RAS SASP,48,PARVA,PARVA,Q9NVD7,4.214518994,3e-06,1.622189403,soluble,IMR90_fibroblast,E48,False
RAS SASP,49,ITGB3,ITGB3,P05106,4.202677313,0.000394516,2.812040329,soluble,IMR90_fibroblast,E49,False
RAS SASP,50,CSPG4,CSPG4,Q6UVK1,4.158514009,3.34e-40,2.151519775,soluble,IMR90_fibroblast,E50,False
RAS SASP,51,ATP2B4,ATP2B4,P23634,4.14144678,1.19e-05,0.937811792,soluble,IMR90_fibroblast,E51,False
RAS SASP,52,SHCBP1,SHCBP1,Q8NEM2,4.095918514,9.75e-06,0.904907107,soluble,IMR90_fibroblast,E52,False
RAS SASP,53,RAB11A;RAB11B,,P62491;Q15907,4.072533635,0.000154232,1.715419888,soluble,IMR90_fibroblast,E53,False
RAS SASP,54,PRDX4,PRDX4,Q13162,4.038078134,1.61e-10,1.581498504,soluble,IMR90_fibroblast,E54,False
RAS SASP,55,NRP1,NRP1,O14786,4.029090114,3.31e-09,1.487957001,soluble,IMR90_fibroblast,E55,False
RAS SASP,56,AHCY,AHCY,P23526,4.013109332,3.28e-11,1.858576417,soluble,IMR90_fibroblast,E56,False
RAS SASP,57,TNPO1,TNPO1,Q92973,4.004888352,0.000853781,2.313141346,soluble,IMR90_fibroblast,E57,False
RAS SASP,58,ICAM1,ICAM1,P05362,4.003893571,4.19e-22,2.255835533,soluble,IMR90_fibroblast,E58,False
RAS SASP,59,STIP1,STIP1,P31948,3.99133016,2.94e-06,2.824733734,soluble,IMR90_fibroblast,E59,False
RAS SASP,60,PKM,PKM,P14618,3.981284339,1.87e-135,1.911678314,soluble,IMR90_fibroblast,E60,False
RAS SASP,61,SLC39A14,SLC39A14,Q15043,3.972166739,1.94e-05,1.009841681,soluble,IMR90_fibroblast,E61,False
RAS SASP,62,RHOA,RHOA,P61586,3.970761557,2.38e-11,2.444698572,soluble,IMR90_fibroblast,E62,False
RAS SASP,63,DYNC1I2,DYNC1I2,Q13409,3.952204653,7.75e-06,0.773121893,soluble,IMR90_fibroblast,E63,False
RAS SASP,64,IDH1,IDH1,O75874,3.951499333,3.36e-08,1.282322049,soluble,IMR90_fibroblast,E64,False
RAS SASP,65,RPS19,RPS19,P39019,3.937542272,1.99e-08,1.934700251,soluble,IMR90_fibroblast,E65,False
RAS SASP,66,HSPA5,HSPA5,P11021,3.932062031,5.69e-65,2.116382599,soluble,IMR90_fibroblast,E66,False
RAS SASP,67,GSTO1,GSTO1,P78417,3.923649577,4.76e-12,3.017729759,soluble,IMR90_fibroblast,E67,False
RAS SASP,68,PIN1,PIN1,Q13526,3.917401632,2.9e-05,1.103272319,soluble,IMR90_fibroblast,E68,False
RAS SASP,69,PAICS,PAICS,P22234,3.907945619,7.51e-14,1.266420126,soluble,IMR90_fibroblast,E69,False
RAS SASP,70,CTSB,CTSB,P07858,3.900993404,1.06e-41,1.242913365,soluble,IMR90_fibroblast,E70,False
RAS SASP,71,FASN,FASN,P49327,3.900687438,6.55e-30,1.367583871,soluble,IMR90_fibroblast,E71,False
RAS SASP,72,RAC1,RAC1,P63000,3.893290529,7.85e-13,1.506985545,soluble,IMR90_fibroblast,E72,False
RAS SASP,73,GAPDH,GAPDH,P04406,3.829020369,3.18e-96,2.138659477,soluble,IMR90_fibroblast,E73,False
RAS SASP,74,CCT7,CCT7,Q99832,3.821942153,4.3e-17,1.877966285,soluble,IMR90_fibroblast,E74,False
RAS SASP,75,PFDN1,PFDN1,O60925,3.807319936,1.12e-05,0.81645745,soluble,IMR90_fibroblast,E75,False
RAS SASP,76,FDPS,FDPS,P14324,3.806198596,2.34e-08,1.062566638,soluble,IMR90_fibroblast,E76,False
RAS SASP,77,PSAP,PSAP,P07602,3.804337505,9.84e-15,1.635922074,soluble,IMR90_fibroblast,E77,False
RAS SASP,78,DNAJC8,DNAJC8,O75937,3.802720307,0.000242085,1.759450197,soluble,IMR90_fibroblast,E78,False
RAS SASP,79,YBX1,YBX1,P67809,3.798335377,2.4e-06,1.947938442,soluble,IMR90_fibroblast,E79,False
RAS SASP,80,NUDT5,NUDT5,Q9UKK9,3.783324206,1.25e-09,2.305361748,soluble,IMR90_fibroblast,E80,False
RAS SASP,81,PAFAH1B3,PAFAH1B3,Q15102,3.776110088,1.08e-07,1.408120036,soluble,IMR90_fibroblast,E81,False
RAS SASP,82,HINT1,HINT1,P49773,3.774883397,7.77e-14,1.874012947,soluble,IMR90_fibroblast,E82,False
RAS SASP,83,ILK,ILK,Q13418,3.75043127,3.17e-07,1.465558529,soluble,IMR90_fibroblast,E83,False
RAS SASP,84,TXNDC17,TXNDC17,Q9BRA2,3.742103428,5.92e-09,2.276434183,soluble,IMR90_fibroblast,E84,False
RAS SASP,85,PHGDH,PHGDH,O43175,3.741105522,5.64e-15,2.002736092,soluble,IMR90_fibroblast,E85,False
RAS SASP,86,APOC3,APOC3,P02656,3.728642214,1.23e-11,1.208638549,soluble,IMR90_fibroblast,E86,False
RAS SASP,87,ARPC3,ARPC3,O15145,3.715320823,9.08e-05,2.309146643,soluble,IMR90_fibroblast,E87,False
RAS SASP,88,EIF3F,EIF3F,O00303,3.713119183,3.86e-05,2.390628099,soluble,IMR90_fibroblast,E88,False
RAS SASP,89,VAT1,VAT1,Q99536,3.701184481,4.07e-08,2.338783026,soluble,IMR90_fibroblast,E89,False
RAS SASP,90,CCT8,CCT8,P50990,3.697676023,2.08e-17,2.187889338,soluble,IMR90_fibroblast,E90,False
RAS SASP,91,ACOT7,ACOT7,O00154,3.695704295,1.25e-13,2.188412428,soluble,IMR90_fibroblast,E91,False
RAS SASP,92,RPL12,RPL12,P30050,3.685216942,5.8e-15,2.057912588,soluble,IMR90_fibroblast,E92,False
RAS SASP,93,RAB1A,RAB1A,P62820,3.679972494,1.5e-06,1.941612124,soluble,IMR90_fibroblast,E93,False
RAS SASP,94,CTSL,CTSL,P07711,3.670738855,2.82e-09,0.896074951,soluble,IMR90_fibroblast,E94,False
RAS SASP,95,KRT5,KRT5,P13647,3.669883424,9.08e-05,2.284027576,soluble,IMR90_fibroblast,E95,False
RAS SASP,96,HK2,HK2,P52789,3.668475366,0.000889803,2.738127232,soluble,IMR90_fibroblast,E96,False
RAS SASP,97,ILF3,ILF3,Q12906,3.664907121,6.34e-06,1.840671062,soluble,IMR90_fibroblast,E97,False
RAS SASP,98,SF3B1,SF3B1,O75533,3.653666944,0.000273465,2.07581377,soluble,IMR90_fibroblast,E98,False
RAS SASP,99,SIL1,SIL1,Q9H173,3.643179684,9.02e-05,1.298508525,soluble,IMR90_fibroblast,E99,False
RAS SASP,100,LAP3,LAP3,P28838,3.624847731,6.37e-12,1.653669477,soluble,IMR90_fibroblast,E100,False
RAS SASP,101,BGN,BGN,P21810,3.620161913,3.99e-27,1.516636491,soluble,IMR90_fibroblast,E101,False
RAS SASP,102,SEC22B,SEC22B,O75396,3.614168924,2.44e-05,2.170781136,soluble,IMR90_fibroblast,E102,False
RAS SASP,103,DYNLRB2;DYNLRB1,,Q8TF09;Q9NP97,3.608855969,6.28e-10,0.754671395,soluble,IMR90_fibroblast,E103,False
RAS SASP,104,PRKAR2A,PRKAR2A,P13861,3.604133013,1.59e-07,2.047959805,soluble,IMR90_fibroblast,E104,False
RAS SASP,105,ATOX1,ATOX1,O00244,3.603492838,7.71e-05,2.626852989,soluble,IMR90_fibroblast,E105,False
RAS SASP,106,PDLIM4,PDLIM4,P50479,3.595252945,2.05e-13,1.866749167,soluble,IMR90_fibroblast,E106,False
RAS SASP,107,LAMC2,LAMC2,Q13753,3.59372796,4.4e-06,0.641113281,soluble,IMR90_fibroblast,E107,False
RAS SASP,108,NDRG1,NDRG1,Q92597,3.590871569,1.79e-18,1.9319942,soluble,IMR90_fibroblast,E108,False
RAS SASP,109,KANK2,KANK2,Q63ZY3,3.583157639,0.003549396,2.186556816,soluble,IMR90_fibroblast,E109,False
RAS SASP,110,HLA-B,HLA-B,Q04826,3.57679693,2.82e-18,1.471068144,soluble,IMR90_fibroblast,E110,False
RAS SASP,111,TPBG,TPBG,Q13641,3.566901394,8.1e-09,1.853288174,soluble,IMR90_fibroblast,E111,False
RAS SASP,112,MVP,MVP,Q14764,3.538172269,7.28e-53,1.989518285,soluble,IMR90_fibroblast,E112,False
RAS SASP,113,COLGALT1,COLGALT1,Q8NBJ5,3.53294294,7.12e-11,1.508392572,soluble,IMR90_fibroblast,E113,False
RAS SASP,114,ENO1,ENO1,P06733,3.500616126,3.39e-79,2.382391453,soluble,IMR90_fibroblast,E114,False
RAS SASP,115,KHSRP,KHSRP,Q92945,3.495378886,0.000248746,3.013717175,soluble,IMR90_fibroblast,E115,False
RAS SASP,116,PSMD6,PSMD6,Q15008,3.49279001,6.83e-08,1.200657129,soluble,IMR90_fibroblast,E116,False
RAS SASP,117,GANAB,GANAB,Q14697,3.488951339,5.45e-20,2.502199411,soluble,IMR90_fibroblast,E117,False
RAS SASP,118,HLA-A,HLA-A,P01892,3.486772166,1.06e-25,1.878044248,soluble,IMR90_fibroblast,E118,False
RAS SASP,119,LMAN1,LMAN1,P49257,3.465440401,2.58e-11,1.323065639,soluble,IMR90_fibroblast,E119,False
RAS SASP,120,PGAM1,PGAM1,P18669,3.464755148,2.63e-40,2.032655478,soluble,IMR90_fibroblast,E120,False
RAS SASP,121,BCAT1,BCAT1,P54687,3.462214634,0.000870448,2.185325861,soluble,IMR90_fibroblast,E121,False
RAS SASP,122,SND1,SND1,Q7KZF4,3.456698652,4.55e-19,2.017014027,soluble,IMR90_fibroblast,E122,False
RAS SASP,123,ALDOA,ALDOA,P04075,3.453375014,2.1e-68,1.751324177,soluble,IMR90_fibroblast,E123,False
RAS SASP,124,NT5E,NT5E,P21589,3.444776267,5.88e-26,1.823750854,soluble,IMR90_fibroblast,E124,False
RAS SASP,125,CAPZA1,CAPZA1,P52907,3.443268143,7.14e-18,1.456652999,soluble,IMR90_fibroblast,E125,False
RAS SASP,126,FAM129B,FAM129B,Q96TA1,3.442009718,8.81e-17,1.780590415,soluble,IMR90_fibroblast,E126,False
RAS SASP,127,ETHE1,ETHE1,O95571,3.44123605,0.00016667,1.467785835,soluble,IMR90_fibroblast,E127,False
RAS SASP,128,RPS14,RPS14,P62263,3.433835113,1.76e-16,1.325794578,soluble,IMR90_fibroblast,E128,False
RAS SASP,129,HSPA9,HSPA9,P38646,3.430731243,7.38e-23,1.706808925,soluble,IMR90_fibroblast,E129,False
RAS SASP,130,PRDX2,PRDX2,P32119,3.43067745,7.56e-19,1.935396552,soluble,IMR90_fibroblast,E130,False
RAS SASP,131,ERO1L,ERO1L,Q96HE7,3.420047368,1.67e-07,1.320294142,soluble,IMR90_fibroblast,E131,False
RAS SASP,132,HSP90AA1,HSP90AA1,P07900,3.418143288,3.67e-36,1.959495187,soluble,IMR90_fibroblast,E132,False
RAS SASP,133,LAMB1,LAMB1,P07942,3.403082799,1.89e-53,1.577164412,soluble,IMR90_fibroblast,E133,False
RAS SASP,134,TIMP1,TIMP1,P01033,3.400633892,3.98e-18,2.073727846,soluble,IMR90_fibroblast,E134,False
RAS SASP,135,FN1,FN1,P02751,3.399021794,5.59e-121,1.80203414,soluble,IMR90_fibroblast,E135,False
RAS SASP,136,UGP2,UGP2,Q16851,3.397889241,9.28e-06,2.056777,soluble,IMR90_fibroblast,E136,False
RAS SASP,137,TXNL1,TXNL1,O43396,3.393904476,7.59e-07,1.576555729,soluble,IMR90_fibroblast,E137,False
RAS SASP,138,KRT9,KRT9,P35527,3.390296141,1.26e-21,2.248063803,soluble,IMR90_fibroblast,E138,False
RAS SASP,139,APEH,APEH,P13798,3.388346271,1.49e-14,1.00041604,soluble,IMR90_fibroblast,E139,False
RAS SASP,140,CCT3,CCT3,P49368,3.383824112,6.9e-30,1.44690156,soluble,IMR90_fibroblast,E140,False
RAS SASP,141,HMGA1,HMGA1,P17096,3.381432241,1.03e-12,1.171669602,soluble,IMR90_fibroblast,E141,False
RAS SASP,142,CLIC1,CLIC1,O00299,3.374101529,2.71e-35,1.915738821,soluble,IMR90_fibroblast,E142,False
RAS SASP,143,CLTA,CLTA,P09496,3.362962961,1.55e-07,2.07878089,soluble,IMR90_fibroblast,E143,False
RAS SASP,144,CST3,CST3,P01034,3.351007595,4.39e-16,1.706208825,soluble,IMR90_fibroblast,E144,False
RAS SASP,145,PYGB,PYGB,P11216,3.350256936,1.41e-14,1.911928296,soluble,IMR90_fibroblast,E145,False
RAS SASP,146,PLIN3,PLIN3,O60664,3.340405273,5.72e-16,1.87786293,soluble,IMR90_fibroblast,E146,False
RAS SASP,147,NME1,NME1,P15531,3.336468386,2.58e-05,0.913599789,soluble,IMR90_fibroblast,E147,False
RAS SASP,148,CCT5,CCT5,P48643,3.323004737,1.21e-25,1.706558943,soluble,IMR90_fibroblast,E148,False
RAS SASP,149,PLOD3,PLOD3,O60568,3.321817924,1.54e-33,1.802062869,soluble,IMR90_fibroblast,E149,False
RAS SASP,150,COPS8,COPS8,Q99627,3.319551272,4.83e-05,1.850141048,soluble,IMR90_fibroblast,E150,False
RAS SASP,151,ACTC1,ACTC1,P68032,3.312858415,9.51e-58,3.182205677,soluble,IMR90_fibroblast,E151,False
RAS SASP,152,CDH13,CDH13,P55290,3.312702182,2.98e-07,1.089525819,soluble,IMR90_fibroblast,E152,False
RAS SASP,153,PRDX6,PRDX6,P30041,3.306723638,3.26e-20,2.373846769,soluble,IMR90_fibroblast,E153,False
RAS SASP,154,HLA-C,HLA-C,Q95604,3.302214443,1.05e-10,0.573315501,soluble,IMR90_fibroblast,E154,False
RAS SASP,155,ITGA2,ITGA2,P17301,3.298119213,1.28e-20,0.853392422,soluble,IMR90_fibroblast,E155,False
RAS SASP,156,GNAI2,GNAI2,P04899,3.28106735,1.53e-11,1.065713525,soluble,IMR90_fibroblast,E156,False
RAS SASP,157,PRDX5,PRDX5,P30044,3.275443343,3.1e-23,1.512171388,soluble,IMR90_fibroblast,E157,False
RAS SASP,158,DBN1,DBN1,Q16643,3.272631134,6.25e-16,1.275047421,soluble,IMR90_fibroblast,E158,False
RAS SASP,159,SPTBN1,SPTBN1,Q01082,3.271043531,1.61e-13,1.444571972,soluble,IMR90_fibroblast,E159,False
RAS SASP,160,MDH1,MDH1,P40925,3.26550288,5.24e-22,1.902895451,soluble,IMR90_fibroblast,E160,False
RAS SASP,161,ACAT2,ACAT2,Q9BWD1,3.265173706,5.18e-10,1.383375287,soluble,IMR90_fibroblast,E161,False
RAS SASP,162,RPL10A,RPL10A,P62906,3.264519778,7.21e-06,3.079504251,soluble,IMR90_fibroblast,E162,False
RAS SASP,163,P4HA2,P4HA2,O15460,3.254786956,9.19e-14,1.726025462,soluble,IMR90_fibroblast,E163,False
RAS SASP,164,AIMP1,AIMP1,Q12904,3.253196704,1.4e-13,1.074854851,soluble,IMR90_fibroblast,E164,False
RAS SASP,165,ANPEP,ANPEP,P15144,3.252752651,1.17e-08,1.776079774,soluble,IMR90_fibroblast,E165,False
RAS SASP,166,PFKP,PFKP,Q01813,3.25268693,2.82e-21,1.848165751,soluble,IMR90_fibroblast,E166,False
RAS SASP,167,LRRC59,LRRC59,Q96AG4,3.251082132,1.05e-07,2.254244804,soluble,IMR90_fibroblast,E167,False
RAS SASP,168,ENO2,ENO2,P09104,3.241895427,1.79e-19,1.84657681,soluble,IMR90_fibroblast,E168,False
RAS SASP,169,TFPI2,TFPI2,P48307,3.241870175,3.64e-07,1.342233777,soluble,IMR90_fibroblast,E169,False
RAS SASP,170,CBR1,CBR1,P16152,3.239992203,1.34e-19,2.150289059,soluble,IMR90_fibroblast,E170,False
RAS SASP,171,CYB5R3,CYB5R3,P00387,3.236931685,5.83e-06,0.645105064,soluble,IMR90_fibroblast,E171,False
RAS SASP,172,PLOD1,PLOD1,Q02809,3.233624368,7.24e-28,1.963362813,soluble,IMR90_fibroblast,E172,False
RAS SASP,173,CLIC6;CLIC5,,Q96NY7;Q9NZA1,3.232825393,9.98e-07,1.43437326,soluble,IMR90_fibroblast,E173,False
RAS SASP,174,SSB,SSB,P05455,3.229407829,1.35e-05,1.67999351,soluble,IMR90_fibroblast,E174,False
RAS SASP,175,GNB2,GNB2,P62879,3.227228763,3.79e-10,1.27048862,soluble,IMR90_fibroblast,E175,False
RAS SASP,176,AP2A1,AP2A1,O95782,3.216244683,3.38e-08,1.041935325,soluble,IMR90_fibroblast,E176,False
RAS SASP,177,ADH5,ADH5,P11766,3.211029997,3.25e-06,1.477713704,soluble,IMR90_fibroblast,E177,False
RAS SASP,178,EIF4G1,EIF4G1,Q04637,3.206762978,2.95e-11,0.92456615,soluble,IMR90_fibroblast,E178,False
RAS SASP,179,HNRNPU,HNRNPU,Q00839,3.1937279,4.09e-07,1.972604036,soluble,IMR90_fibroblast,E179,False
RAS SASP,180,VAMP3,VAMP3,Q15836,3.192197503,2.09e-06,1.850276709,soluble,IMR90_fibroblast,E180,False
RAS SASP,181,DYNC1H1,DYNC1H1,Q14204,3.189637926,5.25e-33,1.733986139,soluble,IMR90_fibroblast,E181,False
RAS SASP,182,RPS10,RPS10,P46783,3.188708586,0.000928566,2.254708529,soluble,IMR90_fibroblast,E182,False
RAS SASP,183,ARPC4,ARPC4,P59998,3.186404343,2.09e-11,1.433639765,soluble,IMR90_fibroblast,E183,False
RAS SASP,184,PLAU,PLAU,P00749,3.179143687,0.000409476,3.2499578,soluble,IMR90_fibroblast,E184,False
RAS SASP,185,POSTN,POSTN,Q15063,3.176792036,2.21e-10,2.047899723,soluble,IMR90_fibroblast,E185,False
RAS SASP,186,CAPZA2,CAPZA2,P47755,3.16685135,1.34e-06,1.275280237,soluble,IMR90_fibroblast,E186,False
RAS SASP,187,EHD1,EHD1,Q9H4M9,3.165180961,6.82e-12,1.731347561,soluble,IMR90_fibroblast,E187,False
RAS SASP,188,PSMA2,PSMA2,P25787,3.151833119,2.63e-09,1.759705901,soluble,IMR90_fibroblast,E188,False
RAS SASP,189,PPA1,PPA1,Q15181,3.141222654,0.000596559,2.473391533,soluble,IMR90_fibroblast,E189,False
RAS SASP,190,PSMA1,PSMA1,P25786,3.138017927,2.44e-10,1.741680384,soluble,IMR90_fibroblast,E190,False
RAS SASP,191,PLOD2,PLOD2,O00469,3.137767526,2.42e-24,2.297067881,soluble,IMR90_fibroblast,E191,False
RAS SASP,192,ITGA5,ITGA5,P08648,3.136552088,8.56e-11,1.709303379,soluble,IMR90_fibroblast,E192,False
RAS SASP,193,RPL19,RPL19,P84098,3.134038855,4.84e-09,1.446280122,soluble,IMR90_fibroblast,E193,False
RAS SASP,194,RPL11,RPL11,P62913,3.129297565,3.24e-06,1.650058508,soluble,IMR90_fibroblast,E194,False
RAS SASP,195,PHB,PHB,P35232,3.119452715,2.79e-11,1.840435624,soluble,IMR90_fibroblast,E195,False
RAS SASP,196,PCMT1,PCMT1,P22061,3.111984994,5.26e-18,1.136081219,soluble,IMR90_fibroblast,E196,False
RAS SASP,197,FBLN1,FBLN1,P23142,3.105671866,2.78e-09,2.131644726,soluble,IMR90_fibroblast,E197,False
RAS SASP,198,CLEC3B,CLEC3B,P05452,3.097005619,8.85e-06,1.395323753,soluble,IMR90_fibroblast,E198,False
RAS SASP,199,ATP5A1,ATP5A1,P25705,3.079359549,2.32e-13,1.759958506,soluble,IMR90_fibroblast,E199,False
RAS SASP,200,F3,F3,P13726,3.077750759,2.57e-06,0.482584625,soluble,IMR90_fibroblast,E200,False
RAS SASP,201,MAN2B1,MAN2B1,O00754,3.072922277,2.06e-08,1.588400722,soluble,IMR90_fibroblast,E201,False
RAS SASP,202,NAMPT,NAMPT,P43490,3.056363378,2.14e-10,2.11448431,soluble,IMR90_fibroblast,E202,False
RAS SASP,203,TCP1,TCP1,P17987,3.055451538,6.64e-19,1.98699832,soluble,IMR90_fibroblast,E203,False
RAS SASP,204,RUVBL2,RUVBL2,Q9Y230,3.050817968,7.15e-11,1.404437542,soluble,IMR90_fibroblast,E204,False
RAS SASP,205,PARK7,PARK7,Q99497,3.04661778,7.38e-23,1.507545948,soluble,IMR90_fibroblast,E205,False
RAS SASP,206,ERP44,ERP44,Q9BS26,3.042680458,4.01e-09,1.271001577,soluble,IMR90_fibroblast,E206,False
RAS SASP,207,CLIC4,CLIC4,Q9Y696,3.034738827,8.95e-18,1.585417032,soluble,IMR90_fibroblast,E207,False
RAS SASP,208,TUBB3,TUBB3,Q13509,3.028614234,6.67e-12,1.550601959,soluble,IMR90_fibroblast,E208,False
RAS SASP,209,TNKS1BP1,TNKS1BP1,Q9C0C2,3.025847844,0.000166358,1.249884367,soluble,IMR90_fibroblast,E209,False
RAS SASP,210,CPNE1,CPNE1,Q99829,3.025619345,1.8e-06,1.453400493,soluble,IMR90_fibroblast,E210,False
RAS SASP,211,PSMB1,PSMB1,P20618,3.02296272,1.66e-06,1.975563407,soluble,IMR90_fibroblast,E211,False
RAS SASP,212,ALB,ALB,P02768,3.013935624,3.45e-07,3.70205164,soluble,IMR90_fibroblast,E212,False
RAS SASP,213,POTEF,POTEF,A5A3E0,3.01312533,2.75e-06,1.228362083,soluble,IMR90_fibroblast,E213,False
RAS SASP,214,TPD52L2,TPD52L2,O43399,3.012022681,1.69e-14,1.827175021,soluble,IMR90_fibroblast,E214,False
RAS SASP,215,EMILIN1,EMILIN1,Q9Y6C2,3.00571789,3.5e-09,1.926459193,soluble,IMR90_fibroblast,E215,False
RAS SASP,216,HSPE1,HSPE1,P61604,3.00449348,1.22e-07,1.946314096,soluble,IMR90_fibroblast,E216,False
RAS SASP,217,PTGR1,PTGR1,Q14914,3.002897045,0.001571278,1.934389114,soluble,IMR90_fibroblast,E217,False
RAS SASP,218,CAPN2,CAPN2,P17655,2.997813507,2.71e-24,2.128598452,soluble,IMR90_fibroblast,E218,False
RAS SASP,219,LAMA4,LAMA4,Q16363,2.994360308,7.63e-12,1.0979532,soluble,IMR90_fibroblast,E219,False
RAS SASP,220,HEXB,HEXB,P07686,2.994097784,2.03e-13,1.53783834,soluble,IMR90_fibroblast,E220,False
RAS SASP,221,EEF1D,EEF1D,P29692,2.989603149,2.51e-15,1.586874008,soluble,IMR90_fibroblast,E221,False
RAS SASP,222,EEF2,EEF2,P13639,2.983730075,2.74e-83,1.71274364,soluble,IMR90_fibroblast,E222,False
RAS SASP,223,IQGAP1,IQGAP1,P46940,2.98213925,4.61e-18,1.97791636,soluble,IMR90_fibroblast,E223,False
RAS SASP,224,HSPA8,HSPA8,P11142,2.980077821,1.54e-68,2.203074217,soluble,IMR90_fibroblast,E224,False
RAS SASP,225,ACLY,ACLY,P53396,2.979410093,5.63e-22,1.337639451,soluble,IMR90_fibroblast,E225,False
RAS SASP,226,RPS4X,RPS4X,P62701,2.978784885,4.81e-05,1.961441278,soluble,IMR90_fibroblast,E226,False
RAS SASP,227,EIF6,EIF6,P56537,2.968238286,9.96e-10,1.497502804,soluble,IMR90_fibroblast,E227,False
RAS SASP,228,ATIC,ATIC,P31939,2.956287208,9.69e-14,1.858632207,soluble,IMR90_fibroblast,E228,False
RAS SASP,229,AARS,AARS,P49588,2.952826124,1.12e-07,1.101781964,soluble,IMR90_fibroblast,E229,False
RAS SASP,230,ITGB1,ITGB1,P05556,2.949580193,3.38e-19,1.901028633,soluble,IMR90_fibroblast,E230,False
RAS SASP,231,NES,NES,P48681,2.948396664,3.22e-15,1.88560605,soluble,IMR90_fibroblast,E231,False
RAS SASP,232,CTPS1,CTPS1,P17812,2.948380085,1.61e-05,2.111913443,soluble,IMR90_fibroblast,E232,False
RAS SASP,233,RPS7,RPS7,P62081,2.947709771,2.33e-11,2.003085613,soluble,IMR90_fibroblast,E233,False
RAS SASP,234,VASP,VASP,P50552,2.946300037,2.41e-13,1.887394428,soluble,IMR90_fibroblast,E234,False
RAS SASP,235,KRT7,KRT7,P08729,2.944272171,3.04e-05,2.199707747,soluble,IMR90_fibroblast,E235,False
RAS SASP,236,IGFBP5,IGFBP5,P24593,2.938900169,1.75e-05,1.616454124,soluble,IMR90_fibroblast,E236,False
RAS SASP,237,LSM3,LSM3,P62310,2.933543807,1.4e-06,0.40964514,soluble,IMR90_fibroblast,E237,False
RAS SASP,238,TUBB2A,TUBB2A,Q13885,2.929603714,3.42e-24,1.846661448,soluble,IMR90_fibroblast,E238,False
RAS SASP,239,PRKCSH,PRKCSH,P14314,2.929300753,6.98e-24,0.986200333,soluble,IMR90_fibroblast,E239,False
RAS SASP,240,ACTBL2,ACTBL2,Q562R1,2.926222753,1.05e-20,1.565814972,soluble,IMR90_fibroblast,E240,False
RAS SASP,241,TLN1,TLN1,Q9Y490,2.924468248,4.82e-99,1.919844866,soluble,IMR90_fibroblast,E241,False
RAS SASP,242,ADAM10,ADAM10,O14672,2.923365602,2.72e-05,2.34503293,soluble,IMR90_fibroblast,E242,False
RAS SASP,243,GM2A,GM2A,P17900,2.919785869,6.87e-05,2.094156742,soluble,IMR90_fibroblast,E243,False
RAS SASP,244,RPS29,RPS29,P62273,2.917636707,8.58e-06,0.605237126,soluble,IMR90_fibroblast,E244,False
RAS SASP,245,ADSS,ADSS,P30520,2.916689241,3.51e-20,1.565936923,soluble,IMR90_fibroblast,E245,False
RAS SASP,246,RPSA,RPSA,P08865,2.906274601,3.75e-13,2.108898163,soluble,IMR90_fibroblast,E246,False
RAS SASP,247,CAP1,CAP1,Q01518,2.892387415,9.93e-21,1.930357695,soluble,IMR90_fibroblast,E247,False
RAS SASP,248,HSPD1,HSPD1,P10809,2.889721101,7.55e-45,1.514036059,soluble,IMR90_fibroblast,E248,False
RAS SASP,249,USP14,USP14,P54578,2.885838897,9.59e-07,1.530334949,soluble,IMR90_fibroblast,E249,False
RAS SASP,250,PDXK,PDXK,O00764,2.880698258,2.53e-09,1.207166314,soluble,IMR90_fibroblast,E250,False
RAS SASP,251,ZYX,ZYX,Q15942,2.880054992,6.96e-10,1.478030801,soluble,IMR90_fibroblast,E251,False
RAS SASP,252,RPL10,RPL10,P27635,2.876564028,1.41e-07,1.269651532,soluble,IMR90_fibroblast,E252,False
RAS SASP,253,VIM,VIM,P08670,2.859711158,9.49e-155,2.126634121,soluble,IMR90_fibroblast,E253,False
RAS SASP,254,ACTB;ACTG1,,P60709;P63261,2.857733338,3.95e-82,2.001314163,soluble,IMR90_fibroblast,E254,False
RAS SASP,255,KRT2,KRT2,P35908,2.851716043,1.19e-10,1.802900195,soluble,IMR90_fibroblast,E255,False
RAS SASP,256,TXNRD1,TXNRD1,Q16881,2.846173331,2.09e-14,1.065226555,soluble,IMR90_fibroblast,E256,False
RAS SASP,257,PGK1,PGK1,P00558,2.844564985,5.35e-80,2.002741337,soluble,IMR90_fibroblast,E257,False
RAS SASP,258,VCP,VCP,P55072,2.838627242,2.06e-59,1.834591627,soluble,IMR90_fibroblast,E258,False
RAS SASP,259,MRC2,MRC2,Q9UBG0,2.836576127,1.38e-09,1.047284842,soluble,IMR90_fibroblast,E259,False
RAS SASP,260,PSME1,PSME1,Q06323,2.834552355,3.65e-05,1.875061274,soluble,IMR90_fibroblast,E260,False
RAS SASP,261,CCL3;CCL3L1,,P10147;P16619,2.830627719,0.001299664,2.6130022999999998,soluble,IMR90_fibroblast,E261,False
RAS SASP,262,RNASET2,RNASET2,O00584,2.830478594,1.33e-05,1.862668276,soluble,IMR90_fibroblast,E262,False
RAS SASP,263,SMS,SMS,P52788,2.827816496,8.82e-11,1.054318666,soluble,IMR90_fibroblast,E263,False
RAS SASP,264,OTUB1,OTUB1,Q96FW1,2.826177163,1.08e-07,1.032920361,soluble,IMR90_fibroblast,E264,False
RAS SASP,265,VASN,VASN,Q6EMK4,2.824566911,9.68e-13,1.537250161,soluble,IMR90_fibroblast,E265,False
RAS SASP,266,NME2,NME2,P22392,2.823947182,6.47e-10,1.992976785,soluble,IMR90_fibroblast,E266,False
RAS SASP,267,43715,43715,Q16181,2.821905953,3.35e-09,1.898458242,soluble,IMR90_fibroblast,E267,False
RAS SASP,268,TUBB6,TUBB6,Q9BUF5,2.81989388,5.91e-21,1.978757143,soluble,IMR90_fibroblast,E268,False
RAS SASP,269,WARS,WARS,P23381,2.81897997,6.08e-20,1.150714755,soluble,IMR90_fibroblast,E269,False
RAS SASP,270,RPS9,RPS9,P46781,2.815694807,0.00061138,1.643295884,soluble,IMR90_fibroblast,E270,False
RAS SASP,271,CTHRC1,CTHRC1,Q96CG8,2.804837809,7.58e-07,1.04309094,soluble,IMR90_fibroblast,E271,False
RAS SASP,272,PSMC2,PSMC2,P35998,2.787745642,2.1e-11,1.400225759,soluble,IMR90_fibroblast,E272,False
RAS SASP,273,CTSZ,CTSZ,Q9UBR2,2.782292811,8.49e-08,1.519870043,soluble,IMR90_fibroblast,E273,False
RAS SASP,274,KIF5B,KIF5B,P33176,2.774482659,4.01e-10,1.825236082,soluble,IMR90_fibroblast,E274,False
RAS SASP,275,THBS2,THBS2,P35442,2.774308299,5.19e-06,1.621212959,soluble,IMR90_fibroblast,E275,False
RAS SASP,276,NUTF2,NUTF2,P61970,2.768126526,8.87e-05,1.966697216,soluble,IMR90_fibroblast,E276,False
RAS SASP,277,ENO3,ENO3,P13929,2.761908291,5.89e-17,1.492816925,soluble,IMR90_fibroblast,E277,False
RAS SASP,278,PLAT,PLAT,P00750,2.748616323,1.41e-05,2.159690142,soluble,IMR90_fibroblast,E278,False
RAS SASP,279,RPS6,RPS6,P62753,2.735997805,0.012129502,2.371238947,soluble,IMR90_fibroblast,E279,False
RAS SASP,280,GNB1,GNB1,P62873,2.735689244,1.6e-10,0.945799828,soluble,IMR90_fibroblast,E280,False
RAS SASP,281,NARS,NARS,O43776,2.735380024,1.9e-11,1.393808722,soluble,IMR90_fibroblast,E281,False
RAS SASP,282,COPB2,COPB2,P35606,2.734912181,1.07e-05,0.629491389,soluble,IMR90_fibroblast,E282,False
RAS SASP,283,EEF1B2,EEF1B2,P24534,2.734868215,7.16e-11,1.361063957,soluble,IMR90_fibroblast,E283,False
RAS SASP,284,LDLR,LDLR,P01130,2.731744856,1.04e-05,0.621264577,soluble,IMR90_fibroblast,E284,False
RAS SASP,285,EIF2S1,EIF2S1,P05198,2.728451538,0.000316323,1.605857491,soluble,IMR90_fibroblast,E285,False
RAS SASP,286,RNASE4,RNASE4,P34096,2.720631995,1.29e-05,1.670774102,soluble,IMR90_fibroblast,E286,False
RAS SASP,287,PGM3,PGM3,O95394,2.718899154,5.62e-05,0.837000608,soluble,IMR90_fibroblast,E287,False
RAS SASP,288,BASP1,BASP1,P80723,2.718643339,2.93e-09,0.648128808,soluble,IMR90_fibroblast,E288,False
RAS SASP,289,LAMC1,LAMC1,P11047,2.718397829,2.47e-43,1.515785217,soluble,IMR90_fibroblast,E289,False
RAS SASP,290,RPL30,RPL30,P62888,2.715914932,4.99e-10,1.365008593,soluble,IMR90_fibroblast,E290,False
RAS SASP,291,PAFAH1B2,PAFAH1B2,P68402,2.707254654,0.00017814,2.47683382,soluble,IMR90_fibroblast,E291,False
RAS SASP,292,BAX,BAX,Q07812,2.701294178,0.000531104,1.740839005,soluble,IMR90_fibroblast,E292,False
RAS SASP,293,PSMA5,PSMA5,P28066,2.701243523,2.72e-08,1.731464148,soluble,IMR90_fibroblast,E293,False
RAS SASP,294,BID,BID,P55957,2.697120755,0.000326271,1.677797437,soluble,IMR90_fibroblast,E294,False
RAS SASP,295,ANXA1,ANXA1,P04083,2.69609001,2.54e-19,2.031634808,soluble,IMR90_fibroblast,E295,False
RAS SASP,296,SARS,SARS,P49591,2.695718687,1.36e-05,2.167969465,soluble,IMR90_fibroblast,E296,False
RAS SASP,297,HSP90AB1,HSP90AB1,P08238,2.692198549,3.14e-67,1.882069588,soluble,IMR90_fibroblast,E297,False
RAS SASP,298,UBE2D3;UBE2D2,,P61077;P62837,2.690065883,2.07e-05,1.774355173,soluble,IMR90_fibroblast,E298,False
RAS SASP,299,GARS,GARS,P41250,2.679147626,2.99e-12,1.450067759,soluble,IMR90_fibroblast,E299,False
RAS SASP,300,MYDGF,MYDGF,Q969H8,2.677720929,0.000871851,2.336421251,soluble,IMR90_fibroblast,E300,False
RAS SASP,301,PXDN,PXDN,Q92626,2.670502373,6.93e-31,1.657319427,soluble,IMR90_fibroblast,E301,False
RAS SASP,302,AHNAK,AHNAK,Q09666,2.666489197,4.96e-132,1.59343946,soluble,IMR90_fibroblast,E302,False
RAS SASP,303,EIF3A,EIF3A,Q14152,2.666315553,1.56e-05,1.659151196,soluble,IMR90_fibroblast,E303,False
RAS SASP,304,ESD,ESD,P10768,2.664588379,9.29e-14,1.511104703,soluble,IMR90_fibroblast,E304,False
RAS SASP,305,PLS3,PLS3,P13797,2.663706159,3.25e-20,1.401872993,soluble,IMR90_fibroblast,E305,False
RAS SASP,306,HSPB1,HSPB1,P04792,2.662881093,4.05e-40,0.67392087,soluble,IMR90_fibroblast,E306,False
RAS SASP,307,43719,43719,Q9NVA2,2.662062102,0.000252568,1.533242464,soluble,IMR90_fibroblast,E307,False
RAS SASP,308,RPS28,RPS28,P62857,2.654590062,2.64e-07,1.958247066,soluble,IMR90_fibroblast,E308,False
RAS SASP,309,VBP1,VBP1,P61758,2.652661165,7.46e-05,2.011646032,soluble,IMR90_fibroblast,E309,False
RAS SASP,310,PSMA7,PSMA7,O14818,2.65232276,5.11e-12,1.849334359,soluble,IMR90_fibroblast,E310,False
RAS SASP,311,COL6A1,COL6A1,P12109,2.650688661,1.39e-35,2.147336483,soluble,IMR90_fibroblast,E311,False
RAS SASP,312,PPIB,PPIB,P23284,2.647442519,3.98e-08,2.65177846,soluble,IMR90_fibroblast,E312,False
RAS SASP,313,ANXA6,ANXA6,P08133,2.647218352,1.05e-14,1.639388084,soluble,IMR90_fibroblast,E313,False
RAS SASP,314,ATP5B,ATP5B,P06576,2.644519048,3.96e-35,1.535147667,soluble,IMR90_fibroblast,E314,False
RAS SASP,315,TSN,TSN,Q15631,2.62248412,0.002154194,1.864630342,soluble,IMR90_fibroblast,E315,False
RAS SASP,316,PPP1R14B,PPP1R14B,Q96C90,2.618398207,1.17e-05,0.598878562,soluble,IMR90_fibroblast,E316,False
RAS SASP,317,MAP1B,MAP1B,P46821,2.617628784,6.51e-14,2.230163336,soluble,IMR90_fibroblast,E317,False
RAS SASP,318,NSF,NSF,P46459,2.617049706,0.000254823,1.256798267,soluble,IMR90_fibroblast,E318,False
RAS SASP,319,SNRPGP15;SNRPG,,A8MWD9;P62308,2.617031864,4.85e-05,0.792602599,soluble,IMR90_fibroblast,E319,False
RAS SASP,320,FSCN1,FSCN1,Q16658,2.606700473,3.16e-23,2.063909054,soluble,IMR90_fibroblast,E320,False
RAS SASP,321,IGFBP2,IGFBP2,P18065,2.606337981,4.69e-17,1.811797023,soluble,IMR90_fibroblast,E321,False
RAS SASP,322,HN1,HN1,Q9UK76,2.605190244,1.37e-08,1.095277309,soluble,IMR90_fibroblast,E322,False
RAS SASP,323,PCBP1,PCBP1,Q15365,2.60277752,8.39e-17,1.778348684,soluble,IMR90_fibroblast,E323,False
RAS SASP,324,TBCA,TBCA,O75347,2.598905368,5.78e-10,1.673535585,soluble,IMR90_fibroblast,E324,False
RAS SASP,325,GLUD1,GLUD1,P00367,2.597698945,1.67e-06,2.3833251,soluble,IMR90_fibroblast,E325,False
RAS SASP,326,UBA1,UBA1,P22314,2.591459916,6.57e-38,1.936787724,soluble,IMR90_fibroblast,E326,False
RAS SASP,327,CLTC,CLTC,Q00610,2.590296225,2.69e-33,1.850294471,soluble,IMR90_fibroblast,E327,False
RAS SASP,328,ARPC1B,ARPC1B,O15143,2.58858773,6.1e-13,1.239417791,soluble,IMR90_fibroblast,E328,False
RAS SASP,329,CLEC11A,CLEC11A,Q9Y240,2.585357286,1.82e-09,2.345061064,soluble,IMR90_fibroblast,E329,False
RAS SASP,330,CDC37,CDC37,Q16543,2.581706738,6.81e-13,1.156639814,soluble,IMR90_fibroblast,E330,False
RAS SASP,331,NPEPPS,NPEPPS,P55786,2.578840939,1.59e-13,2.205437183,soluble,IMR90_fibroblast,E331,False
RAS SASP,332,REXO2,REXO2,Q9Y3B8,2.578631175,1.37e-07,0.900325358,soluble,IMR90_fibroblast,E332,False
RAS SASP,333,TUBAL3,TUBAL3,A6NHL2,2.576222645,1.92e-05,0.610669851,soluble,IMR90_fibroblast,E333,False
RAS SASP,334,YWHAH,YWHAH,Q04917,2.576041956,4.09e-09,1.607957125,soluble,IMR90_fibroblast,E334,False
RAS SASP,335,MAPRE1,MAPRE1,Q15691,2.574542436,2.06e-06,2.430725336,soluble,IMR90_fibroblast,E335,False
RAS SASP,336,RNH1,RNH1,P13489,2.572727716,2.61e-31,1.330965281,soluble,IMR90_fibroblast,E336,False
RAS SASP,337,PRDX1,PRDX1,Q06830,2.569924375,1.89e-29,2.103603125,soluble,IMR90_fibroblast,E337,False
RAS SASP,338,CRIP2,CRIP2,P52943,2.567433203,3.27e-09,1.25919044,soluble,IMR90_fibroblast,E338,False
RAS SASP,339,G6PD,G6PD,P11413,2.559582766,2.01e-09,2.041465044,soluble,IMR90_fibroblast,E339,False
RAS SASP,340,KRT1,KRT1,P04264,2.556648417,9.71e-42,2.032313585,soluble,IMR90_fibroblast,E340,False
RAS SASP,341,GDI1,GDI1,P31150,2.544574857,4.27e-15,1.675354481,soluble,IMR90_fibroblast,E341,False
RAS SASP,342,AKR1A1,AKR1A1,P14550,2.530805193,1.73e-09,1.41527462,soluble,IMR90_fibroblast,E342,False
RAS SASP,343,TUBB4B,TUBB4B,P68371,2.530608377,1.56e-47,1.957159281,soluble,IMR90_fibroblast,E343,False
RAS SASP,344,RPS8,RPS8,P62241,2.522530001,1.56e-10,1.54855907,soluble,IMR90_fibroblast,E344,False
RAS SASP,345,RPL4,RPL4,P36578,2.519715823,1.69e-07,1.872797728,soluble,IMR90_fibroblast,E345,False
RAS SASP,346,RPS3,RPS3,P23396,2.509614807,1.98e-07,1.699972391,soluble,IMR90_fibroblast,E346,False
RAS SASP,347,IPO5,IPO5,O00410,2.507223218,1.36e-09,2.349384785,soluble,IMR90_fibroblast,E347,False
RAS SASP,348,ALDOC,ALDOC,P09972,2.494598983,2.27e-23,1.393260837,soluble,IMR90_fibroblast,E348,False
RAS SASP,349,COMT,COMT,P21964,2.493884004,0.000921542,1.510749698,soluble,IMR90_fibroblast,E349,False
RAS SASP,350,CORO1B,CORO1B,Q9BR76,2.492700252,5.45e-10,1.911710501,soluble,IMR90_fibroblast,E350,False
RAS SASP,351,FERMT2,FERMT2,Q96AC1,2.491228037,4.95e-12,1.080385566,soluble,IMR90_fibroblast,E351,False
RAS SASP,352,IMPDH2,IMPDH2,P12268,2.488933172,0.000558334,1.368301868,soluble,IMR90_fibroblast,E352,False
RAS SASP,353,ACTR3,ACTR3,P61158,2.486940518,1.41e-21,1.666378021,soluble,IMR90_fibroblast,E353,False
RAS SASP,354,PPP2R1A,PPP2R1A,P30153,2.475768316,1.96e-13,2.055473566,soluble,IMR90_fibroblast,E354,False
RAS SASP,355,ANXA2,ANXA2,P07355,2.473133006,2.27e-30,1.772699594,soluble,IMR90_fibroblast,E355,False
RAS SASP,356,CCT6A,CCT6A,P40227,2.472744583,4.91e-17,2.515859604,soluble,IMR90_fibroblast,E356,False
RAS SASP,357,SH3BGRL3,SH3BGRL3,Q9H299,2.471068014,3.9e-16,1.162684679,soluble,IMR90_fibroblast,E357,False
RAS SASP,358,SORD,SORD,Q00796,2.468436125,0.000495332,1.337286353,soluble,IMR90_fibroblast,E358,False
RAS SASP,359,CAPNS1,CAPNS1,P04632,2.465251315,9.69e-14,1.708168864,soluble,IMR90_fibroblast,E359,False
RAS SASP,360,TUBA1B,TUBA1B,P68363,2.464094084,1.63e-49,1.79114151,soluble,IMR90_fibroblast,E360,False
RAS SASP,361,SEC13,SEC13,P55735,2.46341613,7.29e-05,1.436328769,soluble,IMR90_fibroblast,E361,False
RAS SASP,362,PTRF,PTRF,Q6NZI2,2.46097877,6.51e-07,2.249938726,soluble,IMR90_fibroblast,E362,False
RAS SASP,363,PSMC6,PSMC6,P62333,2.460323558,1.39e-07,2.046108484,soluble,IMR90_fibroblast,E363,False
RAS SASP,364,GDI2,GDI2,P50395,2.459533268,1.68e-25,2.190088034,soluble,IMR90_fibroblast,E364,False
RAS SASP,365,PSMC5,PSMC5,P62195,2.458594473,2.54e-07,1.214294195,soluble,IMR90_fibroblast,E365,False
RAS SASP,366,FLNB,FLNB,O75369,2.455025219,2.64e-41,1.419617295,soluble,IMR90_fibroblast,E366,False
RAS SASP,367,EEF1A1,EEF1A1,P68104,2.450468167,2.73e-65,2.053237915,soluble,IMR90_fibroblast,E367,False
RAS SASP,368,DCTN2,DCTN2,Q13561,2.443239287,4.83e-12,1.483326316,soluble,IMR90_fibroblast,E368,False
RAS SASP,369,RPS12,RPS12,P25398,2.436059866,2.07e-10,1.4732759,soluble,IMR90_fibroblast,E369,False
RAS SASP,370,YWHAB,YWHAB,P31946,2.434994528,2.62e-13,2.029529095,soluble,IMR90_fibroblast,E370,False
RAS SASP,371,USP5,USP5,P45974,2.434537889,5.16e-12,2.102887869,soluble,IMR90_fibroblast,E371,False
RAS SASP,372,BOLA2,BOLA2,Q9H3K6,2.430480373,0.000465439,2.231054068,soluble,IMR90_fibroblast,E372,False
RAS SASP,373,MAP4,MAP4,P27816,2.430293132,7.32e-17,1.355082393,soluble,IMR90_fibroblast,E373,False
RAS SASP,374,TRAP1,TRAP1,Q12931,2.427427079,4.28e-06,1.175123453,soluble,IMR90_fibroblast,E374,False
RAS SASP,375,CSRP1,CSRP1,P21291,2.426494939,5.41e-23,1.438136578,soluble,IMR90_fibroblast,E375,False
RAS SASP,376,ANP32B,ANP32B,Q92688,2.425333411,0.003318545,1.719961524,soluble,IMR90_fibroblast,E376,False
RAS SASP,377,GLRX3,GLRX3,O76003,2.424617961,1.73e-05,1.336583614,soluble,IMR90_fibroblast,E377,False
RAS SASP,378,PAFAH1B1,PAFAH1B1,P43034,2.424293984,3.95e-06,1.950317979,soluble,IMR90_fibroblast,E378,False
RAS SASP,379,THBS1,THBS1,P07996,2.422983262,2.13e-15,2.011108637,soluble,IMR90_fibroblast,E379,False
RAS SASP,380,TWF2,TWF2,Q6IBS0,2.422872202,6.26e-08,1.421907902,soluble,IMR90_fibroblast,E380,False
RAS SASP,381,CASP12,CASP12,Q6UXS9,2.421282052,0.000231371,1.01473701,soluble,IMR90_fibroblast,E381,False
RAS SASP,382,HSPA1A;HSPA1B,,P0DMV8;P0DMV9,2.404473487,3.19e-23,1.964758277,soluble,IMR90_fibroblast,E382,False
RAS SASP,383,RPS11,RPS11,P62280,2.400680158,5.69e-07,1.027577877,soluble,IMR90_fibroblast,E383,False
RAS SASP,384,TWSG1,TWSG1,Q9GZX9,2.395139111,9.14e-12,0.667739093,soluble,IMR90_fibroblast,E384,False
RAS SASP,385,PRSS1;PRSS2;PRSS3P2,,P07477;P07478;Q8NHM4,2.393769781,0.000304275,1.084385157,soluble,IMR90_fibroblast,E385,False
RAS SASP,386,VPS35,VPS35,Q96QK1,2.392857321,6.13e-06,1.787498951,soluble,IMR90_fibroblast,E386,False
RAS SASP,387,CTSA,CTSA,P10619,2.389363461,0.00022836,0.926404357,soluble,IMR90_fibroblast,E387,False
RAS SASP,388,CCT4,CCT4,P50991,2.380369358,3.63e-21,1.521036744,soluble,IMR90_fibroblast,E388,False
RAS SASP,389,COPA,COPA,P53621,2.378230849,7.29e-08,2.229068279,soluble,IMR90_fibroblast,E389,False
RAS SASP,390,RIC8B,RIC8B,Q9NVN3,2.376509421,0.000230346,0.998936832,soluble,IMR90_fibroblast,E390,False
RAS SASP,391,DPYSL3,DPYSL3,Q14195,2.373814263,2.11e-12,1.929537892,soluble,IMR90_fibroblast,E391,False
RAS SASP,392,CFI,CFI,P05156,2.373216874,3.65e-05,0.681547046,soluble,IMR90_fibroblast,E392,False
RAS SASP,393,SOD1,SOD1,P00441,2.373213335,4.47e-18,1.01556325,soluble,IMR90_fibroblast,E393,False
RAS SASP,394,SUMF2,SUMF2,Q8NBJ7,2.368539021,1.78e-06,2.038002968,soluble,IMR90_fibroblast,E394,False
RAS SASP,395,PGM1,PGM1,P36871,2.366047577,1.07e-08,2.163142681,soluble,IMR90_fibroblast,E395,False
RAS SASP,396,ARCN1,ARCN1,P48444,2.365523098,1.78e-09,1.584656119,soluble,IMR90_fibroblast,E396,False
RAS SASP,397,LGALS1,LGALS1,P09382,2.3602639,3.75e-13,2.31860733,soluble,IMR90_fibroblast,E397,False
RAS SASP,398,PSMA4,PSMA4,P25789,2.338752836,7.91e-05,1.648735046,soluble,IMR90_fibroblast,E398,False
RAS SASP,399,CDV3,CDV3,Q9UKY7,2.336333109,1.61e-06,1.579131365,soluble,IMR90_fibroblast,E399,False
RAS SASP,400,YWHAG,YWHAG,P61981,2.335156905,4.46e-09,1.291833282,soluble,IMR90_fibroblast,E400,False
RAS SASP,401,CARS,CARS,P49589,2.33305085,3.31e-06,1.476643801,soluble,IMR90_fibroblast,E401,False
RAS SASP,402,ACTR1B;ACTR1A,,P42025;P61163,2.311302147,1.15e-05,0.507982433,soluble,IMR90_fibroblast,E402,False
RAS SASP,403,EIF4A1,EIF4A1,P60842,2.30994254,3e-22,1.876571298,soluble,IMR90_fibroblast,E403,False
RAS SASP,404,EZR,EZR,P15311,2.309452005,8.63e-14,1.850846291,soluble,IMR90_fibroblast,E404,False
RAS SASP,405,TUBB8,TUBB8,Q3ZCM7,2.307724271,1.78e-12,1.256700754,soluble,IMR90_fibroblast,E405,False
RAS SASP,406,HNRNPK,HNRNPK,P61978,2.306995906,6.62e-14,2.136121511,soluble,IMR90_fibroblast,E406,False
RAS SASP,407,ADD1,ADD1,P35611,2.305631306,0.00070117,1.667655587,soluble,IMR90_fibroblast,E407,False
RAS SASP,408,CALD1,CALD1,Q05682,2.300183123,1.69e-11,1.915853024,soluble,IMR90_fibroblast,E408,False
RAS SASP,409,PEA15,PEA15,Q15121,2.297819005,3.62e-07,0.867117584,soluble,IMR90_fibroblast,E409,False
RAS SASP,410,YWHAQ,YWHAQ,P27348,2.296812675,3.17e-11,1.977599025,soluble,IMR90_fibroblast,E410,False
RAS SASP,411,YWHAZ,YWHAZ,P63104,2.292927306,1.36e-14,2.076770782,soluble,IMR90_fibroblast,E411,False
RAS SASP,412,SOD2,SOD2,P04179,2.292401847,2.89e-05,1.284798145,soluble,IMR90_fibroblast,E412,False
RAS SASP,413,A1BG,A1BG,P04217,2.291991989,0.005723657,2.069975615,soluble,IMR90_fibroblast,E413,False
RAS SASP,414,ECM1,ECM1,Q16610,2.290938006,6.08e-30,1.358744264,soluble,IMR90_fibroblast,E414,False
RAS SASP,415,HNRNPA1,HNRNPA1,P09651,2.290198749,9.11e-10,1.725592375,soluble,IMR90_fibroblast,E415,False
RAS SASP,416,EEF1G,EEF1G,P26641,2.285109646,1e-05,2.289178848,soluble,IMR90_fibroblast,E416,False
RAS SASP,417,NUCB2,NUCB2,P80303,2.282615223,9.28e-07,2.061431408,soluble,IMR90_fibroblast,E417,False
RAS SASP,418,GBE1,GBE1,Q04446,2.28198032,6.13e-08,1.599283576,soluble,IMR90_fibroblast,E418,False
RAS SASP,419,43717,43717,Q9UHD8,2.28039384,2.14e-18,1.23509407,soluble,IMR90_fibroblast,E419,False
RAS SASP,420,LTBP2,LTBP2,Q14767,2.278886396,3.94e-06,1.388345599,soluble,IMR90_fibroblast,E420,False
RAS SASP,421,FUS,FUS,P35637,2.276589971,0.001911578,1.914580822,soluble,IMR90_fibroblast,E421,False
RAS SASP,422,FKBP10,FKBP10,Q96AY3,2.276443134,7.25e-09,1.240448713,soluble,IMR90_fibroblast,E422,False
RAS SASP,423,AKAP12,AKAP12,Q02952,2.269751697,1.11e-05,1.685888886,soluble,IMR90_fibroblast,E423,False
RAS SASP,424,LASP1,LASP1,Q14847,2.266669896,7.09e-17,1.353448629,soluble,IMR90_fibroblast,E424,False
RAS SASP,425,LRP1,LRP1,Q07954,2.256465784,2.99e-06,1.84010303,soluble,IMR90_fibroblast,E425,False
RAS SASP,426,DPYSL2,DPYSL2,Q16555,2.251272157,2.27e-23,1.586508274,soluble,IMR90_fibroblast,E426,False
RAS SASP,427,WDR1,WDR1,O75083,2.247293734,4.26e-28,1.680092812,soluble,IMR90_fibroblast,E427,False
RAS SASP,428,SET,SET,Q01105,2.24014347,2.57e-07,1.677546978,soluble,IMR90_fibroblast,E428,False
RAS SASP,429,ALYREF,ALYREF,Q86V81,2.239222352,5.5e-07,0.843168259,soluble,IMR90_fibroblast,E429,False
RAS SASP,430,PCBP2,PCBP2,Q15366,2.235317885,2.89e-07,1.719917059,soluble,IMR90_fibroblast,E430,False
RAS SASP,431,TPM3,TPM3,P06753,2.234152032,1.98e-25,1.520766497,soluble,IMR90_fibroblast,E431,False
RAS SASP,432,PLEC,PLEC,Q15149,2.230239319,1.34e-128,1.723880053,soluble,IMR90_fibroblast,E432,False
RAS SASP,433,PDIA4,PDIA4,P13667,2.217538574,8.4e-09,1.986469865,soluble,IMR90_fibroblast,E433,False
RAS SASP,434,NAP1L1,NAP1L1,P55209,2.215151248,2.21e-10,1.32273674,soluble,IMR90_fibroblast,E434,False
RAS SASP,435,RPS16,RPS16,P62249,2.214328871,1.32e-06,1.369341373,soluble,IMR90_fibroblast,E435,False
RAS SASP,436,TPM2,TPM2,P07951,2.212655984,7.16e-11,1.822102785,soluble,IMR90_fibroblast,E436,False
RAS SASP,437,KPNB1,KPNB1,Q14974,2.212238046,6.88e-11,1.462708354,soluble,IMR90_fibroblast,E437,False
RAS SASP,438,TPT1,TPT1,P13693,2.210165943,1.75e-11,1.105093002,soluble,IMR90_fibroblast,E438,False
RAS SASP,439,TXN,TXN,P10599,2.206057476,3.34e-07,1.599737763,soluble,IMR90_fibroblast,E439,False
RAS SASP,440,NANS,NANS,Q9NR45,2.205610957,3.72e-09,1.358637571,soluble,IMR90_fibroblast,E440,False
RAS SASP,441,GNB2L1,GNB2L1,P63244,2.202232318,0.000141565,1.563597083,soluble,IMR90_fibroblast,E441,False
RAS SASP,442,PFN1,PFN1,P07737,2.201161981,9e-19,2.157265186,soluble,IMR90_fibroblast,E442,False
RAS SASP,443,AIP,AIP,O00170,2.195918692,6.81e-05,0.750370502,soluble,IMR90_fibroblast,E443,False
RAS SASP,444,RPLP2,RPLP2,P05387,2.19215301,1.29e-06,2.675385475,soluble,IMR90_fibroblast,E444,False
RAS SASP,445,CALU,CALU,O43852,2.188637828,3.23e-14,1.265488029,soluble,IMR90_fibroblast,E445,False
RAS SASP,446,PON2,PON2,Q15165,2.186118042,0.000194346,0.891143024,soluble,IMR90_fibroblast,E446,False
RAS SASP,447,TKT,TKT,P29401,2.179218603,5.36e-10,1.872824073,soluble,IMR90_fibroblast,E447,False
RAS SASP,448,SUB1,SUB1,P53999,2.176213611,0.000281237,1.053336263,soluble,IMR90_fibroblast,E448,False
RAS SASP,449,LDHB,LDHB,P07195,2.173979219,5.8e-15,2.589772224,soluble,IMR90_fibroblast,E449,False
RAS SASP,450,P4HB,P4HB,P07237,2.171018503,4.12e-26,1.785443068,soluble,IMR90_fibroblast,E450,False
RAS SASP,451,CSRP2,CSRP2,Q16527,2.168180118,6.59e-06,1.562335134,soluble,IMR90_fibroblast,E451,False
RAS SASP,452,PRCP,PRCP,P42785,2.165593217,1.49e-05,0.501827359,soluble,IMR90_fibroblast,E452,False
RAS SASP,453,SMTN,SMTN,P53814,2.165101484,0.001818703,2.093712568,soluble,IMR90_fibroblast,E453,False
RAS SASP,454,STAT1,STAT1,P42224,2.163546453,8.4e-09,1.294679165,soluble,IMR90_fibroblast,E454,False
RAS SASP,455,ARPC5,ARPC5,O15511,2.162982068,0.009854857,2.151972055,soluble,IMR90_fibroblast,E455,False
RAS SASP,456,PPIA,PPIA,P62937,2.162660592,2.18e-25,1.991198659,soluble,IMR90_fibroblast,E456,False
RAS SASP,457,EIF2S3,EIF2S3,P41091,2.159687651,6.6e-06,2.039812088,soluble,IMR90_fibroblast,E457,False
RAS SASP,458,TOMM70A,TOMM70A,O94826,2.153592846,0.001019154,1.616084695,soluble,IMR90_fibroblast,E458,False
RAS SASP,459,PDIA6,PDIA6,Q15084,2.148918839,5.91e-21,1.507062435,soluble,IMR90_fibroblast,E459,False
RAS SASP,460,ABR,ABR,Q12979,2.144149423,0.00156941,2.267858028,soluble,IMR90_fibroblast,E460,False
RAS SASP,461,SERBP1,SERBP1,Q8NC51,2.142265253,5.83e-06,1.067801714,soluble,IMR90_fibroblast,E461,False
RAS SASP,462,LTBP1,LTBP1,Q14766,2.141925738,3.52e-21,1.581193566,soluble,IMR90_fibroblast,E462,False
RAS SASP,463,UGDH,UGDH,O60701,2.141411911,3.25e-06,1.979140878,soluble,IMR90_fibroblast,E463,False
RAS SASP,464,EIF3D,EIF3D,O15371,2.136395038,9.7e-05,2.249606609,soluble,IMR90_fibroblast,E464,False
RAS SASP,465,HSPH1,HSPH1,Q92598,2.134038954,2.33e-07,1.557142854,soluble,IMR90_fibroblast,E465,False
RAS SASP,466,MAT2A,MAT2A,P31153,2.127347497,4.97e-07,1.532372475,soluble,IMR90_fibroblast,E466,False
RAS SASP,467,PNP,PNP,P00491,2.126507898,8.09e-08,1.763885021,soluble,IMR90_fibroblast,E467,False
RAS SASP,468,RPS5,RPS5,P46782,2.110432686,5.04e-08,2.114471912,soluble,IMR90_fibroblast,E468,False
RAS SASP,469,HNRNPH1,HNRNPH1,P31943,2.109664601,4.12e-11,0.908670008,soluble,IMR90_fibroblast,E469,False
RAS SASP,470,TPP1,TPP1,O14773,2.109480283,3.95e-07,1.571528196,soluble,IMR90_fibroblast,E470,False
RAS SASP,471,CKAP4,CKAP4,Q07065,2.104314131,1.75e-12,1.940480471,soluble,IMR90_fibroblast,E471,False
RAS SASP,472,KRT78,KRT78,Q8N1N4,2.09915754,0.018651892,3.22776556,soluble,IMR90_fibroblast,E472,False
RAS SASP,473,SLC2A1,SLC2A1,P11166,2.087835904,0.000921542,2.083330631,soluble,IMR90_fibroblast,E473,False
RAS SASP,474,PDIA3,PDIA3,P30101,2.087445698,2.35e-15,2.161685944,soluble,IMR90_fibroblast,E474,False
RAS SASP,475,TCEB2,TCEB2,Q15370,2.075605355,0.001854669,1.417003632,soluble,IMR90_fibroblast,E475,False
RAS SASP,476,CD81,CD81,P60033,2.075573113,7.74e-05,0.727519453,soluble,IMR90_fibroblast,E476,False
RAS SASP,477,APP,APP,P05067,2.074012994,7.73e-09,0.957552195,soluble,IMR90_fibroblast,E477,False
RAS SASP,478,AGRN,AGRN,O00468,2.072525826,4.83e-20,1.840361953,soluble,IMR90_fibroblast,E478,False
RAS SASP,479,EXOC3L4,EXOC3L4,Q17RC7,2.069042914,0.004463955,2.124431849,soluble,IMR90_fibroblast,E479,False
RAS SASP,480,LTBP4,LTBP4,Q8N2S1,2.056019428,0.000247993,1.58796823,soluble,IMR90_fibroblast,E480,False
RAS SASP,481,ANXA11,ANXA11,P50995,2.052048602,8.84e-06,1.588969827,soluble,IMR90_fibroblast,E481,False
RAS SASP,482,TUBB1,TUBB1,Q9H4B7,2.049015997,2.76e-05,1.791371942,soluble,IMR90_fibroblast,E482,False
RAS SASP,483,P4HA1,P4HA1,P13674,2.046544442,6.98e-12,1.66462028,soluble,IMR90_fibroblast,E483,False
RAS SASP,484,RPL18A,RPL18A,Q02543,2.045027681,6.84e-07,2.266621113,soluble,IMR90_fibroblast,E484,False
RAS SASP,485,LEPRE1,LEPRE1,Q32P28,2.038274564,7.64e-05,0.711294174,soluble,IMR90_fibroblast,E485,False
RAS SASP,486,LMNB1,LMNB1,P20700,2.031575682,5.23e-07,1.378093362,soluble,IMR90_fibroblast,E486,False
RAS SASP,487,SERPINE1,SERPINE1,P05121,2.02805435,0.003027945,1.913084865,soluble,IMR90_fibroblast,E487,False
RAS SASP,488,PGLS,PGLS,O95336,2.021995455,1.24e-05,1.892667055,soluble,IMR90_fibroblast,E488,False
RAS SASP,489,ACTR2,ACTR2,P61160,2.003458712,2.51e-15,1.276083708,soluble,IMR90_fibroblast,E489,False
RAS SASP,490,CTSC,CTSC,P53634,1.997336157,7.64e-09,0.933713615,soluble,IMR90_fibroblast,E490,False
RAS SASP,491,EIF4G3,EIF4G3,O43432,1.993006881,0.000128073,0.972318947,soluble,IMR90_fibroblast,E491,False
RAS SASP,492,MYL1;MYL3,,P05976;P08590,1.984422604,0.00016667,1.515954971,soluble,IMR90_fibroblast,E492,False
RAS SASP,493,CBX3,CBX3,Q13185,1.981252344,0.002091614,1.682748437,soluble,IMR90_fibroblast,E493,False
RAS SASP,494,ACO2,ACO2,Q99798,1.980967062,0.005686361,1.747621655,soluble,IMR90_fibroblast,E494,False
RAS SASP,495,RANBP1,RANBP1,P43487,1.965083276,1.73e-06,1.424707532,soluble,IMR90_fibroblast,E495,False
RAS SASP,496,HYPK,HYPK,Q9NX55,1.961969496,0.000288258,0.823872864,soluble,IMR90_fibroblast,E496,False
RAS SASP,497,PRDX3,PRDX3,P30048,1.961350494,1.03e-05,2.17525053,soluble,IMR90_fibroblast,E497,False
RAS SASP,498,C3,C3,P01024,1.958835546,8.88e-13,1.69946146,soluble,IMR90_fibroblast,E498,False
RAS SASP,499,GRN,GRN,P28799,1.95726441,0.000898266,1.140354514,soluble,IMR90_fibroblast,E499,False
RAS SASP,500,PFDN2,PFDN2,Q9UHV9,1.956696187,0.001081183,1.574119091,soluble,IMR90_fibroblast,E500,False
RAS SASP,501,ISOC1,ISOC1,Q96CN7,1.952632219,0.004933012,2.332533598,soluble,IMR90_fibroblast,E501,False
RAS SASP,502,RPL6,RPL6,Q02878,1.95199959,3.57e-05,2.026898146,soluble,IMR90_fibroblast,E502,False
RAS SASP,503,RPL18,RPL18,Q07020,1.947124056,5.89e-06,0.933643281,soluble,IMR90_fibroblast,E503,False
RAS SASP,504,GPC1,GPC1,P35052,1.941846147,1.16e-07,1.32553184,soluble,IMR90_fibroblast,E504,False
RAS SASP,505,S100A16,S100A16,Q96FQ6,1.940357924,0.001982425,1.289756894,soluble,IMR90_fibroblast,E505,False
RAS SASP,506,MMP2,MMP2,P08253,1.939152221,2.44e-05,0.489737481,soluble,IMR90_fibroblast,E506,False
RAS SASP,507,COL6A2,COL6A2,P12110,1.937639712,1.54e-33,1.90651536,soluble,IMR90_fibroblast,E507,False
RAS SASP,508,HSPA4,HSPA4,P34932,1.928057993,9.72e-25,1.580994129,soluble,IMR90_fibroblast,E508,False
RAS SASP,509,CTSD,CTSD,P07339,1.922767398,3.66e-12,1.542785764,soluble,IMR90_fibroblast,E509,False
RAS SASP,510,CNN2,CNN2,Q99439,1.920819837,2.43e-10,1.561343431,soluble,IMR90_fibroblast,E510,False
RAS SASP,511,FLNA,FLNA,P21333,1.918416722,3.54e-80,1.606102109,soluble,IMR90_fibroblast,E511,False
RAS SASP,512,MTPN,MTPN,P58546,1.911338644,1.41e-05,2.191813469,soluble,IMR90_fibroblast,E512,False
RAS SASP,513,CTTN,CTTN,Q14247,1.902828278,5.13e-06,1.032858491,soluble,IMR90_fibroblast,E513,False
RAS SASP,514,CYCS,CYCS,P99999,1.900413673,0.004588689,2.16717577,soluble,IMR90_fibroblast,E514,False
RAS SASP,515,SNX18,SNX18,Q96RF0,1.893229976,0.006372454,1.711511374,soluble,IMR90_fibroblast,E515,False
RAS SASP,516,PDLIM1,PDLIM1,O00151,1.890691222,2.58e-09,1.861421347,soluble,IMR90_fibroblast,E516,False
RAS SASP,517,XPNPEP3,XPNPEP3,Q9NQH7,1.889705126,0.009137883,2.246758461,soluble,IMR90_fibroblast,E517,False
RAS SASP,518,TUBB,TUBB,P07437,1.883141378,6.35e-07,2.255441904,soluble,IMR90_fibroblast,E518,False
RAS SASP,519,PALLD,PALLD,Q8WX93,1.878620963,7.69e-09,0.839665949,soluble,IMR90_fibroblast,E519,False
RAS SASP,520,HBA1,HBA1,P69905,1.866614864,1.84e-08,2.658601761,soluble,IMR90_fibroblast,E520,False
RAS SASP,521,HSP90AB2P,HSP90AB2P,Q58FF8,1.863013748,0.001538144,2.061017752,soluble,IMR90_fibroblast,E521,False
RAS SASP,522,NCL,NCL,P19338,1.86260013,5.91e-15,1.604627013,soluble,IMR90_fibroblast,E522,False
RAS SASP,523,MYL6,MYL6,P60660,1.862003346,8.56e-11,1.397632837,soluble,IMR90_fibroblast,E523,False
RAS SASP,524,TPM4,TPM4,P67936,1.861531584,2.33e-17,1.326259136,soluble,IMR90_fibroblast,E524,False
RAS SASP,525,MANBA,MANBA,O00462,1.860607719,0.000252568,2.141683102,soluble,IMR90_fibroblast,E525,False
RAS SASP,526,KRT6A;KRT6C,,P02538;P48668,1.851274126,4.34e-07,1.685636282,soluble,IMR90_fibroblast,E526,False
RAS SASP,527,KRT10,KRT10,P13645,1.850926475,2.47e-18,1.898840785,soluble,IMR90_fibroblast,E527,False
RAS SASP,528,GLO1,GLO1,Q04760,1.850765569,2.66e-08,0.793653369,soluble,IMR90_fibroblast,E528,False
RAS SASP,529,PABPC1,PABPC1,P11940,1.848018673,5.29e-06,2.188996553,soluble,IMR90_fibroblast,E529,False
RAS SASP,530,CFL2,CFL2,Q9Y281,1.845250998,1.91e-09,0.418412596,soluble,IMR90_fibroblast,E530,False
RAS SASP,531,CKB,CKB,P12277,1.844667371,1.24e-05,1.14169085,soluble,IMR90_fibroblast,E531,False
RAS SASP,532,HARS,HARS,P12081,1.843991506,1.5e-06,2.330307007,soluble,IMR90_fibroblast,E532,False
RAS SASP,533,SERPINF1,SERPINF1,P36955,1.831594688,4.89e-09,1.601548791,soluble,IMR90_fibroblast,E533,False
RAS SASP,534,CUTA,CUTA,O60888,1.831411923,4.9100000000000004e-06,1.409641266,soluble,IMR90_fibroblast,E534,False
RAS SASP,535,PSMA6,PSMA6,P60900,1.82975095,2.34e-08,1.435942173,soluble,IMR90_fibroblast,E535,False
RAS SASP,536,ARPC2,ARPC2,O15144,1.82663745,1.35e-08,1.776724815,soluble,IMR90_fibroblast,E536,False
RAS SASP,537,GSN,GSN,P06396,1.821396557,1.5e-17,1.51431787,soluble,IMR90_fibroblast,E537,False
RAS SASP,538,HEXA,HEXA,P06865,1.813999535,4.77e-09,1.719486356,soluble,IMR90_fibroblast,E538,False
RAS SASP,539,MINPP1,MINPP1,Q9UNW1,1.809908479,0.007708621,2.267946482,soluble,IMR90_fibroblast,E539,False
RAS SASP,540,43710,43710,Q15019,1.80428891,1.03e-12,1.500859976,soluble,IMR90_fibroblast,E540,False
RAS SASP,541,MFGE8,MFGE8,Q08431,1.798345999,1.84e-08,1.306725502,soluble,IMR90_fibroblast,E541,False
RAS SASP,542,RRBP1,RRBP1,Q9P2E9,1.779022183,1.52e-10,1.383813977,soluble,IMR90_fibroblast,E542,False
RAS SASP,543,BSG,BSG,P35613,1.776034429,3.31e-07,1.773044109,soluble,IMR90_fibroblast,E543,False
RAS SASP,544,ESYT1,ESYT1,Q9BSJ8,1.774421097,0.000411422,1.493202925,soluble,IMR90_fibroblast,E544,False
RAS SASP,545,ACTN1,ACTN1,P12814,1.768533427,4.18e-23,2.127430916,soluble,IMR90_fibroblast,E545,False
RAS SASP,546,SH3BGRL,SH3BGRL,O75368,1.763972767,0.017707969,1.922168136,soluble,IMR90_fibroblast,E546,False
RAS SASP,547,MYH9,MYH9,P35579,1.761530757,5.58e-154,1.665683508,soluble,IMR90_fibroblast,E547,False
RAS SASP,548,HSPA6,HSPA6,P17066,1.760544527,0.000209346,1.535675764,soluble,IMR90_fibroblast,E548,False
RAS SASP,549,LGALS3BP,LGALS3BP,Q08380,1.760541334,3.44e-12,1.78693676,soluble,IMR90_fibroblast,E549,False
RAS SASP,550,NPC2,NPC2,P61916,1.756610178,0.000819302,1.039548397,soluble,IMR90_fibroblast,E550,False
RAS SASP,551,PPP1R18,PPP1R18,Q6NYC8,1.754184514,0.000748212,1.009272456,soluble,IMR90_fibroblast,E551,False
RAS SASP,552,RPLP0,RPLP0,P05388,1.754062245,2.57e-07,1.815506697,soluble,IMR90_fibroblast,E552,False
RAS SASP,553,COL5A1,COL5A1,P20908,1.743774841,2.51e-22,0.775123477,soluble,IMR90_fibroblast,E553,False
RAS SASP,554,NPM1,NPM1,P06748,1.74355479,2.01e-12,1.492008924,soluble,IMR90_fibroblast,E554,False
RAS SASP,555,NID1,NID1,P14543,1.74111019,2e-11,1.737439036,soluble,IMR90_fibroblast,E555,False
RAS SASP,556,PTBP1,PTBP1,P26599,1.732571069,0.000723341,1.751554728,soluble,IMR90_fibroblast,E556,False
RAS SASP,557,SDF4,SDF4,Q9BRK5,1.728079401,1.07e-08,1.235703707,soluble,IMR90_fibroblast,E557,False
RAS SASP,558,POTEE,POTEE,Q6S8J3,1.716733741,1.21e-13,1.373292923,soluble,IMR90_fibroblast,E558,False
RAS SASP,559,COL5A2,COL5A2,P05997,1.71384094,1.97e-05,1.674224377,soluble,IMR90_fibroblast,E559,False
RAS SASP,560,ATP6V1B1;ATP6V1B2,,P15313;P21281,1.712484683,0.001586364,2.249061346,soluble,IMR90_fibroblast,E560,False
RAS SASP,561,PTPRK,PTPRK,Q15262,1.711329637,0.000687292,1.5121665,soluble,IMR90_fibroblast,E561,False
RAS SASP,562,F2,F2,P00734,1.708649319,8.56e-06,1.297787666,soluble,IMR90_fibroblast,E562,False
RAS SASP,563,IGFBP4,IGFBP4,P22692,1.708242029,4.81e-12,0.73505199,soluble,IMR90_fibroblast,E563,False
RAS SASP,564,HNRNPL,HNRNPL,P14866,1.708210186,3.12e-05,1.344114542,soluble,IMR90_fibroblast,E564,False
RAS SASP,565,EFEMP1,EFEMP1,Q12805,1.70408697,0.036466146,2.4327209,soluble,IMR90_fibroblast,E565,False
RAS SASP,566,PPP6C,PPP6C,O00743,1.702905998,0.000138912,0.732500434,soluble,IMR90_fibroblast,E566,False
RAS SASP,567,PGD,PGD,P52209,1.701584729,9.6e-09,2.2730937,soluble,IMR90_fibroblast,E567,False
RAS SASP,568,APOA1,APOA1,P02647,1.697741467,0.000276019,1.154193401,soluble,IMR90_fibroblast,E568,False
RAS SASP,569,LMNB2,LMNB2,Q03252,1.692928349,0.001714301,2.020368576,soluble,IMR90_fibroblast,E569,False
RAS SASP,570,GSTP1,GSTP1,P09211,1.682389389,7.05e-08,1.891249657,soluble,IMR90_fibroblast,E570,False
RAS SASP,571,CTGF,CTGF,P29279,1.674986455,5.48e-06,0.77233094,soluble,IMR90_fibroblast,E571,False
RAS SASP,572,FLNC,FLNC,Q14315,1.640814039,9.05e-34,1.762520671,soluble,IMR90_fibroblast,E572,False
RAS SASP,573,PSMA3,PSMA3,P25788,1.617413771,0.000150437,2.095704794,soluble,IMR90_fibroblast,E573,False
RAS SASP,574,HSP90B1,HSP90B1,P14625,1.614345913,2.6e-22,1.483558655,soluble,IMR90_fibroblast,E574,False
RAS SASP,575,TAGLN2,TAGLN2,P37802,1.610758782,9.34e-15,1.430401325,soluble,IMR90_fibroblast,E575,False
RAS SASP,576,LDHA,LDHA,P00338,1.608618756,1.31e-18,2.107589483,soluble,IMR90_fibroblast,E576,False
RAS SASP,577,AKR1B1,AKR1B1,P15121,1.597766247,1.12e-07,1.796827197,soluble,IMR90_fibroblast,E577,False
RAS SASP,578,HGFAC,HGFAC,Q04756,1.596542855,0.000281237,1.210147262,soluble,IMR90_fibroblast,E578,False
RAS SASP,579,HNRNPH3,HNRNPH3,P31942,1.595846453,1.18e-05,1.810836673,soluble,IMR90_fibroblast,E579,False
RAS SASP,580,HSPG2,HSPG2,P98160,1.595496012,3.74e-17,1.753252745,soluble,IMR90_fibroblast,E580,False
RAS SASP,581,NUCB1,NUCB1,Q02818,1.589530325,1.57e-12,1.596866488,soluble,IMR90_fibroblast,E581,False
RAS SASP,582,LTA4H,LTA4H,P09960,1.583094728,6.52e-07,1.555250645,soluble,IMR90_fibroblast,E582,False
RAS SASP,583,COPB1,COPB1,P53618,1.579461752,0.005991628,1.105176926,soluble,IMR90_fibroblast,E583,False
RAS SASP,584,RPS21,RPS21,P63220,1.577241922,2.6e-07,1.968693972,soluble,IMR90_fibroblast,E584,False
RAS SASP,585,PSMB3,PSMB3,P49720,1.573571382,0.000288376,1.498788953,soluble,IMR90_fibroblast,E585,False
RAS SASP,586,MYL9,MYL9,P24844,1.571385263,4.54e-05,1.404767513,soluble,IMR90_fibroblast,E586,False
RAS SASP,587,PEBP1,PEBP1,P30086,1.566634249,3.55e-17,1.299033046,soluble,IMR90_fibroblast,E587,False
RAS SASP,588,IGF2,IGF2,P01344,1.565435501,1.56e-05,1.210417867,soluble,IMR90_fibroblast,E588,False
RAS SASP,589,FKBP1A,FKBP1A,P62942,1.556541619,5.09e-05,1.739300013,soluble,IMR90_fibroblast,E589,False
RAS SASP,590,FUBP1,FUBP1,Q96AE4,1.555599674,0.0050254,2.148216486,soluble,IMR90_fibroblast,E590,False
RAS SASP,591,LOXL2,LOXL2,Q9Y4K0,1.552043143,0.000602347,1.713156581,soluble,IMR90_fibroblast,E591,False
RAS SASP,592,EIF4H,EIF4H,Q15056,1.546640076,0.000921542,2.165278912,soluble,IMR90_fibroblast,E592,False
RAS SASP,593,TIMP2,TIMP2,P16035,1.544063798,5.48e-08,1.537409663,soluble,IMR90_fibroblast,E593,False
RAS SASP,594,COL7A1,COL7A1,Q02388,1.538243103,5.16e-06,1.542699218,soluble,IMR90_fibroblast,E594,False
RAS SASP,595,SERPINE2,SERPINE2,P07093,1.531874498,0.007812904,1.551345587,soluble,IMR90_fibroblast,E595,False
RAS SASP,596,MYL12B;MYL12A,,O14950;P19105,1.528815134,7.96e-07,1.704920053,soluble,IMR90_fibroblast,E596,False
RAS SASP,597,COPE,COPE,O14579,1.526187826,0.000234632,0.68937546,soluble,IMR90_fibroblast,E597,False
RAS SASP,598,ITIH2,ITIH2,P19823,1.517440495,6.23e-06,1.911836267,soluble,IMR90_fibroblast,E598,False
RAS SASP,599,COL6A3,COL6A3,P12111,1.502596932,5.01e-85,1.840871215,soluble,IMR90_fibroblast,E599,False
RAS SASP,600,CFL1,CFL1,P23528,1.490752682,1.06e-13,1.890057325,soluble,IMR90_fibroblast,E600,False
RAS SASP,601,SCRN1,SCRN1,Q12765,1.48980016,0.000618568,1.709228873,soluble,IMR90_fibroblast,E601,False
RAS SASP,602,MYH10,MYH10,P35580,1.487684629,0.004835183,1.581689119,soluble,IMR90_fibroblast,E602,False
RAS SASP,603,HMGB3,HMGB3,O15347,1.487439251,0.015101889,1.488316178,soluble,IMR90_fibroblast,E603,False
RAS SASP,604,RCN3,RCN3,Q96D15,1.487205903,8.21e-08,1.398898244,soluble,IMR90_fibroblast,E604,False
RAS SASP,605,COPG1,COPG1,Q9Y678,1.476165147,5.54e-10,1.706452012,soluble,IMR90_fibroblast,E605,False
RAS SASP,606,RPS13,RPS13,P62277,1.475656751,0.002055812,3.548993349,soluble,IMR90_fibroblast,E606,False
RAS SASP,607,SPTAN1,SPTAN1,Q13813,1.457546919,4.95e-07,1.987196207,soluble,IMR90_fibroblast,E607,False
RAS SASP,608,C14orf166,C14orf166,Q9Y224,1.45569725,0.0066626,1.623200536,soluble,IMR90_fibroblast,E608,False
RAS SASP,609,NEDD8,NEDD8,Q15843,1.454669882,2.57e-06,1.053454399,soluble,IMR90_fibroblast,E609,False
RAS SASP,610,RNPEP,RNPEP,Q9H4A4,1.438833826,2.78e-06,2.076998949,soluble,IMR90_fibroblast,E610,False
RAS SASP,611,CCT2,CCT2,P78371,1.434227713,1.51e-16,2.268620968,soluble,IMR90_fibroblast,E611,False
RAS SASP,612,HNRNPA3,HNRNPA3,P51991,1.429694681,5.78e-05,1.00565207,soluble,IMR90_fibroblast,E612,False
RAS SASP,613,TPI1,TPI1,P60174,1.429645464,2.27e-21,1.995014191,soluble,IMR90_fibroblast,E613,False
RAS SASP,614,MIF,MIF,P14174,1.428857471,8.77e-08,1.514738202,soluble,IMR90_fibroblast,E614,False
RAS SASP,615,ATP1A1,ATP1A1,P05023,1.42534309,0.000849535,1.374029398,soluble,IMR90_fibroblast,E615,False
RAS SASP,616,CDH2,CDH2,P19022,1.421169518,0.011002725,1.482735753,soluble,IMR90_fibroblast,E616,False
RAS SASP,617,HNRNPC,HNRNPC,P07910,1.417960309,0.000367977,1.739015579,soluble,IMR90_fibroblast,E617,False
RAS SASP,618,ACO1,ACO1,P21399,1.416216654,6.48e-05,2.087708712,soluble,IMR90_fibroblast,E618,False
RAS SASP,619,EIF3B,EIF3B,P55884,1.410619498,0.015267647,2.497811317,soluble,IMR90_fibroblast,E619,False
RAS SASP,620,GPI,GPI,P06744,1.410522065,5.88e-08,1.943356037,soluble,IMR90_fibroblast,E620,False
RAS SASP,621,TNC,TNC,P24821,1.404563172,6.82e-31,2.214685678,soluble,IMR90_fibroblast,E621,False
RAS SASP,622,SPOCK1,SPOCK1,Q08629,1.400258121,0.005611659,1.59636867,soluble,IMR90_fibroblast,E622,False
RAS SASP,623,MDH2,MDH2,P40926,1.397588614,6.4e-15,1.541636348,soluble,IMR90_fibroblast,E623,False
RAS SASP,624,HIST1H2BJ;HIST1H2BO;HIST1H2BB;HIST2H2BE,,P06899;P23527;P33778;Q16778,1.391422502,5.41e-07,2.867220402,soluble,IMR90_fibroblast,E624,False
RAS SASP,625,CYR61,CYR61,O00622,1.389120812,3.84e-05,1.18563962,soluble,IMR90_fibroblast,E625,False
RAS SASP,626,FBN1,FBN1,P35555,1.381495002,1.72e-05,1.458487153,soluble,IMR90_fibroblast,E626,False
RAS SASP,627,TUBA1C,TUBA1C,Q9BQE3,1.376432612,0.000255862,1.43309319,soluble,IMR90_fibroblast,E627,False
RAS SASP,628,PCOLCE,PCOLCE,Q15113,1.366847889,0.000141132,0.530956268,soluble,IMR90_fibroblast,E628,False
RAS SASP,629,SF3B3,SF3B3,Q15393,1.359838335,0.001366289,1.307945251,soluble,IMR90_fibroblast,E629,False
RAS SASP,630,PTX3,PTX3,P26022,1.357666823,5.38e-05,1.713737488,soluble,IMR90_fibroblast,E630,False
RAS SASP,631,PLTP,PLTP,P55058,1.356197956,4.29e-05,0.907662153,soluble,IMR90_fibroblast,E631,False
RAS SASP,632,PDCD5,PDCD5,O14737,1.351780004,0.000532131,1.316948414,soluble,IMR90_fibroblast,E632,False
RAS SASP,633,S100A11,S100A11,P31949,1.349293722,5.06e-05,1.929068446,soluble,IMR90_fibroblast,E633,False
RAS SASP,634,CORO1C,CORO1C,Q9ULV4,1.347438581,1.59e-08,1.026363015,soluble,IMR90_fibroblast,E634,False
RAS SASP,635,ANXA5,ANXA5,P08758,1.340900107,0.001527965,2.110547781,soluble,IMR90_fibroblast,E635,False
RAS SASP,636,MSN,MSN,P26038,1.340036976,7.6e-19,1.869474769,soluble,IMR90_fibroblast,E636,False
RAS SASP,637,HNRNPA2B1,HNRNPA2B1,P22626,1.334300815,8.06e-07,2.010819912,soluble,IMR90_fibroblast,E637,False
RAS SASP,638,ARHGDIA,ARHGDIA,P52565,1.332049845,1.44e-10,1.615864873,soluble,IMR90_fibroblast,E638,False
RAS SASP,639,COL12A1,COL12A1,Q99715,1.331281182,6.06e-22,1.825212955,soluble,IMR90_fibroblast,E639,False
RAS SASP,640,VCAN,VCAN,P13611,1.322828511,3.5e-08,1.561607361,soluble,IMR90_fibroblast,E640,False
RAS SASP,641,AEBP1,AEBP1,Q8IUX7,1.322461203,1.04e-05,0.295378864,soluble,IMR90_fibroblast,E641,False
RAS SASP,642,FBLN5,FBLN5,Q9UBX5,1.312098828,0.005975816,1.723172188,soluble,IMR90_fibroblast,E642,False
RAS SASP,643,CAPG,CAPG,P40121,1.31194298,0.000325339,1.469893456,soluble,IMR90_fibroblast,E643,False
RAS SASP,644,UBE2N;UBE2NL,,P61088;Q5JXB2,1.308496298,0.017649677,3.318853855,soluble,IMR90_fibroblast,E644,False
RAS SASP,645,RHOC,RHOC,P08134,1.307204439,0.000588175,1.995372057,soluble,IMR90_fibroblast,E645,False
RAS SASP,646,RRM2,RRM2,P31350,1.306172186,0.009591592,1.208807349,soluble,IMR90_fibroblast,E646,False
RAS SASP,647,PCNA,PCNA,P12004,1.304627649,0.000107596,1.572390556,soluble,IMR90_fibroblast,E647,False
RAS SASP,648,UCHL1,UCHL1,P09936,1.301715904,1.15e-05,1.760656595,soluble,IMR90_fibroblast,E648,False
RAS SASP,649,CNN3,CNN3,Q15417,1.295547685,0.000188121,1.198570967,soluble,IMR90_fibroblast,E649,False
RAS SASP,650,FHL2,FHL2,Q14192,1.287829875,0.003789846,1.00612402,soluble,IMR90_fibroblast,E650,False
RAS SASP,651,RAD23A,RAD23A,P54725,1.283947832,9.39e-06,0.734698892,soluble,IMR90_fibroblast,E651,False
RAS SASP,652,EIF5A;EIF5AL1;EIF5A2,,P63241;Q6IS14;Q9GZV4,1.282794171,1.16e-09,2.253221273,soluble,IMR90_fibroblast,E652,False
RAS SASP,653,TOMM34,TOMM34,Q15785,1.26721584,0.001795309,1.186198235,soluble,IMR90_fibroblast,E653,False
RAS SASP,654,IGFBP6,IGFBP6,P24592,1.254042745,4.77e-06,0.83445394,soluble,IMR90_fibroblast,E654,False
RAS SASP,655,ALCAM,ALCAM,Q13740,1.249499073,1.75e-05,1.667734504,soluble,IMR90_fibroblast,E655,False
RAS SASP,656,PSMB6,PSMB6,P28072,1.240280346,0.04949778,2.311220169,soluble,IMR90_fibroblast,E656,False
RAS SASP,657,SEC23A,SEC23A,Q15436,1.233204795,0.019038547,2.21833849,soluble,IMR90_fibroblast,E657,False
RAS SASP,658,TRIM4,TRIM4,Q9C037,1.226222433,0.013368199,1.32289207,soluble,IMR90_fibroblast,E658,False
RAS SASP,659,ST13;ST13P5,,P50502;Q8NFI4,1.222241992,0.006511715,1.923860192,soluble,IMR90_fibroblast,E659,False
RAS SASP,660,LOX,LOX,P28300,1.205427132,0.008498446,1.70748353,soluble,IMR90_fibroblast,E660,False
RAS SASP,661,CD44,CD44,P16070,1.202385776,4.93e-05,1.774442792,soluble,IMR90_fibroblast,E661,False
RAS SASP,662,SERPING1,SERPING1,P05155,1.197304,0.027155219,1.893153548,soluble,IMR90_fibroblast,E662,False
RAS SASP,663,SUMO3;SUMO2;SUMO4,,P55854;P61956;Q6EEV6,1.163507759,0.010724028,1.369164467,soluble,IMR90_fibroblast,E663,False
RAS SASP,664,TF,TF,P02787,1.162872703,0.009823557,1.979026198,soluble,IMR90_fibroblast,E664,False
RAS SASP,665,MFAP4,MFAP4,P55083,1.155003973,0.006028425,1.231378078,soluble,IMR90_fibroblast,E665,False
RAS SASP,666,PLG,PLG,P00747,1.139096741,0.004423487,1.623871684,soluble,IMR90_fibroblast,E666,False
RAS SASP,667,CALM1,CALM1,P62158,1.135253053,0.011073379,1.871232986,soluble,IMR90_fibroblast,E667,False
RAS SASP,668,LGALS3,LGALS3,P17931,1.102825243,0.05474511,2.080312252,soluble,IMR90_fibroblast,E668,False
RAS SASP,669,SFPQ,SFPQ,P23246,1.102675768,0.000409476,1.26984179,soluble,IMR90_fibroblast,E669,False
RAS SASP,670,MANF,MANF,P55145,1.098641182,0.001093792,1.297509432,soluble,IMR90_fibroblast,E670,False
RAS SASP,671,GGH,GGH,Q92820,1.082765497,0.017919454,1.698188066,soluble,IMR90_fibroblast,E671,False
RAS SASP,672,TXNDC5,TXNDC5,Q8NBS9,1.079685688,0.052476972,3.279276371,soluble,IMR90_fibroblast,E672,False
RAS SASP,673,;RAP1B;RAP1A,,A6NIZ1;P61224;P62834,1.07580761,0.007614566,2.683294773,soluble,IMR90_fibroblast,E673,False
RAS SASP,674,EFEMP2,EFEMP2,O95967,1.055316577,0.010113608,1.851745129,soluble,IMR90_fibroblast,E674,False
RAS SASP,675,PRNP,PRNP,P04156,1.052827391,0.000295968,0.488431692,soluble,IMR90_fibroblast,E675,False
RAS SASP,676,PDAP1,PDAP1,Q13442,1.048707074,0.033325682,2.731274843,soluble,IMR90_fibroblast,E676,False
RAS SASP,677,HNRNPDL,HNRNPDL,O14979,1.047506591,1.76e-05,1.280756712,soluble,IMR90_fibroblast,E677,False
RAS SASP,678,RBM3,RBM3,P98179,1.044649113,0.000503094,0.522204399,soluble,IMR90_fibroblast,E678,False
RAS SASP,679,PHPT1,PHPT1,Q9NRX4,1.033643258,0.01667261,1.581139803,soluble,IMR90_fibroblast,E679,False
RAS SASP,680,FBN2,FBN2,P35556,0.990983584,0.006168155,1.233516932,soluble,IMR90_fibroblast,E680,False
RAS SASP,681,RCN1,RCN1,Q15293,0.987782303,3.95e-07,1.991388559,soluble,IMR90_fibroblast,E681,False
RAS SASP,682,C4A,C4A,P0C0L4,0.978258681,0.004525028,2.07505393,soluble,IMR90_fibroblast,E682,False
RAS SASP,683,CNPY2,CNPY2,Q9Y2B0,0.977536049,0.000390852,1.442629099,soluble,IMR90_fibroblast,E683,False
RAS SASP,684,GC,GC,P02774,0.974656007,1.5e-11,1.332239985,soluble,IMR90_fibroblast,E684,False
RAS SASP,685,QSOX1,QSOX1,O00391,0.96848058,3.54e-09,2.077082634,soluble,IMR90_fibroblast,E685,False
RAS SASP,686,C1S,C1S,P09871,0.95128041,0.015018082,1.914020777,soluble,IMR90_fibroblast,E686,False
RAS SASP,687,LTF,LTF,P02788,0.90564585,0.049802203,2.309213877,soluble,IMR90_fibroblast,E687,False
RAS SASP,688,RPLP1,RPLP1,P05386,0.90539461,2.57e-06,1.866007209,soluble,IMR90_fibroblast,E688,False
RAS SASP,689,HIST1H4A,HIST1H4A,P62805,0.897988403,0.000366473,1.96591568,soluble,IMR90_fibroblast,E689,False
RAS SASP,690,SLC3A2,SLC3A2,P08195,0.88991417,0.066344004,1.848196983,soluble,IMR90_fibroblast,E690,False
RAS SASP,691,RACGAP1,RACGAP1,Q9H0H5,0.887865085,0.000798884,0.559487522,soluble,IMR90_fibroblast,E691,False
RAS SASP,692,RCN2,RCN2,Q14257,0.857987461,0.001331113,0.57281512,soluble,IMR90_fibroblast,E692,False
RAS SASP,693,DDX39A;DDX39B,,O00148;Q13838,0.825581841,0.00472525,1.96701932,soluble,IMR90_fibroblast,E693,False
RAS SASP,694,RPS27A,RPS27A,P62979,0.81704476,0.000152269,1.701945305,soluble,IMR90_fibroblast,E694,False
RAS SASP,695,RAN,RAN,P62826,0.811576348,0.008504705,2.112509727,soluble,IMR90_fibroblast,E695,False
RAS SASP,696,UCHL3,UCHL3,P15374,0.80703478,0.004203416,0.733805656,soluble,IMR90_fibroblast,E696,False
RAS SASP,697,LMNA,LMNA,P02545,0.802066431,3.33e-15,1.670154214,soluble,IMR90_fibroblast,E697,False
RAS SASP,698,YWHAE,YWHAE,P62258,0.796968597,5.74e-09,1.926808476,soluble,IMR90_fibroblast,E698,False
RAS SASP,699,HNRNPD,HNRNPD,Q14103,0.772192723,0.044307122,2.329069853,soluble,IMR90_fibroblast,E699,False
RAS SASP,700,COTL1,COTL1,Q14019,0.77011552,0.004319568,2.152302504,soluble,IMR90_fibroblast,E700,False
RAS SASP,701,A2M,A2M,P01023,0.765184019,0.050101793,1.996009588,soluble,IMR90_fibroblast,E701,False
RAS SASP,702,EPB41L2,EPB41L2,O43491,0.763524687,0.005686361,0.961015642,soluble,IMR90_fibroblast,E702,False
RAS SASP,703,VCL,VCL,P18206,0.757876636,9.47e-17,2.029002905,soluble,IMR90_fibroblast,E703,False
RAS SASP,704,STC2,STC2,O76061,0.756606083,0.008147028,2.824927568,soluble,IMR90_fibroblast,E704,False
RAS SASP,705,CAND1,CAND1,Q86VP6,0.755663528,0.001019154,1.563137293,soluble,IMR90_fibroblast,E705,False
RAS SASP,706,DCN,DCN,P07585,0.743334617,0.046442642,2.426510572,soluble,IMR90_fibroblast,E706,False
RAS SASP,707,ACTN4,ACTN4,O43707,0.721191247,5.89e-17,2.046892166,soluble,IMR90_fibroblast,E707,False
RAS SASP,708,MYH14,MYH14,Q7Z406,0.714629799,0.047215858,1.261480451,soluble,IMR90_fibroblast,E708,False
RAS SASP,709,TPM1,TPM1,P09493,0.69627129,0.000578998,1.564699173,soluble,IMR90_fibroblast,E709,False
RAS SASP,710,AFM,AFM,P43652,0.685487566,0.053874767,2.6948874,soluble,IMR90_fibroblast,E710,False
RAS SASP,711,IGFBP3,IGFBP3,P17936,0.682997892,0.0468764,1.564162016,soluble,IMR90_fibroblast,E711,False
RAS SASP,712,CD59,CD59,P13987,0.679420587,0.000116813,2.141290426,soluble,IMR90_fibroblast,E712,False
RAS SASP,713,NEFL,NEFL,P07196,0.668918809,0.018143108,3.324180603,soluble,IMR90_fibroblast,E713,False
RAS SASP,714,LUM,LUM,P51884,0.658348637,0.042320365,1.651333332,soluble,IMR90_fibroblast,E714,False
RAS SASP,715,ITIH3,ITIH3,Q06033,0.6580585,0.035310425,1.769393802,soluble,IMR90_fibroblast,E715,False
RAS SASP,716,SERPINH1,SERPINH1,P50454,0.644047201,0.000134345,1.741919875,soluble,IMR90_fibroblast,E716,False
RAS SASP,717,HMGB1,HMGB1,P09429,0.594765091,0.006137372,2.217709064,soluble,IMR90_fibroblast,E717,False
RAS SASP,718,IGFBP7,IGFBP7,Q16270,0.563806497,0.031155114,2.073061705,soluble,IMR90_fibroblast,E718,False
RAS SASP,719,CALR,CALR,P27797,0.509007458,1.66e-08,1.336771607,soluble,IMR90_fibroblast,E719,False
RAS SASP,720,ADAM9,ADAM9,Q13443,0.48842777,0.019036522,1.03875947,soluble,IMR90_fibroblast,E720,False
RAS SASP,721,TALDO1,TALDO1,P37837,0.483909699,0.038238613,0.881097257,soluble,IMR90_fibroblast,E721,False
RAS SASP,722,ZNF706,ZNF706,Q9Y5V0,0.466157278,0.038238613,1.828589797,soluble,IMR90_fibroblast,E722,False
RAS SASP,723,POTEJ,POTEJ,P0CG39,0.449415747,0.044565718,2.23517251,soluble,IMR90_fibroblast,E723,False
RAS SASP,724,TAGLN,TAGLN,Q01995,0.44372114,0.004430134,1.333649755,soluble,IMR90_fibroblast,E724,False
RAS SASP,725,SYNCRIP,SYNCRIP,O60506,0.437216167,9.27e-05,1.405895829,soluble,IMR90_fibroblast,E725,False
RAS SASP,726,DSTN,DSTN,P60981,0.428216156,0.006426259,2.061228514,soluble,IMR90_fibroblast,E726,False
RAS SASP,727,TGFBI,TGFBI,Q15582,0.425097503,0.004588689,2.061405897,soluble,IMR90_fibroblast,E727,False
RAS SASP,728,ZNF207,ZNF207,O43670,0.395488004,0.023581173,2.703796864,soluble,IMR90_fibroblast,E728,False
RAS SASP,729,ERP29,ERP29,P30040,0.392518233,0.015202728,1.930544138,soluble,IMR90_fibroblast,E729,False
RAS SASP,730,B2M,B2M,P61769,0.357543239,0.018266979,1.210199475,soluble,IMR90_fibroblast,E730,False
RAS SASP,731,NID2,NID2,Q14112,0.352614036,3.9e-09,2.034312487,soluble,IMR90_fibroblast,E731,False
RAS SASP,732,DDB1,DDB1,Q16531,0.343787287,0.015018082,1.417138934,soluble,IMR90_fibroblast,E732,False
RAS SASP,733,HIST1H2AG;HIST1H2AD;HIST2H2AC;HIST2H2AA3;HIST1H2AH;HIST1H2AJ;H2AFJ,,P0C0S8;P20671;Q16777;Q6FI13;Q96KK5;Q99878;Q9BTM1,0.309971149,0.003174938,2.754755735,soluble,IMR90_fibroblast,E733,False
RAS SASP,734,LDHAL6B,LDHAL6B,Q9BYZ2,0.278141385,0.024643534,2.647398233,soluble,IMR90_fibroblast,E734,False
RAS SASP,735,DAG1,DAG1,Q14118,0.248991984,0.0468764,1.317557454,soluble,IMR90_fibroblast,E735,False
RAS SASP,736,HIST1H3A,HIST1H3A,P68431,0.20674028,0.039426401,1.768323064,soluble,IMR90_fibroblast,E736,False
RAS SASP,737,CDH6,CDH6,P55285,0.142223535,0.055649813,0.956311285,soluble,IMR90_fibroblast,E737,False
RAS SASP,738,VTN,VTN,P04004,0.087323189,0.059654403,1.388623834,soluble,IMR90_fibroblast,E738,False
RAS SASP,739,CLU,CLU,P10909,0.072514267,0.0018567,1.615945458,soluble,IMR90_fibroblast,E739,False
RAS SASP,740,SRSF3,SRSF3,P84103,0.068344133,0.057246433,0.875670016,soluble,IMR90_fibroblast,E740,False
RAS SASP,741,BTD,BTD,P43251,0.067768727,0.043608636,0.932973325,soluble,IMR90_fibroblast,E741,False
RAS SASP,742,AMY1A;AMY2A;AMY2B,,P04745;P04746;P19961,0.007242732,0.051864606,1.497659564,soluble,IMR90_fibroblast,E742,False
RAS SASP,743,C1R,C1R,P00736,-0.035343516,0.051280945,1.776909947,soluble,IMR90_fibroblast,E743,False
RAS SASP,744,RBP4,RBP4,P02753,-0.103436557,0.062028597,0.342776984,soluble,IMR90_fibroblast,E744,False
RAS SASP,745,ESPN,ESPN,B1AK53,-0.244868457,0.010256857,3.184487104,soluble,IMR90_fibroblast,E745,False
RAS SASP,746,COL4A2,COL4A2,P08572,-0.294076065,0.067145278,1.653722286,soluble,IMR90_fibroblast,E746,False
RAS SASP,747,PZP,PZP,P20742,-0.294420958,0.034044577,2.021285534,soluble,IMR90_fibroblast,E747,False
RAS SASP,748,F5,F5,P12259,-0.295202332,0.017389054,1.042378664,soluble,IMR90_fibroblast,E748,False
RAS SASP,749,NACA,NACA,E9PAV3;Q13765,-0.307040822,0.059147071,1.4477005,soluble,IMR90_fibroblast,E749,False
RAS SASP,750,COL4A1,COL4A1,P02462,-0.374522723,0.000370797,1.075491428,soluble,IMR90_fibroblast,E750,False
RAS SASP,751,APEX1,APEX1,P27695,-0.42972752,0.065958322,1.449754357,soluble,IMR90_fibroblast,E751,False
RAS SASP,752,CMPK1,CMPK1,P30085,-0.444523406,0.017426871,2.860008955,soluble,IMR90_fibroblast,E752,False
RAS SASP,753,GREM1;GREM2,,O60565;Q9H772,-0.446973802,0.003893008,0.688061059,soluble,IMR90_fibroblast,E753,False
RAS SASP,754,SPARC,SPARC,P09486,-0.480973335,0.022394185,1.998872638,soluble,IMR90_fibroblast,E754,False
RAS SASP,755,STMN1,STMN1,P16949,-0.664532634,0.014648708,2.892430782,soluble,IMR90_fibroblast,E755,False
RAS SASP,756,FSTL1,FSTL1,Q12841,-1.266455377,0.000155255,1.432669759,soluble,IMR90_fibroblast,E756,False
RAS SASP,757,AHSG,AHSG,P02765,-1.322858247,0.015836733,2.459317446,soluble,IMR90_fibroblast,E757,False
RAS SASP,758,COL3A1,COL3A1,P02461,-1.369841752,2.95e-08,1.814740777,soluble,IMR90_fibroblast,E758,False
RAS SASP,759,COL1A1,COL1A1,P02452,-1.606685915,1.88e-15,2.000160456,soluble,IMR90_fibroblast,E759,False
RAS SASP,760,SERPINA7,SERPINA7,P05543,-1.648215369,0.000396124,1.959271908,soluble,IMR90_fibroblast,E760,False
RAS SASP,761,HNRNPAB,HNRNPAB,Q99729,-1.770270609,0.017707969,2.201005459,soluble,IMR90_fibroblast,E761,False
RAS SASP,762,HBD,HBD,P02042,-1.79300336,0.020341375,2.773241997,soluble,IMR90_fibroblast,E762,False
RAS SASP,763,PTMS,PTMS,P20962,-2.009622007,0.009894591,2.752251148,soluble,IMR90_fibroblast,E763,False
RAS SASP,764,COL1A2,COL1A2,P08123,-2.335076318,4.78e-26,1.630819917,soluble,IMR90_fibroblast,E764,False
ATV SASP,4,HSPA4,HSPA4,P34932,5.532637578,0.064185589,3.325724363,soluble,IMR90_fibroblast,E4,False
ATV SASP,5,CXCL1;CXCL2;CXCL3,,P09341;P19875;P19876,4.59983797,0.004667538,1.283100367,soluble,IMR90_fibroblast,E5,False
ATV SASP,6,SUMF2,SUMF2,Q8NBJ7,4.333682023,0.003292072,0.811694622,soluble,IMR90_fibroblast,E6,False
ATV SASP,7,HLA-B,HLA-B,P01889,4.130105293,0.00418425,1.001998544,soluble,IMR90_fibroblast,E7,False
ATV SASP,8,ITM2B,ITM2B,Q9Y287,3.978436043,0.001727418,0.505645573,soluble,IMR90_fibroblast,E8,False
ATV SASP,9,PTX3,PTX3,P26022,3.769185988,4.71e-09,1.12063992,soluble,IMR90_fibroblast,E9,False
ATV SASP,10,MMP1,MMP1,P03956,3.716538321,2.43e-08,1.131223202,soluble,IMR90_fibroblast,E10,False
ATV SASP,11,HMGA1,HMGA1,P17096,3.588760788,0.005950753,1.099504352,soluble,IMR90_fibroblast,E11,False
ATV SASP,12,MOXD1,MOXD1,Q6UVY6,3.484850178,0.015717444,1.939905524,soluble,IMR90_fibroblast,E12,False
ATV SASP,13,AHSG,AHSG,P02765,3.320915154,0.00929592,3.725187063,soluble,IMR90_fibroblast,E13,False
ATV SASP,14,GSTO1,GSTO1,P78417,3.250213169,2.81e-05,1.375139952,soluble,IMR90_fibroblast,E14,False
ATV SASP,15,ATP6AP1,ATP6AP1,Q15904,3.155600879,0.00746004,1.157558441,soluble,IMR90_fibroblast,E15,False
ATV SASP,16,GDF15,GDF15,Q99988,3.082089859,0.002663275,0.59233731,soluble,IMR90_fibroblast,E16,False
ATV SASP,17,PRNP,PRNP,P04156,2.972929731,0.010086222,1.370723486,soluble,IMR90_fibroblast,E17,False
ATV SASP,18,PTMS,PTMS,P20962,2.938392854,0.012552867,1.394966722,soluble,IMR90_fibroblast,E18,False
ATV SASP,19,PSME1,PSME1,Q06323,2.93605763,0.013571249,1.763432026,soluble,IMR90_fibroblast,E19,False
ATV SASP,20,PRDX3,PRDX3,P30048,2.918744703,0.013622304,1.479801655,soluble,IMR90_fibroblast,E20,False
ATV SASP,21,DCN,DCN,P07585,2.903978338,3.93e-19,1.289305329,soluble,IMR90_fibroblast,E21,False
ATV SASP,22,CAPNS1,CAPNS1,P04632,2.710271428,0.001728585,0.331405967,soluble,IMR90_fibroblast,E22,False
ATV SASP,23,DPP7,DPP7,Q9UHL4,2.707134002,0.047646876,2.362422466,soluble,IMR90_fibroblast,E23,False
ATV SASP,24,MINPP1,MINPP1,Q9UNW1,2.625739359,3.4e-05,0.659581661,soluble,IMR90_fibroblast,E24,False
ATV SASP,25,SPOCK1,SPOCK1,Q08629,2.621331454,0.000500668,0.174653843,soluble,IMR90_fibroblast,E25,False
ATV SASP,26,TIMP1,TIMP1,P01033,2.618508532,9.5e-15,1.28728497,soluble,IMR90_fibroblast,E26,False
ATV SASP,27,CPQ,CPQ,Q9Y646,2.538744065,0.000147612,0.816839993,soluble,IMR90_fibroblast,E27,False
ATV SASP,28,COL15A1,COL15A1,P39059,2.520445505,5.1e-08,1.365306616,soluble,IMR90_fibroblast,E28,False
ATV SASP,29,PPIB,PPIB,P23284,2.501686694,1.48e-06,1.537403584,soluble,IMR90_fibroblast,E29,False
ATV SASP,30,STC1,STC1,P52823,2.490157448,0.001184414,0.267482042,soluble,IMR90_fibroblast,E30,False
ATV SASP,31,CTSB,CTSB,P07858,2.467943038,8.79e-13,1.67012918,soluble,IMR90_fibroblast,E31,False
ATV SASP,32,HMGB1,HMGB1,P09429,2.460167871,0.00821424,0.870546937,soluble,IMR90_fibroblast,E32,False
ATV SASP,33,TNC,TNC,P24821,2.457369468,7.62e-22,1.404434085,soluble,IMR90_fibroblast,E33,False
ATV SASP,34,LTBP1,LTBP1,Q14766,2.430530112,5.55e-07,1.508404493,soluble,IMR90_fibroblast,E34,False
ATV SASP,35,CTSA,CTSA,P10619,2.411891862,0.003000917,1.890506268,soluble,IMR90_fibroblast,E35,False
ATV SASP,36,CTSD,CTSD,P07339,2.392358414,1.34e-09,1.327011466,soluble,IMR90_fibroblast,E36,False
ATV SASP,37,NNMT,NNMT,P40261,2.372598295,0.000229391,0.900500536,soluble,IMR90_fibroblast,E37,False
ATV SASP,38,PLEC,PLEC,Q15149,2.349421596,2.41e-21,1.930782557,soluble,IMR90_fibroblast,E38,False
ATV SASP,39,ADAM9,ADAM9,Q13443,2.333117361,0.013757188,1.234850645,soluble,IMR90_fibroblast,E39,False
ATV SASP,40,MAMDC2,MAMDC2,Q7Z304,2.328957332,0.002191547,0.37046206,soluble,IMR90_fibroblast,E40,False
ATV SASP,41,HIST1H2BK;HIST1H2BJ;HIST1H2BO;HIST1H2BB;H2BFS;HIST1H2BD;HIST1H2BC;HIST2H2BE;HIST2H2BF;HIST3H2BB;HIST1H2BH;HIST1H2BN;HIST1H2BM;HIST1H2BL,,O60814;P06899;P23527;P33778;P57053;P58876;P62807;Q16778;Q5QNW6;Q8N257;Q93079;Q99877;Q99879;Q99880,2.30452967,0.004045907,0.559118271,soluble,IMR90_fibroblast,E41,False
ATV SASP,42,COPA,COPA,P53621,2.296694113,6.78e-07,0.673532903,soluble,IMR90_fibroblast,E42,False
ATV SASP,43,NME2,NME2,P22392,2.27891605,7.92e-05,0.6700387,soluble,IMR90_fibroblast,E43,False
ATV SASP,44,FKBP10,FKBP10,Q96AY3,2.27537314,4.54e-06,1.058280706,soluble,IMR90_fibroblast,E44,False
ATV SASP,45,PCOLCE,PCOLCE,Q15113,2.264317283,0.000157746,1.637146354,soluble,IMR90_fibroblast,E45,False
ATV SASP,46,GALNT5,GALNT5,Q7Z7M9,2.237573585,0.013521593,1.516815424,soluble,IMR90_fibroblast,E46,False
ATV SASP,47,SYNCRIP,SYNCRIP,O60506,2.237124117,0.003672792,0.509235919,soluble,IMR90_fibroblast,E47,False
ATV SASP,48,LSM3,LSM3,P62310,2.231487737,0.022927504,1.759801984,soluble,IMR90_fibroblast,E48,False
ATV SASP,49,QSOX1,QSOX1,O00391,2.23131974,2.75e-23,1.069499016,soluble,IMR90_fibroblast,E49,False
ATV SASP,50,PSMB2,PSMB2,P49721,2.224299895,0.003049965,0.485507429,soluble,IMR90_fibroblast,E50,False
ATV SASP,51,SMPD1,SMPD1,P17405,2.222787655,0.005718389,0.742827356,soluble,IMR90_fibroblast,E51,False
ATV SASP,52,LGALS3,LGALS3,P17931,2.201629662,0.000897074,0.837764621,soluble,IMR90_fibroblast,E52,False
ATV SASP,53,LAMA4,LAMA4,Q16363,2.189439921,3.48e-20,1.460531116,soluble,IMR90_fibroblast,E53,False
ATV SASP,54,TPD52L2,TPD52L2,O43399,2.178375923,0.00391143,0.534119427,soluble,IMR90_fibroblast,E54,False
ATV SASP,55,ENPP2,ENPP2,Q13822,2.170185508,3.68e-05,0.95900017,soluble,IMR90_fibroblast,E55,False
ATV SASP,56,TGFBI,TGFBI,Q15582,2.132424304,2.58e-26,1.988250017,soluble,IMR90_fibroblast,E56,False
ATV SASP,57,B2M,B2M,P61769,2.116655035,3.4e-05,1.072643161,soluble,IMR90_fibroblast,E57,False
ATV SASP,58,AKR1B1,AKR1B1,P15121,2.114809021,0.000490977,0.827003419,soluble,IMR90_fibroblast,E58,False
ATV SASP,59,C1R,C1R,P00736,2.099826529,8.24e-13,1.407160521,soluble,IMR90_fibroblast,E59,False
ATV SASP,60,BASP1,BASP1,P80723,2.099734742,0.005160821,0.584648788,soluble,IMR90_fibroblast,E60,False
ATV SASP,61,IGFBP4,IGFBP4,P22692,2.098864389,1.04e-07,0.919460356,soluble,IMR90_fibroblast,E61,False
ATV SASP,62,SERPING1,SERPING1,P05155,2.090750822,6.95e-11,1.285097003,soluble,IMR90_fibroblast,E62,False
ATV SASP,63,SERPINE2,SERPINE2,P07093,2.088634822,2.27e-10,1.598228455,soluble,IMR90_fibroblast,E63,False
ATV SASP,64,P4HB,P4HB,P07237,2.087281629,5.88e-17,1.129597425,soluble,IMR90_fibroblast,E64,False
ATV SASP,65,LMAN2,LMAN2,Q12907,2.085656348,0.031129646,2.221665621,soluble,IMR90_fibroblast,E65,False
ATV SASP,66,CBR3;CBR1,,O75828;P16152,2.083191726,0.000431502,0.123192169,soluble,IMR90_fibroblast,E66,False
ATV SASP,67,NUCB2,NUCB2,P80303,2.075904216,5.63e-08,1.296413302,soluble,IMR90_fibroblast,E67,False
ATV SASP,68,HSPE1,HSPE1,P61604,2.070129665,0.000706476,1.211786032,soluble,IMR90_fibroblast,E68,False
ATV SASP,69,COL6A3,COL6A3,P12111,2.063217624,5.43e-84,1.384281278,soluble,IMR90_fibroblast,E69,False
ATV SASP,70,GNS,GNS,P15586,2.06275256,0.000386526,0.122491851,soluble,IMR90_fibroblast,E70,False
ATV SASP,71,C1S,C1S,P09871,2.062433472,1.24e-13,1.320177913,soluble,IMR90_fibroblast,E71,False
ATV SASP,72,PDIA6,PDIA6,Q15084,2.062345467,6.31e-11,1.353780866,soluble,IMR90_fibroblast,E72,False
ATV SASP,73,MAN2B2,MAN2B2,Q9Y2E5,2.055906079,0.000336248,1.357606411,soluble,IMR90_fibroblast,E73,False
ATV SASP,74,PGK1,PGK1,P00558,2.054194988,2.62e-22,1.110654831,soluble,IMR90_fibroblast,E74,False
ATV SASP,75,AKR1A1,AKR1A1,P14550,2.048198101,0.000633418,0.901634157,soluble,IMR90_fibroblast,E75,False
ATV SASP,76,ECM1,ECM1,Q16610,2.040605294,2.32e-16,0.985047758,soluble,IMR90_fibroblast,E76,False
ATV SASP,77,PRDX5,PRDX5,P30044,2.040133932,0.000258889,0.72312063,soluble,IMR90_fibroblast,E77,False
ATV SASP,78,ATP5B,ATP5B,P06576,2.031794282,6.52e-08,1.301481962,soluble,IMR90_fibroblast,E78,False
ATV SASP,79,COL6A1,COL6A1,P12109,2.012250927,2.77e-16,1.354331374,soluble,IMR90_fibroblast,E79,False
ATV SASP,80,EEF1A1,EEF1A1,P68104,2.004809912,1.02e-10,1.49285984,soluble,IMR90_fibroblast,E80,False
ATV SASP,81,PLTP,PLTP,P55058,1.999647965,0.000800282,2.415974855,soluble,IMR90_fibroblast,E81,False
ATV SASP,82,LUM,LUM,P51884,1.993210329,8.21e-23,1.418169379,soluble,IMR90_fibroblast,E82,False
ATV SASP,83,LAMC1,LAMC1,P11047,1.991874489,1.86e-34,0.901876092,soluble,IMR90_fibroblast,E83,False
ATV SASP,84,CST3,CST3,P01034,1.988683172,1.24e-10,0.598710537,soluble,IMR90_fibroblast,E84,False
ATV SASP,85,MXRA5,MXRA5,Q9NR99,1.985440697,0.011052554,0.998111427,soluble,IMR90_fibroblast,E85,False
ATV SASP,86,PDLIM1,PDLIM1,O00151,1.970573511,7.89e-06,1.39249146,soluble,IMR90_fibroblast,E86,False
ATV SASP,87,PRELP,PRELP,P51888,1.969147988,0.000127724,1.48925066,soluble,IMR90_fibroblast,E87,False
ATV SASP,88,AARS,AARS,P49588,1.967623449,0.005220738,0.521934628,soluble,IMR90_fibroblast,E88,False
ATV SASP,89,FKBP14,FKBP14,Q9NWM8,1.96735253,0.010394439,0.91681695,soluble,IMR90_fibroblast,E89,False
ATV SASP,90,TAGLN,TAGLN,Q01995,1.964909143,1.71e-08,1.459668994,soluble,IMR90_fibroblast,E90,False
ATV SASP,91,EHD2,EHD2,Q9NZN4,1.963405789,0.012804213,0.856598437,soluble,IMR90_fibroblast,E91,False
ATV SASP,92,EMILIN1,EMILIN1,Q9Y6C2,1.96146493,9.47e-11,1.216989517,soluble,IMR90_fibroblast,E92,False
ATV SASP,93,LAMB2,LAMB2,P55268,1.958356487,3.72e-10,1.079480171,soluble,IMR90_fibroblast,E93,False
ATV SASP,94,NUCB1,NUCB1,Q02818,1.949330939,3.59e-21,1.236382365,soluble,IMR90_fibroblast,E94,False
ATV SASP,95,TALDO1,TALDO1,P37837,1.943224592,0.003667566,0.42518732,soluble,IMR90_fibroblast,E95,False
ATV SASP,96,ATRN,ATRN,O75882,1.942263771,0.011774886,0.900398612,soluble,IMR90_fibroblast,E96,False
ATV SASP,97,FBLN2,FBLN2,P98095,1.939881221,7.87e-10,0.5957672,soluble,IMR90_fibroblast,E97,False
ATV SASP,98,MMP2,MMP2,P08253,1.930179788,0.004972802,0.504593372,soluble,IMR90_fibroblast,E98,False
ATV SASP,99,GM2A,GM2A,P17900,1.925254609,0.000632243,1.849302173,soluble,IMR90_fibroblast,E99,False
ATV SASP,100,CD44,CD44,P16070,1.917103235,1.51e-06,0.482338607,soluble,IMR90_fibroblast,E100,False
ATV SASP,101,GAPDH,GAPDH,P04406,1.90977889,2.5e-19,1.177282214,soluble,IMR90_fibroblast,E101,False
ATV SASP,102,LGALS1,LGALS1,P09382,1.90582135,6.33e-13,1.514269471,soluble,IMR90_fibroblast,E102,False
ATV SASP,103,YWHAB,YWHAB,P31946,1.900750603,5.3e-06,1.223482728,soluble,IMR90_fibroblast,E103,False
ATV SASP,104,TBCA,TBCA,O75347,1.899012106,2.38e-05,1.328109264,soluble,IMR90_fibroblast,E104,False
ATV SASP,105,FBLN1,FBLN1,P23142,1.895867585,4.18e-17,1.476963997,soluble,IMR90_fibroblast,E105,False
ATV SASP,106,PRKCSH,PRKCSH,P14314,1.893360996,4.79e-07,0.542772174,soluble,IMR90_fibroblast,E106,False
ATV SASP,107,MIF,MIF,P14174,1.887007942,2.08e-11,0.599203765,soluble,IMR90_fibroblast,E107,False
ATV SASP,108,S100A11,S100A11,P31949,1.882880029,0.00012441,1.181088328,soluble,IMR90_fibroblast,E108,False
ATV SASP,109,IGFBP6,IGFBP6,P24592,1.88231487,7.37e-08,0.341786861,soluble,IMR90_fibroblast,E109,False
ATV SASP,110,MYDGF,MYDGF,Q969H8,1.881449745,0.037470201,2.295399904,soluble,IMR90_fibroblast,E110,False
ATV SASP,111,PLOD1,PLOD1,Q02809,1.880661998,2.91e-31,1.03053093,soluble,IMR90_fibroblast,E111,False
ATV SASP,112,FBLN5,FBLN5,Q9UBX5,1.870164353,1.48e-07,0.920200467,soluble,IMR90_fibroblast,E112,False
ATV SASP,113,S100A4,S100A4,P26447,1.86752579,0.001850424,1.057962656,soluble,IMR90_fibroblast,E113,False
ATV SASP,114,RNASE4,RNASE4,P34096,1.862585877,0.001592487,0.23896119,soluble,IMR90_fibroblast,E114,False
ATV SASP,115,MFGE8,MFGE8,Q08431,1.860199877,1.29e-08,1.299920201,soluble,IMR90_fibroblast,E115,False
ATV SASP,116,MYH9,MYH9,P35579,1.846051525,2.87e-49,1.20211339,soluble,IMR90_fibroblast,E116,False
ATV SASP,117,STMN1,STMN1,P16949,1.836680107,0.024193609,1.452583432,soluble,IMR90_fibroblast,E117,False
ATV SASP,118,HNRNPC,HNRNPC,P07910,1.835763579,0.000992777,1.239174724,soluble,IMR90_fibroblast,E118,False
ATV SASP,119,CNN2,CNN2,Q99439,1.83464778,9.91e-10,0.523255348,soluble,IMR90_fibroblast,E119,False
ATV SASP,120,CNPY2,CNPY2,Q9Y2B0,1.824334967,5.9e-05,0.616693318,soluble,IMR90_fibroblast,E120,False
ATV SASP,121,PSMA5,PSMA5,P28066,1.818524933,0.004649907,0.417130202,soluble,IMR90_fibroblast,E121,False
ATV SASP,122,B4GALT1,B4GALT1,P15291,1.816153209,0.000109719,1.063594222,soluble,IMR90_fibroblast,E122,False
ATV SASP,123,AEBP1,AEBP1,Q8IUX7,1.799518106,1.15e-08,1.031699181,soluble,IMR90_fibroblast,E123,False
ATV SASP,124,LGALS3BP,LGALS3BP,Q08380,1.791315397,5.86e-17,0.852155268,soluble,IMR90_fibroblast,E124,False
ATV SASP,125,PDIA3,PDIA3,P30101,1.790945849,8.75e-12,1.185107231,soluble,IMR90_fibroblast,E125,False
ATV SASP,126,ARPC3,ARPC3,O15145,1.786192203,0.000632243,0.141974702,soluble,IMR90_fibroblast,E126,False
ATV SASP,127,HSPA5,HSPA5,P11021,1.782528637,5.79e-18,1.205358028,soluble,IMR90_fibroblast,E127,False
ATV SASP,128,NPM1,NPM1,P06748,1.765304606,7.79e-08,0.782491863,soluble,IMR90_fibroblast,E128,False
ATV SASP,129,NPC2,NPC2,P61916,1.751582521,0.000213833,1.039847493,soluble,IMR90_fibroblast,E129,False
ATV SASP,130,IQGAP1,IQGAP1,P46940,1.751484384,7.17e-05,0.955964148,soluble,IMR90_fibroblast,E130,False
ATV SASP,131,GAS6,GAS6,Q14393,1.749241517,1.56e-08,0.759876847,soluble,IMR90_fibroblast,E131,False
ATV SASP,132,EIF4A1,EIF4A1,P60842,1.732861493,5.62e-06,1.261757612,soluble,IMR90_fibroblast,E132,False
ATV SASP,133,PSAP,PSAP,P07602,1.72772709,6.39e-06,2.11004281,soluble,IMR90_fibroblast,E133,False
ATV SASP,134,PTPRK,PTPRK,Q15262,1.727494017,2.26e-08,0.074050739,soluble,IMR90_fibroblast,E134,False
ATV SASP,135,MFAP4,MFAP4,P55083,1.72291864,0.000109719,0.861290455,soluble,IMR90_fibroblast,E135,False
ATV SASP,136,FLNA,FLNA,P21333,1.701693743,2.13e-75,1.016562104,soluble,IMR90_fibroblast,E136,False
ATV SASP,137,FUCA2,FUCA2,Q9BTY2,1.694150479,0.001885314,1.788731933,soluble,IMR90_fibroblast,E137,False
ATV SASP,138,HNRNPA2B1,HNRNPA2B1,P22626,1.690841036,0.000902278,0.935042143,soluble,IMR90_fibroblast,E138,False
ATV SASP,139,MDH2,MDH2,P40926,1.690311696,2.47e-08,1.827026486,soluble,IMR90_fibroblast,E139,False
ATV SASP,140,TRAP1,TRAP1,Q12931,1.687242684,0.000424446,0.100336395,soluble,IMR90_fibroblast,E140,False
ATV SASP,141,COMP,COMP,P49747,1.686750143,0.0010466,0.174073949,soluble,IMR90_fibroblast,E141,False
ATV SASP,142,CTSC,CTSC,P53634,1.683508908,9.29e-05,0.489517421,soluble,IMR90_fibroblast,E142,False
ATV SASP,143,BGN,BGN,P21810,1.682729429,2.52e-15,1.58943212,soluble,IMR90_fibroblast,E143,False
ATV SASP,144,HEXA,HEXA,P06865,1.679015751,5.97e-11,1.263440132,soluble,IMR90_fibroblast,E144,False
ATV SASP,145,C1RL,C1RL,Q9NZP8,1.678707317,0.047422119,2.786273241,soluble,IMR90_fibroblast,E145,False
ATV SASP,146,FBN2,FBN2,P35556,1.658331157,0.001885314,1.115687966,soluble,IMR90_fibroblast,E146,False
ATV SASP,147,RPSA,RPSA,P08865,1.654773097,0.001249159,0.174205393,soluble,IMR90_fibroblast,E147,False
ATV SASP,148,VAT1,VAT1,Q99536,1.653609027,0.001296123,0.893322051,soluble,IMR90_fibroblast,E148,False
ATV SASP,149,HSP90AB1,HSP90AB1,P08238,1.648015569,9.97e-10,1.131474853,soluble,IMR90_fibroblast,E149,False
ATV SASP,150,MASP1,MASP1,P48740,1.642079869,2.17e-05,1.16529572,soluble,IMR90_fibroblast,E150,False
ATV SASP,151,TPT1,TPT1,P13693,1.636558426,0.000178704,0.550840914,soluble,IMR90_fibroblast,E151,False
ATV SASP,152,HTRA1,HTRA1,Q92743,1.63478778,0.000370906,0.622051537,soluble,IMR90_fibroblast,E152,False
ATV SASP,153,MYL12B;MYL12A,,O14950;P19105,1.631060387,8.36e-05,0.44091326,soluble,IMR90_fibroblast,E153,False
ATV SASP,154,ERP44,ERP44,Q9BS26,1.626190959,0.001400819,1.822442174,soluble,IMR90_fibroblast,E154,False
ATV SASP,155,FLNB,FLNB,O75369,1.62259425,9.51e-11,1.070942998,soluble,IMR90_fibroblast,E155,False
ATV SASP,156,GPI,GPI,P06744,1.616598197,0.000565072,2.002639055,soluble,IMR90_fibroblast,E156,False
ATV SASP,157,ENO1,ENO1,P06733,1.609755791,5.73e-18,1.126564145,soluble,IMR90_fibroblast,E157,False
ATV SASP,158,SH3BGRL,SH3BGRL,O75368,1.60290818,0.000283703,1.278638124,soluble,IMR90_fibroblast,E158,False
ATV SASP,159,MRC2,MRC2,Q9UBG0,1.599166141,0.000136311,0.874932408,soluble,IMR90_fibroblast,E159,False
ATV SASP,160,IGFBP5,IGFBP5,P24593,1.598607592,0.007545537,1.462520957,soluble,IMR90_fibroblast,E160,False
ATV SASP,161,THY1,THY1,P04216,1.594949964,0.039271213,1.962981701,soluble,IMR90_fibroblast,E161,False
ATV SASP,162,GNPTG,GNPTG,Q9UJJ9,1.593653162,0.000207839,0.593928039,soluble,IMR90_fibroblast,E162,False
ATV SASP,163,PEA15,PEA15,Q15121,1.587577897,0.017345226,0.814540923,soluble,IMR90_fibroblast,E163,False
ATV SASP,164,CCT8,CCT8,P50990,1.584468419,0.000290199,1.113492846,soluble,IMR90_fibroblast,E164,False
ATV SASP,165,PTK7,PTK7,Q13308,1.582634098,9.27e-08,1.296902657,soluble,IMR90_fibroblast,E165,False
ATV SASP,166,MYL6,MYL6,P60660,1.580649894,1.09e-07,0.724434972,soluble,IMR90_fibroblast,E166,False
ATV SASP,167,PPIA,PPIA,P62937,1.580104534,2.4e-18,0.652598381,soluble,IMR90_fibroblast,E167,False
ATV SASP,168,TPI1,TPI1,P60174,1.576875512,3.35e-18,1.457467318,soluble,IMR90_fibroblast,E168,False
ATV SASP,169,APP,APP,P05067,1.565655271,1.14e-07,0.956432521,soluble,IMR90_fibroblast,E169,False
ATV SASP,170,PGAM1,PGAM1,P18669,1.554317803,2.3e-13,0.683333337,soluble,IMR90_fibroblast,E170,False
ATV SASP,171,LAMB1,LAMB1,P07942,1.552543291,1.65e-21,1.351959109,soluble,IMR90_fibroblast,E171,False
ATV SASP,172,ANXA2,ANXA2,P07355,1.549332396,6.38e-18,1.061246514,soluble,IMR90_fibroblast,E172,False
ATV SASP,173,UBB;UBC;RPS27A;UBA52,,P0CG47;P0CG48;P62979;P62987,1.547716847,0.000951355,1.044220448,soluble,IMR90_fibroblast,E173,False
ATV SASP,174,FKBP1A,FKBP1A,P62942,1.544371103,0.000356274,0.589256704,soluble,IMR90_fibroblast,E174,False
ATV SASP,175,MDH1,MDH1,P40925,1.541009831,0.00016543,0.477034032,soluble,IMR90_fibroblast,E175,False
ATV SASP,176,NAGLU,NAGLU,P54802,1.538064022,4.57e-06,1.237217665,soluble,IMR90_fibroblast,E176,False
ATV SASP,177,EEF1G,EEF1G,P26641,1.53400949,0.005954086,0.413938135,soluble,IMR90_fibroblast,E177,False
ATV SASP,178,RPLP2,RPLP2,P05387,1.522008712,3.88e-05,1.471794486,soluble,IMR90_fibroblast,E178,False
ATV SASP,179,PRDX6,PRDX6,P30041,1.521419836,2.59e-12,1.304312825,soluble,IMR90_fibroblast,E179,False
ATV SASP,180,NRP1,NRP1,O14786,1.515370386,5e-08,0.799921334,soluble,IMR90_fibroblast,E180,False
ATV SASP,181,GSTP1,GSTP1,P09211,1.509687652,3e-11,0.570091903,soluble,IMR90_fibroblast,E181,False
ATV SASP,182,PKM,PKM,P14618,1.502323388,5.36e-24,1.168943167,soluble,IMR90_fibroblast,E182,False
ATV SASP,183,CTSZ,CTSZ,Q9UBR2,1.502092387,0.000147612,1.249741912,soluble,IMR90_fibroblast,E183,False
ATV SASP,184,TXNRD1,TXNRD1,Q16881,1.500637718,0.000333533,1.026313186,soluble,IMR90_fibroblast,E184,False
ATV SASP,185,COL18A1,COL18A1,P39060,1.492572502,2.27e-06,0.693450153,soluble,IMR90_fibroblast,E185,False
ATV SASP,186,DPYSL2,DPYSL2,Q16555,1.478368833,0.0002373,1.700604677,soluble,IMR90_fibroblast,E186,False
ATV SASP,187,PFN1,PFN1,P07737,1.476676673,1.48e-11,1.251296282,soluble,IMR90_fibroblast,E187,False
ATV SASP,188,MTPN,MTPN,P58546,1.465293975,1.77e-05,1.044736147,soluble,IMR90_fibroblast,E188,False
ATV SASP,189,HEXB,HEXB,P07686,1.464809177,5e-05,1.871221066,soluble,IMR90_fibroblast,E189,False
ATV SASP,190,ISOC1,ISOC1,Q96CN7,1.464272501,0.023908228,1.102816105,soluble,IMR90_fibroblast,E190,False
ATV SASP,191,FAM129B,FAM129B,Q96TA1,1.463667479,0.000264302,0.530757487,soluble,IMR90_fibroblast,E191,False
ATV SASP,192,HSPA8,HSPA8,P11142,1.460238754,2.59e-08,1.169419646,soluble,IMR90_fibroblast,E192,False
ATV SASP,193,CUTA,CUTA,O60888,1.459618205,3.13e-08,0.875749409,soluble,IMR90_fibroblast,E193,False
ATV SASP,194,G6PD,G6PD,P11413,1.458694012,0.001487099,0.16395244,soluble,IMR90_fibroblast,E194,False
ATV SASP,195,PSMA7;PSMA8,,O14818;Q8TAA3,1.455277639,0.03292592,1.335435033,soluble,IMR90_fibroblast,E195,False
ATV SASP,196,HSPA1A;HSPA1B,,P0DMV8;P0DMV9,1.454478982,0.000127008,1.54847753,soluble,IMR90_fibroblast,E196,False
ATV SASP,197,CAPZB,CAPZB,P47756,1.451602136,0.000462179,0.521471977,soluble,IMR90_fibroblast,E197,False
ATV SASP,198,EFEMP1,EFEMP1,Q12805,1.449971924,2.01e-11,1.25340426,soluble,IMR90_fibroblast,E198,False
ATV SASP,199,ACTN4,ACTN4,O43707,1.443880306,5.02e-14,1.475965261,soluble,IMR90_fibroblast,E199,False
ATV SASP,200,YWHAQ,YWHAQ,P27348,1.433247725,0.002493518,1.722650051,soluble,IMR90_fibroblast,E200,False
ATV SASP,201,GAA,GAA,P10253,1.433036874,0.000500668,1.557727575,soluble,IMR90_fibroblast,E201,False
ATV SASP,202,PSMB6,PSMB6,P28072,1.431378163,0.042592901,1.249584675,soluble,IMR90_fibroblast,E202,False
ATV SASP,203,APLP2,APLP2,Q06481,1.430767118,0.014486587,0.761467278,soluble,IMR90_fibroblast,E203,False
ATV SASP,204,TIMP2,TIMP2,P16035,1.430216168,1.85e-08,0.918098092,soluble,IMR90_fibroblast,E204,False
ATV SASP,205,ENO3,ENO3,P13929,1.42903893,1.43e-06,0.358907104,soluble,IMR90_fibroblast,E205,False
ATV SASP,206,VASN,VASN,Q6EMK4,1.412381976,9.54e-06,1.322569966,soluble,IMR90_fibroblast,E206,False
ATV SASP,207,AHNAK,AHNAK,Q09666,1.410747619,1.36e-14,1.4214257,soluble,IMR90_fibroblast,E207,False
ATV SASP,208,FSTL1,FSTL1,Q12841,1.397917627,2.32e-06,0.892238379,soluble,IMR90_fibroblast,E208,False
ATV SASP,209,COL3A1,COL3A1,P02461,1.394529568,4.53e-08,1.37962389,soluble,IMR90_fibroblast,E209,False
ATV SASP,210,PDAP1,PDAP1,Q13442,1.389806594,0.027147154,1.545045853,soluble,IMR90_fibroblast,E210,False
ATV SASP,211,YWHAE,YWHAE,P62258,1.385728802,0.002656429,2.207999945,soluble,IMR90_fibroblast,E211,False
ATV SASP,212,SOD1,SOD1,P00441,1.385251188,2.59e-10,0.617621303,soluble,IMR90_fibroblast,E212,False
ATV SASP,213,LDHAL6B,LDHAL6B,Q9BYZ2,1.383862808,0.000153832,0.410446078,soluble,IMR90_fibroblast,E213,False
ATV SASP,214,ARHGDIA,ARHGDIA,P52565,1.372269289,8.04e-05,1.051629066,soluble,IMR90_fibroblast,E214,False
ATV SASP,215,CLEC11A,CLEC11A,Q9Y240,1.366429285,1.83e-06,1.149285793,soluble,IMR90_fibroblast,E215,False
ATV SASP,216,ACTN1,ACTN1,P12814,1.365890763,1.4e-16,1.415591598,soluble,IMR90_fibroblast,E216,False
ATV SASP,217,IPO5,IPO5,O00410,1.362326433,0.001728585,0.920495749,soluble,IMR90_fibroblast,E217,False
ATV SASP,218,CD109,CD109,Q6YHK3,1.360706956,3.11e-09,1.203487039,soluble,IMR90_fibroblast,E218,False
ATV SASP,219,RRBP1,RRBP1,Q9P2E9,1.360425665,0.000793302,0.709591269,soluble,IMR90_fibroblast,E219,False
ATV SASP,220,LIMA1,LIMA1,Q9UHB6,1.356089372,0.020944174,0.886054695,soluble,IMR90_fibroblast,E220,False
ATV SASP,221,VIM,VIM,P08670,1.35607954,2.59e-23,1.352365017,soluble,IMR90_fibroblast,E221,False
ATV SASP,222,TKT,TKT,P29401,1.34948905,4.01e-07,1.125146866,soluble,IMR90_fibroblast,E222,False
ATV SASP,223,HSP90AA1,HSP90AA1,P07900,1.340983687,6.12e-05,1.122175097,soluble,IMR90_fibroblast,E223,False
ATV SASP,224,CLU,CLU,P10909,1.336209167,5.69e-06,1.478682876,soluble,IMR90_fibroblast,E224,False
ATV SASP,225,CALR,CALR,P27797,1.321595475,1.37e-06,0.830743134,soluble,IMR90_fibroblast,E225,False
ATV SASP,226,TXNDC5,TXNDC5,Q8NBS9,1.320959352,0.000800282,1.587865949,soluble,IMR90_fibroblast,E226,False
ATV SASP,227,PRCP,PRCP,P42785,1.316573559,0.000362922,1.317850351,soluble,IMR90_fibroblast,E227,False
ATV SASP,228,GPC1,GPC1,P35052,1.306919854,2.26e-08,1.209997416,soluble,IMR90_fibroblast,E228,False
ATV SASP,229,F5,F5,P12259,1.300489234,0.008823424,2.187593937,soluble,IMR90_fibroblast,E229,False
ATV SASP,230,UGP2,UGP2,Q16851,1.29664739,0.025437546,1.101627827,soluble,IMR90_fibroblast,E230,False
ATV SASP,231,DAG1,DAG1,Q14118,1.29272275,0.009874065,0.511280119,soluble,IMR90_fibroblast,E231,False
ATV SASP,232,POTEF,POTEF,A5A3E0,1.286523509,0.000504374,1.170007825,soluble,IMR90_fibroblast,E232,False
ATV SASP,233,TPM2,TPM2,P07951,1.285925793,1.73e-09,1.098840833,soluble,IMR90_fibroblast,E233,False
ATV SASP,234,LDHA,LDHA,P00338,1.285220678,6.67e-11,1.855290174,soluble,IMR90_fibroblast,E234,False
ATV SASP,235,CALM1,CALM1,P62158,1.279372625,1.6e-06,1.099676371,soluble,IMR90_fibroblast,E235,False
ATV SASP,236,COL12A1,COL12A1,Q99715,1.275711466,1.86e-34,1.121720314,soluble,IMR90_fibroblast,E236,False
ATV SASP,237,F10,F10,P00742,1.27341394,0.001687991,0.716022134,soluble,IMR90_fibroblast,E237,False
ATV SASP,238,LDHB,LDHB,P07195,1.273040751,0.000109719,2.185161591,soluble,IMR90_fibroblast,E238,False
ATV SASP,239,CDH13,CDH13,P55290,1.263082467,0.001387511,0.918025255,soluble,IMR90_fibroblast,E239,False
ATV SASP,240,CFH,CFH,P08603,1.261435316,2.43e-12,1.085119128,soluble,IMR90_fibroblast,E240,False
ATV SASP,241,PLOD3,PLOD3,O60568,1.24895202,0.001903969,1.51194489,soluble,IMR90_fibroblast,E241,False
ATV SASP,242,YWHAZ,YWHAZ,P63104,1.246300159,1.94e-07,1.213514566,soluble,IMR90_fibroblast,E242,False
ATV SASP,243,PARK7,PARK7,Q99497,1.244717304,0.000186549,0.955990076,soluble,IMR90_fibroblast,E243,False
ATV SASP,244,CTSL,CTSL,P07711,1.226696841,0.004744698,0.783101976,soluble,IMR90_fibroblast,E244,False
ATV SASP,245,VCP,VCP,P55072,1.221467258,1.31e-10,1.67762351,soluble,IMR90_fibroblast,E245,False
ATV SASP,246,NID1,NID1,P14543,1.217843612,2.07e-08,1.67715323,soluble,IMR90_fibroblast,E246,False
ATV SASP,247,HSPG2,HSPG2,P98160,1.211016105,8.5e-65,1.095415831,soluble,IMR90_fibroblast,E247,False
ATV SASP,248,CSRP1,CSRP1,P21291,1.210430664,0.0002373,0.916661203,soluble,IMR90_fibroblast,E248,False
ATV SASP,249,QPCT,QPCT,Q16769,1.200978832,0.008953921,0.357108265,soluble,IMR90_fibroblast,E249,False
ATV SASP,250,WDR1,WDR1,O75083,1.193628154,4.77e-08,0.826865733,soluble,IMR90_fibroblast,E250,False
ATV SASP,251,VCL,VCL,P18206,1.169744056,9.59e-11,1.351670384,soluble,IMR90_fibroblast,E251,False
ATV SASP,252,LEPRE1,LEPRE1,Q32P28,1.167367357,0.000504374,0.079189181,soluble,IMR90_fibroblast,E252,False
ATV SASP,253,CTHRC1,CTHRC1,Q96CG8,1.163417587,0.013022075,2.626234293,soluble,IMR90_fibroblast,E253,False
ATV SASP,254,LRP1,LRP1,Q07954,1.13630962,0.000118202,1.699576855,soluble,IMR90_fibroblast,E254,False
ATV SASP,255,TUBA1B,TUBA1B,P68363,1.131205225,4.64e-12,1.024842262,soluble,IMR90_fibroblast,E255,False
ATV SASP,256,COL1A2,COL1A2,P08123,1.130856235,5.97e-20,1.281515241,soluble,IMR90_fibroblast,E256,False
ATV SASP,257,EEF2,EEF2,P13639,1.127120269,3.83e-10,1.272665977,soluble,IMR90_fibroblast,E257,False
ATV SASP,258,MFAP5,MFAP5,Q13361,1.113543706,0.044973828,1.873879075,soluble,IMR90_fibroblast,E258,False
ATV SASP,259,IGFBP7,IGFBP7,Q16270,1.113298472,4.76e-07,1.272231698,soluble,IMR90_fibroblast,E259,False
ATV SASP,260,ANXA1,ANXA1,P04083,1.109998906,5.26e-07,1.494485974,soluble,IMR90_fibroblast,E260,False
ATV SASP,261,PEBP1,PEBP1,P30086,1.101158888,0.000192634,1.00279665,soluble,IMR90_fibroblast,E261,False
ATV SASP,262,AGRN,AGRN,O00468,1.100028699,3.72e-05,1.650112867,soluble,IMR90_fibroblast,E262,False
ATV SASP,263,FN1,FN1,P02751,1.097031842,3.33e-81,1.307599425,soluble,IMR90_fibroblast,E263,False
ATV SASP,264,POSTN,POSTN,Q15063,1.095243697,2.36e-15,1.370049,soluble,IMR90_fibroblast,E264,False
ATV SASP,265,CFL1,CFL1,P23528,1.09410313,6.57e-11,1.009308934,soluble,IMR90_fibroblast,E265,False
ATV SASP,266,RNASET2,RNASET2,O00584,1.088144892,0.000296409,0.69635874,soluble,IMR90_fibroblast,E266,False
ATV SASP,267,GDI2,GDI2,P50395,1.074960412,1.92e-07,1.360385418,soluble,IMR90_fibroblast,E267,False
ATV SASP,268,CLIC1,CLIC1,O00299,1.074411745,2.89e-05,1.629932046,soluble,IMR90_fibroblast,E268,False
ATV SASP,269,ACTC1,ACTC1,P68032,1.054860171,5.5e-06,1.11857605,soluble,IMR90_fibroblast,E269,False
ATV SASP,270,ANGPTL1;ANGPTL2,,O95841;Q9UKU9,1.053930201,0.052587282,1.524716496,soluble,IMR90_fibroblast,E270,False
ATV SASP,271,ACTB;ACTG1,,P60709;P63261,1.045645643,1.36e-15,1.520344853,soluble,IMR90_fibroblast,E271,False
ATV SASP,272,CALD1,CALD1,Q05682,1.039338766,0.000818534,1.815172791,soluble,IMR90_fibroblast,E272,False
ATV SASP,273,SIL1,SIL1,Q9H173,1.028711076,0.004006458,1.390283942,soluble,IMR90_fibroblast,E273,False
ATV SASP,274,TUBB4A,TUBB4A,P04350,1.01697832,0.000632243,0.82638216,soluble,IMR90_fibroblast,E274,False
ATV SASP,275,CORO1C,CORO1C,Q9ULV4,1.006326302,0.001970763,0.526516736,soluble,IMR90_fibroblast,E275,False
ATV SASP,276,ALDH1A1,ALDH1A1,P00352,1.00086204,0.000724595,1.180921912,soluble,IMR90_fibroblast,E276,False
ATV SASP,277,BST1,BST1,Q10588,0.999127439,0.000504374,0.373376578,soluble,IMR90_fibroblast,E277,False
ATV SASP,278,SH3BGRL3,SH3BGRL3,Q9H299,0.994002212,0.009522645,0.886036158,soluble,IMR90_fibroblast,E278,False
ATV SASP,279,PXDN,PXDN,Q92626,0.990066818,5.57e-06,1.05131948,soluble,IMR90_fibroblast,E279,False
ATV SASP,280,GANAB,GANAB,Q14697,0.988965989,0.000116292,1.713921547,soluble,IMR90_fibroblast,E280,False
ATV SASP,281,VCAN,VCAN,P13611,0.982298365,0.008083642,1.295215964,soluble,IMR90_fibroblast,E281,False
ATV SASP,282,ACTBL2,ACTBL2,Q562R1,0.978830961,4.41e-10,0.370772779,soluble,IMR90_fibroblast,E282,False
ATV SASP,283,APOD,APOD,P05090,0.975552036,0.012989299,2.960373163,soluble,IMR90_fibroblast,E283,False
ATV SASP,284,COL1A1,COL1A1,P02452,0.961213857,2.44e-10,1.345277309,soluble,IMR90_fibroblast,E284,False
ATV SASP,285,TUBB8,TUBB8,Q3ZCM7,0.951381055,0.038294404,0.87266326,soluble,IMR90_fibroblast,E285,False
ATV SASP,286,CLIC4,CLIC4,Q9Y696,0.9476546,0.000122444,1.119759083,soluble,IMR90_fibroblast,E286,False
ATV SASP,287,TFG,TFG,Q92734,0.945544067,0.045838274,0.99832207,soluble,IMR90_fibroblast,E287,False
ATV SASP,288,TAGLN2,TAGLN2,P37802,0.934348731,1.56e-07,1.621917963,soluble,IMR90_fibroblast,E288,False
ATV SASP,289,TUBA1A,TUBA1A,Q71U36,0.926566,0.004744698,1.228674054,soluble,IMR90_fibroblast,E289,False
ATV SASP,290,DSTN,DSTN,P60981,0.926386265,0.004453023,0.736367822,soluble,IMR90_fibroblast,E290,False
ATV SASP,291,SERPINH1,SERPINH1,P50454,0.923446437,9.43e-15,0.784006178,soluble,IMR90_fibroblast,E291,False
ATV SASP,292,TLN1,TLN1,Q9Y490,0.913939393,3.93e-18,0.874804437,soluble,IMR90_fibroblast,E292,False
ATV SASP,293,LASP1,LASP1,Q14847,0.912042998,0.000691591,1.060800433,soluble,IMR90_fibroblast,E293,False
ATV SASP,294,MSN,MSN,P26038,0.90829475,3.81e-08,1.320807457,soluble,IMR90_fibroblast,E294,False
ATV SASP,295,DCD,DCD,P81605,0.894240386,0.036336247,1.15827477,soluble,IMR90_fibroblast,E295,False
ATV SASP,296,PSMA3,PSMA3,P25788,0.883062195,0.008846984,0.966323555,soluble,IMR90_fibroblast,E296,False
ATV SASP,297,ALDOA,ALDOA,P04075,0.878240185,2.44e-18,1.209252834,soluble,IMR90_fibroblast,E297,False
ATV SASP,298,CAPZA1,CAPZA1,P52907,0.856259534,0.006360508,1.149033785,soluble,IMR90_fibroblast,E298,False
ATV SASP,299,RCN3,RCN3,Q96D15,0.8544812,0.00010949,1.407228231,soluble,IMR90_fibroblast,E299,False
ATV SASP,300,CSPG4,CSPG4,Q6UVK1,0.853644787,0.0010466,0.745999634,soluble,IMR90_fibroblast,E300,False
ATV SASP,301,IGF2,IGF2,P01344,0.844904213,0.00191332,0.539760411,soluble,IMR90_fibroblast,E301,False
ATV SASP,302,FBN1,FBN1,P35555,0.830091324,1.85e-11,0.841855645,soluble,IMR90_fibroblast,E302,False
ATV SASP,303,RCN1,RCN1,Q15293,0.828279355,0.026471034,3.59029007,soluble,IMR90_fibroblast,E303,False
ATV SASP,304,NID2,NID2,Q14112,0.816026385,0.021513131,1.57304585,soluble,IMR90_fibroblast,E304,False
ATV SASP,305,ANPEP,ANPEP,P15144,0.80485226,8.12e-05,1.377825141,soluble,IMR90_fibroblast,E305,False
ATV SASP,306,LOX,LOX,P28300,0.800285875,0.008504469,0.704319179,soluble,IMR90_fibroblast,E306,False
ATV SASP,307,THBS2,THBS2,P35442,0.787737476,2.59e-06,0.410682559,soluble,IMR90_fibroblast,E307,False
ATV SASP,308,SOD3,SOD3,P08294,0.785536634,0.000492733,1.282054782,soluble,IMR90_fibroblast,E308,False
ATV SASP,309,CLEC3B,CLEC3B,P05452,0.76831476,0.000710169,1.930548429,soluble,IMR90_fibroblast,E309,False
ATV SASP,310,FLNC,FLNC,Q14315,0.765831308,5.49e-09,1.218558311,soluble,IMR90_fibroblast,E310,False
ATV SASP,311,TP53BP1,TP53BP1,Q12888,0.758115182,0.16382539,5.748636723,soluble,IMR90_fibroblast,E311,False
ATV SASP,312,XRCC6,XRCC6,P12956,0.756374993,0.064866606,2.37678051,soluble,IMR90_fibroblast,E312,False
ATV SASP,313,CAP1,CAP1,Q01518,0.749177054,0.001156792,0.371263683,soluble,IMR90_fibroblast,E313,False
ATV SASP,314,HLA-C,HLA-C,P10321,0.748216842,9.25e-07,2.058846235,soluble,IMR90_fibroblast,E314,False
ATV SASP,315,EIF5A,EIF5A,P63241,0.745676611,0.000368519,1.602305293,soluble,IMR90_fibroblast,E315,False
ATV SASP,316,FAM3C,FAM3C,Q92520,0.733419705,0.009584052,1.030376315,soluble,IMR90_fibroblast,E316,False
ATV SASP,317,EFEMP2,EFEMP2,O95967,0.724378802,6.12e-05,0.529314578,soluble,IMR90_fibroblast,E317,False
ATV SASP,318,GSN,GSN,P06396,0.723683926,1.56e-07,1.083343029,soluble,IMR90_fibroblast,E318,False
ATV SASP,319,PRDX1,PRDX1,Q06830,0.719875993,4.67e-06,1.378492117,soluble,IMR90_fibroblast,E319,False
ATV SASP,320,TXN,TXN,P10599,0.71949079,0.013792958,1.579661846,soluble,IMR90_fibroblast,E320,False
ATV SASP,321,PLG,PLG,P00747,0.704928164,0.003532143,1.322568893,soluble,IMR90_fibroblast,E321,False
ATV SASP,322,COL6A2,COL6A2,P12110,0.700760233,2.14e-12,1.661460161,soluble,IMR90_fibroblast,E322,False
ATV SASP,323,PTRF,PTRF,Q6NZI2,0.700701645,0.000349893,0.940280437,soluble,IMR90_fibroblast,E323,False
ATV SASP,324,PTBP1,PTBP1,P26599,0.6856218,0.010031764,1.805982232,soluble,IMR90_fibroblast,E324,False
ATV SASP,325,MAN2B1,MAN2B1,O00754,0.68237134,0.071039172,1.05505228,soluble,IMR90_fibroblast,E325,False
ATV SASP,326,ANXA6,ANXA6,P08133,0.682167048,0.002680309,0.805371583,soluble,IMR90_fibroblast,E326,False
ATV SASP,327,PRSS23,PRSS23,O95084,0.665626722,0.003000917,0.740555525,soluble,IMR90_fibroblast,E327,False
ATV SASP,328,HSP90B1,HSP90B1,P14625,0.66314306,5.65e-05,2.093025208,soluble,IMR90_fibroblast,E328,False
ATV SASP,329,TUBB1,TUBB1,Q9H4B7,0.661630025,0.087122295,1.695793271,soluble,IMR90_fibroblast,E329,False
ATV SASP,330,43710,43710,Q15019,0.658521326,0.001848667,0.750414312,soluble,IMR90_fibroblast,E330,False
ATV SASP,331,COL5A1,COL5A1,P20908,0.650423744,3.75e-07,0.67955035,soluble,IMR90_fibroblast,E331,False
ATV SASP,332,PLS3,PLS3,P13797,0.648967089,0.003818385,0.870017648,soluble,IMR90_fibroblast,E332,False
ATV SASP,333,EZR,EZR,P15311,0.644490445,0.005954086,1.251649976,soluble,IMR90_fibroblast,E333,False
ATV SASP,334,ALCAM,ALCAM,Q13740,0.643413754,0.016349994,1.113499045,soluble,IMR90_fibroblast,E334,False
ATV SASP,335,CALU,CALU,O43852,0.642127557,3.56e-05,0.801816702,soluble,IMR90_fibroblast,E335,False
ATV SASP,336,GREM1;GREM2,,O60565;Q9H772,0.634603869,0.030923471,0.471532315,soluble,IMR90_fibroblast,E336,False
ATV SASP,337,LOXL2,LOXL2,Q9Y4K0,0.617954103,4.2e-06,0.846877992,soluble,IMR90_fibroblast,E337,False
ATV SASP,338,COTL1,COTL1,Q14019,0.616859763,0.001487099,0.664850593,soluble,IMR90_fibroblast,E338,False
ATV SASP,339,MAPRE1,MAPRE1,Q15691,0.595147176,0.058215265,0.668370843,soluble,IMR90_fibroblast,E339,False
ATV SASP,340,ANXA5,ANXA5,P08758,0.591083988,6.75e-09,1.504073977,soluble,IMR90_fibroblast,E340,False
ATV SASP,341,ALDOC,ALDOC,P09972,0.590207757,0.000457876,1.105483413,soluble,IMR90_fibroblast,E341,False
ATV SASP,342,GLO1,GLO1,Q04760,0.589269969,0.017737107,1.419491887,soluble,IMR90_fibroblast,E342,False
ATV SASP,343,SPARC,SPARC,P09486,0.557176377,6.56e-10,0.977152348,soluble,IMR90_fibroblast,E343,False
ATV SASP,344,TRIT1,TRIT1,Q9H3H1,0.554168554,0.054309973,0.908150673,soluble,IMR90_fibroblast,E344,False
ATV SASP,345,TF,TF,P02787,0.540872609,0.013647826,0.657669723,soluble,IMR90_fibroblast,E345,False
ATV SASP,346,RAP1B;RAP1A,,P61224;P62834,0.535318546,0.036336247,1.543839455,soluble,IMR90_fibroblast,E346,False
ATV SASP,347,SERPINE1,SERPINE1,P05121,0.532597298,0.000368519,1.124769449,soluble,IMR90_fibroblast,E347,False
ATV SASP,348,IGFBP3,IGFBP3,P17936,0.525227271,2.89e-05,1.146948934,soluble,IMR90_fibroblast,E348,False
ATV SASP,349,PRDX2,PRDX2,P32119,0.508767623,0.002000445,1.144701242,soluble,IMR90_fibroblast,E349,False
ATV SASP,350,A2M,A2M,P01023,0.501298096,0.000490977,1.343998075,soluble,IMR90_fibroblast,E350,False
ATV SASP,351,ACTR3,ACTR3,P61158,0.492736785,0.000362922,1.480368495,soluble,IMR90_fibroblast,E351,False
ATV SASP,352,SERPINC1,SERPINC1,P01008,0.485281065,0.01837838,0.896443129,soluble,IMR90_fibroblast,E352,False
ATV SASP,353,F2,F2,P00734,0.478207293,0.016349994,0.632025182,soluble,IMR90_fibroblast,E353,False
ATV SASP,354,CYR61,CYR61,O00622,0.447829684,0.004834244,0.768987,soluble,IMR90_fibroblast,E354,False
ATV SASP,355,PZP,PZP,P20742,0.433045826,0.027147154,0.843091309,soluble,IMR90_fibroblast,E355,False
ATV SASP,356,SDF4,SDF4,Q9BRK5,0.426679842,0.010517943,1.863054752,soluble,IMR90_fibroblast,E356,False
ATV SASP,357,C4A,C4A,P0C0L4,0.425898133,0.058125247,2.07912159,soluble,IMR90_fibroblast,E357,False
ATV SASP,358,IGFBP2,IGFBP2,P18065,0.421118465,0.004501667,1.232638478,soluble,IMR90_fibroblast,E358,False
ATV SASP,359,KRT2,KRT2,P35908,0.401925594,1.02e-07,1.243061423,soluble,IMR90_fibroblast,E359,False
ATV SASP,360,RBP4,RBP4,P02753,0.386500053,0.084832477,3.010395288,soluble,IMR90_fibroblast,E360,False
ATV SASP,361,KRT10,KRT10,P13645,0.373581459,2.67e-05,1.439276934,soluble,IMR90_fibroblast,E361,False
ATV SASP,362,RAD23B,RAD23B,P54727,0.357637982,0.015388628,1.821329594,soluble,IMR90_fibroblast,E362,False
ATV SASP,363,TUBB,TUBB,P07437,0.34120877,6.38e-13,1.120609283,soluble,IMR90_fibroblast,E363,False
ATV SASP,364,UCHL1,UCHL1,P09936,0.327984469,0.00391143,2.186821938,soluble,IMR90_fibroblast,E364,False
ATV SASP,365,YWHAH,YWHAH,Q04917,0.31815587,0.145290037,1.291735888,soluble,IMR90_fibroblast,E365,False
ATV SASP,366,PLOD2,PLOD2,O00469,0.313203222,0.048606225,1.644544125,soluble,IMR90_fibroblast,E366,False
ATV SASP,367,C3,C3,P01024,0.307607655,3.25e-06,1.567493796,soluble,IMR90_fibroblast,E367,False
ATV SASP,368,COL11A1,COL11A1,P12107,0.305618679,0.049909132,0.357331008,soluble,IMR90_fibroblast,E368,False
ATV SASP,369,COL4A2,COL4A2,P08572,0.299049051,0.010086222,1.082611322,soluble,IMR90_fibroblast,E369,False
ATV SASP,370,ITIH3,ITIH3,Q06033,0.296805079,0.08424196,0.876287282,soluble,IMR90_fibroblast,E370,False
ATV SASP,371,CFI,CFI,P05156,0.295930483,0.086512221,0.642497897,soluble,IMR90_fibroblast,E371,False
ATV SASP,372,APOB,APOB,P04114,0.290421102,0.017737107,0.76936537,soluble,IMR90_fibroblast,E372,False
ATV SASP,373,CLTC,CLTC,Q00610,0.288286281,1.7e-05,1.947582603,soluble,IMR90_fibroblast,E373,False
ATV SASP,374,THBS1,THBS1,P07996,0.26901469,1.75e-09,1.453385353,soluble,IMR90_fibroblast,E374,False
ATV SASP,375,COL5A2,COL5A2,P05997,0.266255673,0.035541621,0.88010323,soluble,IMR90_fibroblast,E375,False
ATV SASP,376,VASP,VASP,P50552,0.250375133,0.106687659,1.136559725,soluble,IMR90_fibroblast,E376,False
ATV SASP,377,A1BG,A1BG,P04217,0.2494125,0.089621839,0.631648004,soluble,IMR90_fibroblast,E377,False
ATV SASP,378,CD81,CD81,P60033,0.219093468,0.059007106,1.297613978,soluble,IMR90_fibroblast,E378,False
ATV SASP,379,SNX3,SNX3,O60493,0.209922417,0.122582924,0.79997927,soluble,IMR90_fibroblast,E379,False
ATV SASP,380,CAND1,CAND1,Q86VP6,0.209361236,0.119085826,0.86307621,soluble,IMR90_fibroblast,E380,False
ATV SASP,381,APOE,APOE,P02649,0.205940617,0.097778496,0.371862411,soluble,IMR90_fibroblast,E381,False
ATV SASP,382,GC,GC,P02774,0.178983012,0.064185589,1.011044025,soluble,IMR90_fibroblast,E382,False
ATV SASP,383,LMNA,LMNA,P02545,0.112646923,3.92e-11,2.079511166,soluble,IMR90_fibroblast,E383,False
ATV SASP,384,BTD,BTD,P43251,0.111389217,0.161623253,0.766385376,soluble,IMR90_fibroblast,E384,False
ATV SASP,385,APOC3,APOC3,P02656,0.10180122,0.125490559,0.477598011,soluble,IMR90_fibroblast,E385,False
ATV SASP,386,COL4A1,COL4A1,P02462,0.090400679,0.063647454,0.243982211,soluble,IMR90_fibroblast,E386,False
ATV SASP,387,LTF,LTF,P02788,0.090030794,0.091759241,0.908924818,soluble,IMR90_fibroblast,E387,False
ATV SASP,388,RIC8B,RIC8B,Q9NVN3,0.079443528,0.147969814,0.717818856,soluble,IMR90_fibroblast,E388,False
ATV SASP,389,SERPINF2,SERPINF2,P08697,0.059546323,0.146900564,0.476412863,soluble,IMR90_fibroblast,E389,False
ATV SASP,390,VTN,VTN,P04004,0.051894539,0.120622506,0.587109923,soluble,IMR90_fibroblast,E390,False
ATV SASP,391,SERPINA7,SERPINA7,P05543,0.042224882,0.14321171,0.640278399,soluble,IMR90_fibroblast,E391,False
ATV SASP,392,PRSS1;PRSS2;PRSS3P2,,P07477;P07478;Q8NHM4,0.041927712,0.152885706,0.697002769,soluble,IMR90_fibroblast,E392,False
ATV SASP,393,SERPINF1,SERPINF1,P36955,0.039338811,4.43e-05,1.804327846,soluble,IMR90_fibroblast,E393,False
ATV SASP,394,KRT6B,KRT6B,P04259,0.033669669,0.020944174,1.520824671,soluble,IMR90_fibroblast,E394,False
ATV SASP,395,HGFAC,HGFAC,Q04756,0.032313404,0.168260301,0.427268416,soluble,IMR90_fibroblast,E395,False
ATV SASP,396,HBA1,HBA1,P69905,0.020822611,0.058215265,0.562229216,soluble,IMR90_fibroblast,E396,False
ATV SASP,397,HSPB1,HSPB1,P04792,-0.003804559,0.159088222,0.536161184,soluble,IMR90_fibroblast,E397,False
ATV SASP,398,PDLIM7,PDLIM7,Q9NR12,-0.006574073,0.041696237,2.363799095,soluble,IMR90_fibroblast,E398,False
ATV SASP,399,DSP,DSP,P15924,-0.027306234,0.073866986,1.80515635,soluble,IMR90_fibroblast,E399,False
ATV SASP,400,JUP,JUP,P14923,-0.028328043,0.086730935,1.238677502,soluble,IMR90_fibroblast,E400,False
ATV SASP,401,ADPRH,ADPRH,P54922,-0.084797896,0.109842189,2.088848352,soluble,IMR90_fibroblast,E401,False
ATV SASP,402,KRT7,KRT7,P08729,-0.091389564,0.040580904,0.772884607,soluble,IMR90_fibroblast,E402,False
ATV SASP,403,ALB,ALB,P02768,-0.097982911,0.114488487,1.365159035,soluble,IMR90_fibroblast,E403,False
ATV SASP,404,PDXK,PDXK,O00764,-0.112292383,0.156354377,1.848907948,soluble,IMR90_fibroblast,E404,False
ATV SASP,405,CALML5,CALML5,Q9NZT1,-0.115020767,0.14321171,1.053887606,soluble,IMR90_fibroblast,E405,False
ATV SASP,406,ITIH2,ITIH2,P19823,-0.136692404,0.106713998,1.259204507,soluble,IMR90_fibroblast,E406,False
ATV SASP,407,KRT9,KRT9,P35527,-0.14730598,0.16143262,1.135131359,soluble,IMR90_fibroblast,E407,False
ATV SASP,408,TPM3,TPM3,P06753,-0.181426548,0.10609484,2.546429634,soluble,IMR90_fibroblast,E408,False
ATV SASP,409,KRT5,KRT5,P13647,-0.183669656,0.073609269,1.032137036,soluble,IMR90_fibroblast,E409,False
ATV SASP,410,CKM,CKM,P06732,-0.213223777,0.05068195,2.489494562,soluble,IMR90_fibroblast,E410,False
ATV SASP,411,SERPIND1,SERPIND1,P05546,-0.26431864,0.124256188,2.571013451,soluble,IMR90_fibroblast,E411,False
ATV SASP,412,AMY1A;AMY2A;AMY2B,,P04745;P04746;P19961,-0.274509505,0.06745578,0.541672945,soluble,IMR90_fibroblast,E412,False
ATV SASP,413,HBD;HBE1;HBB;HBG1;HBG2,,P02042;P02100;P68871;P69891;P69892,-0.275032487,0.024158355,0.525511026,soluble,IMR90_fibroblast,E413,False
ATV SASP,414,GAPDHS,GAPDHS,O14556,-0.292628809,0.154843183,1.483972192,soluble,IMR90_fibroblast,E414,False
ATV SASP,415,ATP2A1;ATP2A2,,O14983;P16615,-0.311937719,0.09844609,1.604807019,soluble,IMR90_fibroblast,E415,False
ATV SASP,416,KRT1,KRT1,P04264,-0.335133337,0.124256188,1.504914522,soluble,IMR90_fibroblast,E416,False
ATV SASP,417,DSG1,DSG1,Q02413,-0.410689816,0.046365265,1.226586938,soluble,IMR90_fibroblast,E417,False
ATV SASP,418,PAM,PAM,P19021,-0.441094369,0.063647454,2.433392525,soluble,IMR90_fibroblast,E418,False
ATV SASP,419,ANXA11,ANXA11,P50995,-0.467080094,0.013152609,1.14438796,soluble,IMR90_fibroblast,E419,False
ATV SASP,420,CTGF,CTGF,P29279,-0.547592272,0.006733942,0.854117215,soluble,IMR90_fibroblast,E420,False
ATV SASP,421,KRT78,KRT78,Q8N1N4,-0.555850835,0.151848794,1.12376678,soluble,IMR90_fibroblast,E421,False
ATV SASP,422,ACO1,ACO1,P21399,-0.665199161,0.10014641,4.335515499,soluble,IMR90_fibroblast,E422,False
ATV SASP,423,CP,CP,P00450,-0.687429904,0.05414545,0.876698136,soluble,IMR90_fibroblast,E423,False
ATV SASP,424,ATP13A3,ATP13A3,Q9H7F0,-0.699873586,0.147510844,4.847248554,soluble,IMR90_fibroblast,E424,False
ATV SASP,425,TPM1,TPM1,P09493,-0.820096795,0.129083673,1.945270538,soluble,IMR90_fibroblast,E425,False
ATV SASP,426,TPM4,TPM4,P67936,-0.849418313,0.022194514,2.40981102,soluble,IMR90_fibroblast,E426,False
ATV SASP,427,LTBP2,LTBP2,Q14767,-0.906827089,0.114492574,1.886059165,soluble,IMR90_fibroblast,E427,False
ATV SASP,428,TANK,TANK,Q92844,-0.931822151,0.096530997,5.024137974,soluble,IMR90_fibroblast,E428,False
ATV SASP,429,GPX3,GPX3,P22352,-1.121866871,0.100711626,1.570637703,soluble,IMR90_fibroblast,E429,False
ATV SASP,430,KRT14,KRT14,P02533,-1.141541641,0.003741578,1.680977941,soluble,IMR90_fibroblast,E430,False
ATV SASP,431,MAT2A,MAT2A,P31153,-1.141600181,0.159794459,2.674122572,soluble,IMR90_fibroblast,E431,False
ATV SASP,432,ATP2A3,ATP2A3,Q93084,-1.232519156,0.022065256,1.975604653,soluble,IMR90_fibroblast,E432,False
ATV SASP,433,MYLPF,MYLPF,Q96A32,-1.260109612,0.161517507,2.501983166,soluble,IMR90_fibroblast,E433,False
ATV SASP,434,LIMCH1,LIMCH1,Q9UPQ0,-1.327328197,0.051997482,1.32145822,soluble,IMR90_fibroblast,E434,False
ATV SASP,435,KRT6A,KRT6A,P02538,-1.353998377,8.4e-08,1.414549708,soluble,IMR90_fibroblast,E435,False
ATV SASP,436,RAB32,RAB32,Q13637,-1.358582678,0.070301274,1.42165792,soluble,IMR90_fibroblast,E436,False
ATV SASP,437,CCT2,CCT2,P78371,-1.542185325,0.168582266,2.713256836,soluble,IMR90_fibroblast,E437,False
ATV SASP,438,KRT16,KRT16,P08779,-1.572232133,1.94e-09,1.403642654,soluble,IMR90_fibroblast,E438,False
ATV SASP,439,MYH3;MYH1;MYH2,,P11055;P12882;Q9UKX2,-1.630282725,0.002850988,2.063141108,soluble,IMR90_fibroblast,E439,False
ATV SASP,440,MYH7;MYH6,,P12883;P13533,-1.679132431,0.047191142,1.58283031,soluble,IMR90_fibroblast,E440,False
ATV SASP,441,KRT17,KRT17,Q04695,-1.749701249,0.001810723,1.861463904,soluble,IMR90_fibroblast,E441,False
ATV SASP,442,GBE1,GBE1,Q04446,-2.288898322,0.129982505,2.317512274,soluble,IMR90_fibroblast,E442,False
ATV SASP,443,LMNB1,LMNB1,P20700,-2.949536034,0.147647439,4.268857479,soluble,IMR90_fibroblast,E443,False
IR Epithelial SASP,4,KRT82,KRT82,Q9NSB4,6.588066185,0.136678791,5.723805428,soluble,renal_epithelial,E4,False
IR Epithelial SASP,5,SST,SST,P61278,3.121014217,0.13499474,4.511201859,soluble,renal_epithelial,E5,False
IR Epithelial SASP,6,ALDH18A1,ALDH18A1,P54886,2.905567582,0.017137802,1.057019472,soluble,renal_epithelial,E6,False
IR Epithelial SASP,7,CDKN2A;CDKN2B,,P42771;P42772,2.74190414,0.006761322,0.543612897,soluble,renal_epithelial,E7,False
IR Epithelial SASP,8,ERGIC1,ERGIC1,Q969X5,2.67289553,0.001160807,0.951868176,soluble,renal_epithelial,E8,False
IR Epithelial SASP,9,KRT75,KRT75,O95678,2.608445612,0.110167887,1.666766882,soluble,renal_epithelial,E9,False
IR Epithelial SASP,10,RAP1GDS1,RAP1GDS1,P52306,2.529916359,0.082948967,2.995637894,soluble,renal_epithelial,E10,False
IR Epithelial SASP,11,MTHFD1,MTHFD1,P11586,2.281492005,0.164305152,3.647245646,soluble,renal_epithelial,E11,False
IR Epithelial SASP,12,VDAC3,VDAC3,Q9Y277,2.198868313,0.022433078,0.989893436,soluble,renal_epithelial,E12,False
IR Epithelial SASP,13,KRT31,KRT31,Q15323,2.128414475,0.068081243,3.189250231,soluble,renal_epithelial,E13,False
IR Epithelial SASP,14,FLII,FLII,Q13045,2.080895419,8.71e-07,0.401508033,soluble,renal_epithelial,E14,False
IR Epithelial SASP,15,TOMM70A,TOMM70A,O94826,2.078917991,0.028931518,1.09643662,soluble,renal_epithelial,E15,False
IR Epithelial SASP,16,VDAC1,VDAC1,P21796,2.005718581,7.98e-17,1.022800803,soluble,renal_epithelial,E16,False
IR Epithelial SASP,17,KRT36,KRT36,O76013,1.960324166,0.22376929,3.212776899,soluble,renal_epithelial,E17,False
IR Epithelial SASP,18,GDF15,GDF15,Q99988,1.95882424,2.64e-06,0.867809832,soluble,renal_epithelial,E18,False
IR Epithelial SASP,19,GPX1,GPX1,P07203,1.893263349,0.003828571,1.18499577,soluble,renal_epithelial,E19,False
IR Epithelial SASP,20,IDH2,IDH2,P48735,1.858760445,1.88e-08,1.173992157,soluble,renal_epithelial,E20,False
IR Epithelial SASP,21,ATL3,ATL3,Q6DD88,1.833706722,0.024264921,0.873517811,soluble,renal_epithelial,E21,False
IR Epithelial SASP,22,SPON1,SPON1,Q9HCB6,1.722164219,1.73e-11,0.706762671,soluble,renal_epithelial,E22,False
IR Epithelial SASP,23,OSTF1,OSTF1,Q92882,1.696387785,0.04215392,1.262696505,soluble,renal_epithelial,E23,False
IR Epithelial SASP,24,ARPC5L,ARPC5L,Q9BPX5,1.618972022,0.010753021,0.461349368,soluble,renal_epithelial,E24,False
IR Epithelial SASP,25,ATP6V0A1,ATP6V0A1,Q93050,1.581249319,0.026205635,0.659456789,soluble,renal_epithelial,E25,False
IR Epithelial SASP,26,RHOC,RHOC,P08134,1.574859868,0.000112344,0.342964828,soluble,renal_epithelial,E26,False
IR Epithelial SASP,27,CLU,CLU,P10909,1.569294901,1.79e-14,0.895837426,soluble,renal_epithelial,E27,False
IR Epithelial SASP,28,GFM2,GFM2,Q969S9,1.550060321,0.09731716,4.734016895,soluble,renal_epithelial,E28,False
IR Epithelial SASP,29,VDAC2,VDAC2,P45880,1.545399636,0.000445285,1.154091477,soluble,renal_epithelial,E29,False
IR Epithelial SASP,30,LARS,LARS,Q9P2J5,1.511079519,0.005717465,0.329430521,soluble,renal_epithelial,E30,False
IR Epithelial SASP,31,PHB2,PHB2,Q99623,1.491998478,0.063132297,2.809838057,soluble,renal_epithelial,E31,False
IR Epithelial SASP,32,ACADM,ACADM,P11310,1.471481554,0.013205308,0.428809017,soluble,renal_epithelial,E32,False
IR Epithelial SASP,33,SNRPB;SNRPN,,P14678;P63162,1.458794733,0.032147322,0.883843482,soluble,renal_epithelial,E33,False
IR Epithelial SASP,34,TNFAIP8,TNFAIP8,O95379,1.453123467,0.004650636,0.201180056,soluble,renal_epithelial,E34,False
IR Epithelial SASP,35,HBA1,HBA1,P69905,1.443206905,0.0004309,1.224925756,soluble,renal_epithelial,E35,False
IR Epithelial SASP,36,CKM,CKM,P06732,1.434524144,0.006795009,0.288480997,soluble,renal_epithelial,E36,False
IR Epithelial SASP,37,MT-CO2,MT-CO2,P00403,1.424037336,0.079492258,2.132618666,soluble,renal_epithelial,E37,False
IR Epithelial SASP,38,HMGA1,HMGA1,P17096,1.403305521,0.005115914,1.144354582,soluble,renal_epithelial,E38,False
IR Epithelial SASP,39,TGM2,TGM2,P21980,1.378743962,1.23e-19,0.92800647,soluble,renal_epithelial,E39,False
IR Epithelial SASP,40,TUBB1,TUBB1,Q9H4B7,1.367384366,0.015219412,0.460220218,soluble,renal_epithelial,E40,False
IR Epithelial SASP,41,IQGAP2,IQGAP2,Q13576,1.35152579,0.078917855,1.2467556,soluble,renal_epithelial,E41,False
IR Epithelial SASP,42,TUBB2A,TUBB2A,Q13885,1.322413526,1.75e-14,0.768972337,soluble,renal_epithelial,E42,False
IR Epithelial SASP,43,EEF1A1,EEF1A1,P68104,1.311353114,7.81e-37,0.720021427,soluble,renal_epithelial,E43,False
IR Epithelial SASP,44,XPNPEP3,XPNPEP3,Q9NQH7,1.305133598,0.037267464,1.601838589,soluble,renal_epithelial,E44,False
IR Epithelial SASP,45,TUBA1A,TUBA1A,Q71U36,1.304702801,1.84e-47,0.602201819,soluble,renal_epithelial,E45,False
IR Epithelial SASP,46,TUBB4B,TUBB4B,P68371,1.284823761,5.61e-53,0.702148855,soluble,renal_epithelial,E46,False
IR Epithelial SASP,47,GALE,GALE,Q14376,1.2698083,0.018176769,0.481136531,soluble,renal_epithelial,E47,False
IR Epithelial SASP,48,CANX,CANX,P27824,1.268603981,0.000228211,0.916051269,soluble,renal_epithelial,E48,False
IR Epithelial SASP,49,PKM,PKM,P14618,1.267137996,1.3e-37,0.98948586,soluble,renal_epithelial,E49,False
IR Epithelial SASP,50,USP9X,USP9X,Q93008,1.262752876,0.012248317,1.279653549,soluble,renal_epithelial,E50,False
IR Epithelial SASP,51,RPS11,RPS11,P62280,1.241652201,0.012342791,0.403565228,soluble,renal_epithelial,E51,False
IR Epithelial SASP,52,TUBB6,TUBB6,Q9BUF5,1.23685119,5.89e-11,1.112752318,soluble,renal_epithelial,E52,False
IR Epithelial SASP,53,IGFBP2,IGFBP2,P18065,1.235675764,6.1e-06,0.667631209,soluble,renal_epithelial,E53,False
IR Epithelial SASP,54,CYB5R3,CYB5R3,P00387,1.228252201,0.000192916,0.945719659,soluble,renal_epithelial,E54,False
IR Epithelial SASP,55,ASPH,ASPH,Q12797,1.225025731,0.000444982,0.733273327,soluble,renal_epithelial,E55,False
IR Epithelial SASP,56,TUBA4B,TUBA4B,Q9H853,1.217356619,0.015219412,0.439489573,soluble,renal_epithelial,E56,False
IR Epithelial SASP,57,GYS1,GYS1,P13807,1.210347763,0.0162398,0.415565014,soluble,renal_epithelial,E57,False
IR Epithelial SASP,58,SLC25A24,SLC25A24,Q6NUK1,1.204122543,0.00114091,0.611992776,soluble,renal_epithelial,E58,False
IR Epithelial SASP,59,DYNC1H1,DYNC1H1,Q14204,1.202382491,6.03e-15,0.952193737,soluble,renal_epithelial,E59,False
IR Epithelial SASP,60,TMEM109,TMEM109,Q9BVC6,1.200555909,0.030086865,0.651447713,soluble,renal_epithelial,E60,False
IR Epithelial SASP,61,IQGAP1,IQGAP1,P46940,1.195511903,5.02e-31,0.690683842,soluble,renal_epithelial,E61,False
IR Epithelial SASP,62,FUCA1,FUCA1,P04066,1.186867959,3.02e-11,0.659888804,soluble,renal_epithelial,E62,False
IR Epithelial SASP,63,LRBA,LRBA,P50851,1.168561252,0.002979985,1.092561603,soluble,renal_epithelial,E63,False
IR Epithelial SASP,64,NT5C,NT5C,Q8TCD5,1.16570648,0.087123933,1.232000232,soluble,renal_epithelial,E64,False
IR Epithelial SASP,65,CXCL8,CXCL8,P10145,1.15769839,0.023832673,0.525185287,soluble,renal_epithelial,E65,False
IR Epithelial SASP,66,LAMA3,LAMA3,Q16787,1.152144712,0.006141002,0.96567595,soluble,renal_epithelial,E66,False
IR Epithelial SASP,67,SCARB2,SCARB2,Q14108,1.142210627,6.21e-08,0.289820611,soluble,renal_epithelial,E67,False
IR Epithelial SASP,68,TUBB,TUBB,P07437,1.139061321,6.7e-12,0.555468976,soluble,renal_epithelial,E68,False
IR Epithelial SASP,69,TUBA8,TUBA8,Q9NY65,1.136676583,0.006935754,0.246460661,soluble,renal_epithelial,E69,False
IR Epithelial SASP,70,CKB,CKB,P12277,1.128700114,1.9e-18,0.64770633,soluble,renal_epithelial,E70,False
IR Epithelial SASP,71,CAPN2,CAPN2,P17655,1.120510628,2.47e-20,0.730761051,soluble,renal_epithelial,E71,False
IR Epithelial SASP,72,TUBAL3,TUBAL3,A6NHL2,1.119920877,0.008275883,0.271906346,soluble,renal_epithelial,E72,False
IR Epithelial SASP,73,TUBB2B,TUBB2B,Q9BVA1,1.1194585,0.007935011,0.243787631,soluble,renal_epithelial,E73,False
IR Epithelial SASP,74,ARL6IP5,ARL6IP5,O75915,1.108213265,0.011243134,0.299831629,soluble,renal_epithelial,E74,False
IR Epithelial SASP,75,COMMD6,COMMD6,Q7Z4G1,1.102775722,0.176095292,2.947105408,soluble,renal_epithelial,E75,False
IR Epithelial SASP,76,PRDX5,PRDX5,P30044,1.094498883,5.3e-17,0.609594643,soluble,renal_epithelial,E76,False
IR Epithelial SASP,77,EEF1E1,EEF1E1,O43324,1.090911475,0.01096845,0.320066452,soluble,renal_epithelial,E77,False
IR Epithelial SASP,78,SLC25A6,SLC25A6,P12236,1.078372895,0.04823786,1.680413842,soluble,renal_epithelial,E78,False
IR Epithelial SASP,79,PFKP,PFKP,Q01813,1.07599277,1.02e-10,0.741743267,soluble,renal_epithelial,E79,False
IR Epithelial SASP,80,DDOST,DDOST,P39656,1.067096069,0.001028491,0.968596339,soluble,renal_epithelial,E80,False
IR Epithelial SASP,81,VARS,VARS,P26640,1.055013327,6.49e-06,0.455770046,soluble,renal_epithelial,E81,False
IR Epithelial SASP,82,ATP5O,ATP5O,P48047,1.049897028,3.31e-05,0.505195677,soluble,renal_epithelial,E82,False
IR Epithelial SASP,83,HSD17B10,HSD17B10,Q99714,1.044900167,0.038743271,0.88079077,soluble,renal_epithelial,E83,False
IR Epithelial SASP,84,HBD;HBE1;HBB;HBG1;HBG2,,P02042;P02100;P68871;P69891;P69892,1.044160352,0.012437745,1.218072534,soluble,renal_epithelial,E84,False
IR Epithelial SASP,85,CSRP2,CSRP2,Q16527,1.034158215,0.002384115,0.87996161,soluble,renal_epithelial,E85,False
IR Epithelial SASP,86,CRYAB,CRYAB,P02511,1.033988078,0.009920428,0.660091817,soluble,renal_epithelial,E86,False
IR Epithelial SASP,87,CRYM,CRYM,Q14894,1.029015744,0.003608134,0.996772945,soluble,renal_epithelial,E87,False
IR Epithelial SASP,88,CMBL,CMBL,Q96DG6,1.017964112,0.000113539,0.199896529,soluble,renal_epithelial,E88,False
IR Epithelial SASP,89,CLIC1,CLIC1,O00299,1.00282448,1.39e-08,0.894632518,soluble,renal_epithelial,E89,False
IR Epithelial SASP,90,ELAVL1,ELAVL1,Q15717,0.998485245,0.001565986,0.075018018,soluble,renal_epithelial,E90,False
IR Epithelial SASP,91,RHOA,RHOA,P61586,0.974989659,3.02e-06,0.755775034,soluble,renal_epithelial,E91,False
IR Epithelial SASP,92,EPS8L2,EPS8L2,Q9H6S3,0.973417303,0.000413783,0.616374969,soluble,renal_epithelial,E92,False
IR Epithelial SASP,93,CLIP1,CLIP1,P30622,0.96505619,0.071927515,0.803184807,soluble,renal_epithelial,E93,False
IR Epithelial SASP,94,S100A10,S100A10,P60903,0.961160921,9.23e-10,0.460980266,soluble,renal_epithelial,E94,False
IR Epithelial SASP,95,TUBB8,TUBB8,Q3ZCM7,0.960408728,2.27e-05,1.038160205,soluble,renal_epithelial,E95,False
IR Epithelial SASP,96,ATP6V1E1,ATP6V1E1,P36543,0.958524673,0.018610548,0.392633796,soluble,renal_epithelial,E96,False
IR Epithelial SASP,97,MYLK3;MYLK4;MYLK2,,Q32MK0;Q86YV6;Q9H1R3,0.952887169,0.037099524,0.724648476,soluble,renal_epithelial,E97,False
IR Epithelial SASP,98,TFPI2,TFPI2,P48307,0.949061047,0.030023022,2.101806879,soluble,renal_epithelial,E98,False
IR Epithelial SASP,99,ANXA1,ANXA1,P04083,0.94739487,1.31e-20,0.468526304,soluble,renal_epithelial,E99,False
IR Epithelial SASP,100,NOL3,NOL3,O60936,0.94474232,0.02456261,0.401144534,soluble,renal_epithelial,E100,False
IR Epithelial SASP,101,HSPA9,HSPA9,P38646,0.944697937,1.51e-05,1.208252192,soluble,renal_epithelial,E101,False
IR Epithelial SASP,102,GAPDH,GAPDH,P04406,0.944032158,3.1e-25,0.829631865,soluble,renal_epithelial,E102,False
IR Epithelial SASP,103,MAPK13;MAPK8;MAPK9;MAPK12;MAPK10;MAPK11;MAPK14,,O15264;P45983;P45984;P53778;P53779;Q15759;Q16539,0.942186727,0.037099524,0.724202216,soluble,renal_epithelial,E103,False
IR Epithelial SASP,104,FAM129B,FAM129B,Q96TA1,0.930629572,1.36e-14,0.501221716,soluble,renal_epithelial,E104,False
IR Epithelial SASP,105,NDUFS3,NDUFS3,O75489,0.924739072,0.071675643,1.054451346,soluble,renal_epithelial,E105,False
IR Epithelial SASP,106,HADHA,HADHA,P40939,0.91774527,1.28e-09,0.796135724,soluble,renal_epithelial,E106,False
IR Epithelial SASP,107,APRT,APRT,P07741,0.898657391,0.000948274,1.177061319,soluble,renal_epithelial,E107,False
IR Epithelial SASP,108,TUBB3,TUBB3,Q13509,0.897712214,4.04e-08,0.945097327,soluble,renal_epithelial,E108,False
IR Epithelial SASP,109,EIF4A2,EIF4A2,Q14240,0.888098559,0.026268668,0.605944872,soluble,renal_epithelial,E109,False
IR Epithelial SASP,110,ANXA2,ANXA2,P07355,0.887385156,6.26e-27,1.021725416,soluble,renal_epithelial,E110,False
IR Epithelial SASP,111,LAMTOR1,LAMTOR1,Q6IAA8,0.879504413,0.000772512,0.363243252,soluble,renal_epithelial,E111,False
IR Epithelial SASP,112,PDLIM1,PDLIM1,O00151,0.87762443,2.87e-18,0.291435689,soluble,renal_epithelial,E112,False
IR Epithelial SASP,113,ACTB;ACTG1,,P60709;P63261,0.876328675,8.47e-18,1.261524677,soluble,renal_epithelial,E113,False
IR Epithelial SASP,114,SOD2,SOD2,P04179,0.860722201,1.74e-05,1.126692414,soluble,renal_epithelial,E114,False
IR Epithelial SASP,115,GALNS,GALNS,P34059,0.851029407,0.025669197,1.60839963,soluble,renal_epithelial,E115,False
IR Epithelial SASP,116,FBLIM1,FBLIM1,Q8WUP2,0.848375065,0.225126835,2.678386211,soluble,renal_epithelial,E116,False
IR Epithelial SASP,117,RPS20,RPS20,P60866,0.846033614,0.044369736,0.661640406,soluble,renal_epithelial,E117,False
IR Epithelial SASP,118,VASP,VASP,P50552,0.844970812,2.52e-05,0.289228231,soluble,renal_epithelial,E118,False
IR Epithelial SASP,119,CES2,CES2,O00748,0.843377607,0.002236494,0.088154182,soluble,renal_epithelial,E119,False
IR Epithelial SASP,120,TMED9,TMED9,Q9BVK6,0.840762453,0.000358983,0.52464658,soluble,renal_epithelial,E120,False
IR Epithelial SASP,121,COX5B,COX5B,P10606,0.832556637,0.006798641,0.685635686,soluble,renal_epithelial,E121,False
IR Epithelial SASP,122,RAB10,RAB10,P61026,0.828732482,1.07e-05,0.366793483,soluble,renal_epithelial,E122,False
IR Epithelial SASP,123,AK1,AK1,P00568,0.822016375,1.2e-07,0.513532937,soluble,renal_epithelial,E123,False
IR Epithelial SASP,124,IMPDH2,IMPDH2,P12268,0.814882448,3.3e-06,0.340448171,soluble,renal_epithelial,E124,False
IR Epithelial SASP,125,DYNLRB1,DYNLRB1,Q9NP97,0.811039981,6.3e-06,0.186327651,soluble,renal_epithelial,E125,False
IR Epithelial SASP,126,KIF5B,KIF5B,P33176,0.805293193,0.001535853,0.803095281,soluble,renal_epithelial,E126,False
IR Epithelial SASP,127,NCK2;NCK1,,O43639;P16333,0.805113034,0.022577219,0.289467573,soluble,renal_epithelial,E127,False
IR Epithelial SASP,128,S100A16,S100A16,Q96FQ6,0.803586094,0.000376029,0.652773201,soluble,renal_epithelial,E128,False
IR Epithelial SASP,129,CPNE1,CPNE1,Q99829,0.801834789,0.001453501,0.269337445,soluble,renal_epithelial,E129,False
IR Epithelial SASP,130,RPS3A,RPS3A,P61247,0.798477145,5.63e-06,0.461761236,soluble,renal_epithelial,E130,False
IR Epithelial SASP,131,PHB,PHB,P35232,0.796341358,1.18e-05,0.742953718,soluble,renal_epithelial,E131,False
IR Epithelial SASP,132,PGRMC1,PGRMC1,O00264,0.793508122,0.002436923,0.625190258,soluble,renal_epithelial,E132,False
IR Epithelial SASP,133,YBX1,YBX1,P67809,0.789293355,0.001143764,0.386190593,soluble,renal_epithelial,E133,False
IR Epithelial SASP,134,TLN1,TLN1,Q9Y490,0.787394747,9.71e-25,0.64769125,soluble,renal_epithelial,E134,False
IR Epithelial SASP,135,RPS4X,RPS4X,P62701,0.78679376,0.000126088,0.548351884,soluble,renal_epithelial,E135,False
IR Epithelial SASP,136,SQRDL,SQRDL,Q9Y6N5,0.785296236,6.21e-08,0.669909537,soluble,renal_epithelial,E136,False
IR Epithelial SASP,137,IMMT,IMMT,Q16891,0.775537556,0.004970543,0.767346978,soluble,renal_epithelial,E137,False
IR Epithelial SASP,138,PFN2,PFN2,P35080,0.775441115,0.033438171,0.346249133,soluble,renal_epithelial,E138,False
IR Epithelial SASP,139,PAFAH1B2,PAFAH1B2,P68402,0.773021604,0.000567421,0.319048673,soluble,renal_epithelial,E139,False
IR Epithelial SASP,140,BDH2,BDH2,Q9BUT1,0.772928688,0.000217702,0.37405929,soluble,renal_epithelial,E140,False
IR Epithelial SASP,141,UGDH,UGDH,O60701,0.76915029,0.001566406,0.795440197,soluble,renal_epithelial,E141,False
IR Epithelial SASP,142,RPL11,RPL11,P62913,0.769076481,0.001830325,0.333395362,soluble,renal_epithelial,E142,False
IR Epithelial SASP,143,ME2,ME2,P23368,0.767507294,0.021541766,1.156832933,soluble,renal_epithelial,E143,False
IR Epithelial SASP,144,VAT1,VAT1,Q99536,0.766904546,4.04e-08,0.558882236,soluble,renal_epithelial,E144,False
IR Epithelial SASP,145,STRBP,STRBP,Q96SI9,0.764391998,0.046466492,0.51584661,soluble,renal_epithelial,E145,False
IR Epithelial SASP,146,TUFM,TUFM,P49411,0.76421777,0.004547897,1.625205278,soluble,renal_epithelial,E146,False
IR Epithelial SASP,147,USO1,USO1,O60763,0.762851053,0.010753021,0.610744119,soluble,renal_epithelial,E147,False
IR Epithelial SASP,148,VTN,VTN,P04004,0.76277335,0.047686606,1.505187392,soluble,renal_epithelial,E148,False
IR Epithelial SASP,149,SNX2,SNX2,O60749,0.762392694,0.001973638,0.089681067,soluble,renal_epithelial,E149,False
IR Epithelial SASP,150,HTRA1,HTRA1,Q92743,0.757145101,0.041014629,0.673541427,soluble,renal_epithelial,E150,False
IR Epithelial SASP,151,DDRGK1,DDRGK1,Q96HY6,0.755027367,0.005115914,0.385904998,soluble,renal_epithelial,E151,False
IR Epithelial SASP,152,C21orf33,C21orf33,P30042,0.754110309,0.004273605,0.409999758,soluble,renal_epithelial,E152,False
IR Epithelial SASP,153,RAB15,RAB15,P59190,0.753935016,0.023470553,0.453910679,soluble,renal_epithelial,E153,False
IR Epithelial SASP,154,CORO1B,CORO1B,Q9BR76,0.74879007,2.47e-06,0.613809586,soluble,renal_epithelial,E154,False
IR Epithelial SASP,155,ILK,ILK,Q13418,0.746694782,0.002423969,0.795049548,soluble,renal_epithelial,E155,False
IR Epithelial SASP,156,PGM2L1,PGM2L1,Q6PCE3,0.745749515,0.000255241,0.181971043,soluble,renal_epithelial,E156,False
IR Epithelial SASP,157,TUBA4A,TUBA4A,P68366,0.742576922,3.52e-12,0.629446149,soluble,renal_epithelial,E157,False
IR Epithelial SASP,158,RAN,RAN,P62826,0.740338735,8.12e-06,0.410270184,soluble,renal_epithelial,E158,False
IR Epithelial SASP,159,CRIP2,CRIP2,P52943,0.738754001,2.29e-07,0.623520374,soluble,renal_epithelial,E159,False
IR Epithelial SASP,160,PSMC2,PSMC2,P35998,0.73638937,0.000208288,0.563892186,soluble,renal_epithelial,E160,False
IR Epithelial SASP,161,LRRC47,LRRC47,Q8N1G4,0.728799467,0.005262395,0.62020427,soluble,renal_epithelial,E161,False
IR Epithelial SASP,162,TUBB4A,TUBB4A,P04350,0.726336911,0.000260434,0.388183981,soluble,renal_epithelial,E162,False
IR Epithelial SASP,163,TES,TES,Q9UGI8,0.724685938,3.24e-05,0.659824133,soluble,renal_epithelial,E163,False
IR Epithelial SASP,164,ACTC1,ACTC1,P68032,0.724440145,8.78e-16,0.622949302,soluble,renal_epithelial,E164,False
IR Epithelial SASP,165,SNRPE,SNRPE,P62304,0.719583905,0.045326994,0.47354728,soluble,renal_epithelial,E165,False
IR Epithelial SASP,166,CAPNS1,CAPNS1,P04632,0.717034943,0.000556674,1.040595055,soluble,renal_epithelial,E166,False
IR Epithelial SASP,167,TMED10,TMED10,P49755,0.712892466,0.001624225,0.372302026,soluble,renal_epithelial,E167,False
IR Epithelial SASP,168,MYLK,MYLK,Q15746,0.709751656,0.017098148,0.979729831,soluble,renal_epithelial,E168,False
IR Epithelial SASP,169,FLOT1,FLOT1,O75955,0.707788172,6.84e-07,0.279375941,soluble,renal_epithelial,E169,False
IR Epithelial SASP,170,MYOF,MYOF,Q9NZM1,0.706206753,5.26e-05,0.864886343,soluble,renal_epithelial,E170,False
IR Epithelial SASP,171,RAB6A;RAB6B,,P20340;Q9NRW1,0.703747561,0.000626407,0.577987552,soluble,renal_epithelial,E171,False
IR Epithelial SASP,172,PSMD7,PSMD7,P51665,0.700309448,0.000194615,0.379641712,soluble,renal_epithelial,E172,False
IR Epithelial SASP,173,ACTBL2,ACTBL2,Q562R1,0.699040318,2.48e-09,0.363449305,soluble,renal_epithelial,E173,False
IR Epithelial SASP,174,RAP1B,RAP1B,P61224,0.694072477,0.101584937,1.522016048,soluble,renal_epithelial,E174,False
IR Epithelial SASP,175,STC2,STC2,O76061,0.692589456,0.018565191,1.407184362,soluble,renal_epithelial,E175,False
IR Epithelial SASP,176,TPD52L2,TPD52L2,O43399,0.691574271,1.36e-07,0.35329476,soluble,renal_epithelial,E176,False
IR Epithelial SASP,177,SDHB,SDHB,P21912,0.685021738,0.001186352,0.269896358,soluble,renal_epithelial,E177,False
IR Epithelial SASP,178,PDLIM4,PDLIM4,P50479,0.684966102,1.38e-07,0.557824016,soluble,renal_epithelial,E178,False
IR Epithelial SASP,179,UBE2V1,UBE2V1,Q13404,0.682696289,0.000750286,0.636866748,soluble,renal_epithelial,E179,False
IR Epithelial SASP,180,DPYSL2,DPYSL2,Q16555,0.681039254,2.33e-05,0.842376351,soluble,renal_epithelial,E180,False
IR Epithelial SASP,181,PPP1R7,PPP1R7,Q15435,0.675821199,0.001897308,0.221745595,soluble,renal_epithelial,E181,False
IR Epithelial SASP,182,UBA1,UBA1,P22314,0.674784645,1.87e-14,0.619838655,soluble,renal_epithelial,E182,False
IR Epithelial SASP,183,HSPA1A;HSPA1B,,P0DMV8;P0DMV9,0.674140412,6.32e-07,0.895271599,soluble,renal_epithelial,E183,False
IR Epithelial SASP,184,FBL,FBL,P22087,0.673703303,0.029463544,0.766424417,soluble,renal_epithelial,E184,False
IR Epithelial SASP,185,MAP4,MAP4,P27816,0.672225253,1.52e-06,0.761579752,soluble,renal_epithelial,E185,False
IR Epithelial SASP,186,H2AFY,H2AFY,O75367,0.671468694,2.16e-07,0.351979673,soluble,renal_epithelial,E186,False
IR Epithelial SASP,187,RPL14,RPL14,P50914,0.667817271,0.006683414,0.349212825,soluble,renal_epithelial,E187,False
IR Epithelial SASP,188,SFPQ,SFPQ,P23246,0.667736606,0.004556305,0.8823874,soluble,renal_epithelial,E188,False
IR Epithelial SASP,189,SEC31A,SEC31A,O94979,0.666648549,0.001068399,1.051028967,soluble,renal_epithelial,E189,False
IR Epithelial SASP,190,CLTC,CLTC,Q00610,0.665900217,5.29e-27,0.697826803,soluble,renal_epithelial,E190,False
IR Epithelial SASP,191,RPL4,RPL4,P36578,0.665557178,0.004840096,0.416413665,soluble,renal_epithelial,E191,False
IR Epithelial SASP,192,ADH5,ADH5,P11766,0.662760962,0.078917855,1.323383093,soluble,renal_epithelial,E192,False
IR Epithelial SASP,193,RPL18A,RPL18A,Q02543,0.657292219,0.014424738,0.668164074,soluble,renal_epithelial,E193,False
IR Epithelial SASP,194,ATP5A1,ATP5A1,P25705,0.656254978,1.36e-14,0.678692818,soluble,renal_epithelial,E194,False
IR Epithelial SASP,195,FLOT2,FLOT2,Q14254,0.65560977,0.001247596,0.383293658,soluble,renal_epithelial,E195,False
IR Epithelial SASP,196,CSRP1,CSRP1,P21291,0.651768586,0.00019989,0.96492064,soluble,renal_epithelial,E196,False
IR Epithelial SASP,197,MYL12B;MYL12A,,O14950;P19105,0.649641579,0.015820745,0.458840877,soluble,renal_epithelial,E197,False
IR Epithelial SASP,198,FAM129A,FAM129A,Q9BZQ8,0.647867224,0.000143278,0.411092043,soluble,renal_epithelial,E198,False
IR Epithelial SASP,199,RAB33B,RAB33B,Q9H082,0.64213695,0.006590705,0.463715315,soluble,renal_epithelial,E199,False
IR Epithelial SASP,200,PLEC,PLEC,Q15149,0.641814448,2.37e-27,0.913238168,soluble,renal_epithelial,E200,False
IR Epithelial SASP,201,S100A11,S100A11,P31949,0.637717782,0.00828231,0.973299861,soluble,renal_epithelial,E201,False
IR Epithelial SASP,202,MPST,MPST,P25325,0.636909842,0.044555559,0.430248976,soluble,renal_epithelial,E202,False
IR Epithelial SASP,203,GSTO1,GSTO1,P78417,0.636217926,2.93e-05,0.731541157,soluble,renal_epithelial,E203,False
IR Epithelial SASP,204,STRAP,STRAP,Q9Y3F4,0.635649844,0.139889869,2.011879444,soluble,renal_epithelial,E204,False
IR Epithelial SASP,205,GUK1,GUK1,Q16774,0.634389931,0.002223907,0.332579374,soluble,renal_epithelial,E205,False
IR Epithelial SASP,206,DSTN,DSTN,P60981,0.628136968,8.36e-05,0.668344676,soluble,renal_epithelial,E206,False
IR Epithelial SASP,207,ARPC1B,ARPC1B,O15143,0.626316434,6.1e-11,0.296416521,soluble,renal_epithelial,E207,False
IR Epithelial SASP,208,IPO4,IPO4,Q8TEX9,0.623502452,0.057238363,0.454114377,soluble,renal_epithelial,E208,False
IR Epithelial SASP,209,RPL5,RPL5,P46777,0.623386763,1.66e-06,0.455700994,soluble,renal_epithelial,E209,False
IR Epithelial SASP,210,POTEF,POTEF,A5A3E0,0.622991884,0.001277175,0.844326019,soluble,renal_epithelial,E210,False
IR Epithelial SASP,211,GAA,GAA,P10253,0.621322037,0.001386039,1.074134827,soluble,renal_epithelial,E211,False
IR Epithelial SASP,212,POLR3C,POLR3C,Q9BUI4,0.62118947,0.0133076,0.204913989,soluble,renal_epithelial,E212,False
IR Epithelial SASP,213,UGP2,UGP2,Q16851,0.617346332,6.06e-06,0.494011253,soluble,renal_epithelial,E213,False
IR Epithelial SASP,214,SEC22B,SEC22B,O75396,0.616060351,0.007459941,0.527179718,soluble,renal_epithelial,E214,False
IR Epithelial SASP,215,PICALM,PICALM,Q13492,0.615792929,0.04303693,0.413378656,soluble,renal_epithelial,E215,False
IR Epithelial SASP,216,MACF1,MACF1,Q9UPN3,0.61507842,0.000302809,0.969633162,soluble,renal_epithelial,E216,False
IR Epithelial SASP,217,DLST,DLST,P36957,0.614731149,0.000919744,0.956216276,soluble,renal_epithelial,E217,False
IR Epithelial SASP,218,PPP1CA,PPP1CA,P62136,0.610657522,1.05e-06,0.42338106,soluble,renal_epithelial,E218,False
IR Epithelial SASP,219,TUBA1C,TUBA1C,Q9BQE3,0.60984729,0.000755631,0.231144845,soluble,renal_epithelial,E219,False
IR Epithelial SASP,220,DCN,DCN,P07585,0.609505489,4.21e-09,0.475467145,soluble,renal_epithelial,E220,False
IR Epithelial SASP,221,GLRX,GLRX,P35754,0.608272623,1.67e-06,0.345709205,soluble,renal_epithelial,E221,False
IR Epithelial SASP,222,CBR1,CBR1,P16152,0.60821209,2.98e-09,0.361086965,soluble,renal_epithelial,E222,False
IR Epithelial SASP,223,RPL7A,RPL7A,P62424,0.607127335,0.000172469,0.653837562,soluble,renal_epithelial,E223,False
IR Epithelial SASP,224,PTGR1,PTGR1,Q14914,0.607077599,3.08e-11,0.248404875,soluble,renal_epithelial,E224,False
IR Epithelial SASP,225,KRT86;KRT83;KRT81,,O43790;P78385;Q14533,0.606975131,0.002789329,2.266580105,soluble,renal_epithelial,E225,False
IR Epithelial SASP,226,CAPG,CAPG,P40121,0.593282099,7.03e-05,0.798692226,soluble,renal_epithelial,E226,False
IR Epithelial SASP,227,POTEJ,POTEJ,P0CG39,0.587935284,0.00686518,0.11703793,soluble,renal_epithelial,E227,False
IR Epithelial SASP,228,PTER,PTER,Q96BW5,0.587284639,0.018513157,1.583467484,soluble,renal_epithelial,E228,False
IR Epithelial SASP,229,NCSTN,NCSTN,Q92542,0.58627133,0.026982995,0.833219111,soluble,renal_epithelial,E229,False
IR Epithelial SASP,230,COPG1,COPG1,Q9Y678,0.58362195,4.38e-05,0.394538581,soluble,renal_epithelial,E230,False
IR Epithelial SASP,231,SCIN,SCIN,Q9Y6U3,0.582024706,0.002423969,0.932033956,soluble,renal_epithelial,E231,False
IR Epithelial SASP,232,TCP1,TCP1,P17987,0.578900839,8.86e-10,0.319957703,soluble,renal_epithelial,E232,False
IR Epithelial SASP,233,AHNAK,AHNAK,Q09666,0.576974485,4.11e-31,0.752628148,soluble,renal_epithelial,E233,False
IR Epithelial SASP,234,ATP6V1G1,ATP6V1G1,O75348,0.572758843,7.51e-05,0.35736835,soluble,renal_epithelial,E234,False
IR Epithelial SASP,235,PPP1CB,PPP1CB,P62140,0.571695473,0.005978672,0.309604645,soluble,renal_epithelial,E235,False
IR Epithelial SASP,236,SCP2,SCP2,P22307,0.570474,0.014556912,0.963636696,soluble,renal_epithelial,E236,False
IR Epithelial SASP,237,RARS,RARS,P54136,0.568386523,1.19e-05,0.736854315,soluble,renal_epithelial,E237,False
IR Epithelial SASP,238,ACOT7,ACOT7,O00154,0.565912871,2.69e-06,0.296924949,soluble,renal_epithelial,E238,False
IR Epithelial SASP,239,ARSA,ARSA,P15289,0.565854819,7.98e-08,0.258286744,soluble,renal_epithelial,E239,False
IR Epithelial SASP,240,MAPK1,MAPK1,P28482,0.563749957,0.00016102,0.27648741,soluble,renal_epithelial,E240,False
IR Epithelial SASP,241,CCT4,CCT4,P50991,0.563075339,7.23e-05,0.787905574,soluble,renal_epithelial,E241,False
IR Epithelial SASP,242,HADHB,HADHB,P55084,0.558454923,2.07e-05,0.414250553,soluble,renal_epithelial,E242,False
IR Epithelial SASP,243,ATP5C1,ATP5C1,P36542,0.558136613,0.002704373,1.448000669,soluble,renal_epithelial,E243,False
IR Epithelial SASP,244,NME2,NME2,P22392,0.557334539,0.031879454,0.552009106,soluble,renal_epithelial,E244,False
IR Epithelial SASP,245,MVP,MVP,Q14764,0.551627686,4.54e-14,0.751861989,soluble,renal_epithelial,E245,False
IR Epithelial SASP,246,SND1,SND1,Q7KZF4,0.549192214,3.09e-05,0.547665358,soluble,renal_epithelial,E246,False
IR Epithelial SASP,247,GNB2,GNB2,P62879,0.547676334,0.000834014,0.260760188,soluble,renal_epithelial,E247,False
IR Epithelial SASP,248,ACAT1,ACAT1,P24752,0.545814837,0.053687493,1.645137548,soluble,renal_epithelial,E248,False
IR Epithelial SASP,249,RRAS,RRAS,P10301,0.54487021,0.047888007,0.689564049,soluble,renal_epithelial,E249,False
IR Epithelial SASP,250,VIM,VIM,P08670,0.544840147,2.12e-18,1.172853112,soluble,renal_epithelial,E250,False
IR Epithelial SASP,251,CASK,CASK,O14936,0.54309865,0.003963816,0.801160276,soluble,renal_epithelial,E251,False
IR Epithelial SASP,252,SNX1,SNX1,Q13596,0.541790626,0.00074991,0.230391815,soluble,renal_epithelial,E252,False
IR Epithelial SASP,253,RPN1,RPN1,P04843,0.540427693,0.000639741,1.214168906,soluble,renal_epithelial,E253,False
IR Epithelial SASP,254,DYNLL1;DYNLL2,,P63167;Q96FJ2,0.538224337,0.011601102,0.194964498,soluble,renal_epithelial,E254,False
IR Epithelial SASP,255,DUSP3,DUSP3,P51452,0.536610158,1.45e-05,0.326861531,soluble,renal_epithelial,E255,False
IR Epithelial SASP,256,ADD3,ADD3,Q9UEY8,0.531362873,0.001570829,0.467565536,soluble,renal_epithelial,E256,False
IR Epithelial SASP,257,IAH1,IAH1,Q2TAA2,0.529779416,0.000474162,0.273051023,soluble,renal_epithelial,E257,False
IR Epithelial SASP,258,CMPK1,CMPK1,P30085,0.527755968,1.76e-06,0.504481435,soluble,renal_epithelial,E258,False
IR Epithelial SASP,259,CNN2,CNN2,Q99439,0.524968076,2.98e-06,0.468898147,soluble,renal_epithelial,E259,False
IR Epithelial SASP,260,GNA13,GNA13,Q14344,0.523790876,0.002556404,0.259025753,soluble,renal_epithelial,E260,False
IR Epithelial SASP,261,PSME1,PSME1,Q06323,0.518123789,1.89e-06,0.645028234,soluble,renal_epithelial,E261,False
IR Epithelial SASP,262,LONP1,LONP1,P36776,0.517765905,0.003922701,1.231969595,soluble,renal_epithelial,E262,False
IR Epithelial SASP,263,GGT3P;GGT1;GGT2,,A6NGU5;P19440;P36268,0.517706082,0.001111744,0.481024772,soluble,renal_epithelial,E263,False
IR Epithelial SASP,264,COX5A,COX5A,P20674,0.516721513,0.008564741,0.417293638,soluble,renal_epithelial,E264,False
IR Epithelial SASP,265,SDHA,SDHA,P31040,0.515749638,0.035353722,0.588426173,soluble,renal_epithelial,E265,False
IR Epithelial SASP,266,CTSD,CTSD,P07339,0.513631624,1.2e-05,0.806757867,soluble,renal_epithelial,E266,False
IR Epithelial SASP,267,PRDX2,PRDX2,P32119,0.511543761,2.98e-09,0.52392894,soluble,renal_epithelial,E267,False
IR Epithelial SASP,268,RPL8,RPL8,P62917,0.511006665,0.063132297,1.300476789,soluble,renal_epithelial,E268,False
IR Epithelial SASP,269,ATP6V1B2,ATP6V1B2,P21281,0.509997406,2.22e-05,0.474152803,soluble,renal_epithelial,E269,False
IR Epithelial SASP,270,43716,43716,Q92599,0.509513514,0.044795807,0.577949226,soluble,renal_epithelial,E270,False
IR Epithelial SASP,271,LAMTOR2,LAMTOR2,Q9Y2Q5,0.509505955,0.020412921,0.170957357,soluble,renal_epithelial,E271,False
IR Epithelial SASP,272,NARS,NARS,O43776,0.508945949,0.001200032,0.79443258,soluble,renal_epithelial,E272,False
IR Epithelial SASP,273,DIABLO,DIABLO,Q9NR28,0.507439062,0.032245684,0.980653048,soluble,renal_epithelial,E273,False
IR Epithelial SASP,274,RPS23,RPS23,P62266,0.506358391,0.04215392,0.345348507,soluble,renal_epithelial,E274,False
IR Epithelial SASP,275,PLBD2,PLBD2,Q8NHP8,0.505286336,0.020143943,1.724210978,soluble,renal_epithelial,E275,False
IR Epithelial SASP,276,PSMD12,PSMD12,O00232,0.501665472,0.001653465,0.728661299,soluble,renal_epithelial,E276,False
IR Epithelial SASP,277,RPS2,RPS2,P15880,0.499462447,0.013860392,0.368328184,soluble,renal_epithelial,E277,False
IR Epithelial SASP,278,PDCD10,PDCD10,Q9BUL8,0.496535907,0.000530137,0.152264223,soluble,renal_epithelial,E278,False
IR Epithelial SASP,279,MYH10,MYH10,P35580,0.496153561,4.2e-06,0.763479173,soluble,renal_epithelial,E279,False
IR Epithelial SASP,280,CAPN1,CAPN1,P07384,0.495841479,4.36e-08,0.404298306,soluble,renal_epithelial,E280,False
IR Epithelial SASP,281,RAB7A,RAB7A,P51149,0.495830252,0.05069199,1.521465421,soluble,renal_epithelial,E281,False
IR Epithelial SASP,282,PHPT1,PHPT1,Q9NRX4,0.495548845,0.015430975,0.381371677,soluble,renal_epithelial,E282,False
IR Epithelial SASP,283,HSPA8,HSPA8,P11142,0.494106951,0.000220937,0.891609907,soluble,renal_epithelial,E283,False
IR Epithelial SASP,284,RAD50,RAD50,Q92878,0.49291062,0.041014629,0.131980672,soluble,renal_epithelial,E284,False
IR Epithelial SASP,285,FLNC,FLNC,Q14315,0.488523564,4.08e-06,1.01198709,soluble,renal_epithelial,E285,False
IR Epithelial SASP,286,KRT19,KRT19,P08727,0.488266967,2.35e-10,0.600307703,soluble,renal_epithelial,E286,False
IR Epithelial SASP,287,PABPC4,PABPC4,Q13310,0.486298665,0.055634681,0.965322912,soluble,renal_epithelial,E287,False
IR Epithelial SASP,288,COPB1,COPB1,P53618,0.485078804,1.45e-05,0.343871206,soluble,renal_epithelial,E288,False
IR Epithelial SASP,289,NIT2,NIT2,Q9NQR4,0.481680901,2.17e-06,0.365945816,soluble,renal_epithelial,E289,False
IR Epithelial SASP,290,SARS,SARS,P49591,0.481305787,0.0133076,1.293638945,soluble,renal_epithelial,E290,False
IR Epithelial SASP,291,PPA1,PPA1,Q15181,0.480971177,1.49e-06,0.427310616,soluble,renal_epithelial,E291,False
IR Epithelial SASP,292,ARF3;ARF1,,P61204;P84077,0.479080292,0.002648887,0.465593606,soluble,renal_epithelial,E292,False
IR Epithelial SASP,293,HK1,HK1,P19367,0.478225967,3.95e-10,0.477695733,soluble,renal_epithelial,E293,False
IR Epithelial SASP,294,PACSIN2,PACSIN2,Q9UNF0,0.477545839,0.02345079,1.208469391,soluble,renal_epithelial,E294,False
IR Epithelial SASP,295,EIF4E,EIF4E,P06730,0.475870164,0.034702373,0.512832999,soluble,renal_epithelial,E295,False
IR Epithelial SASP,296,STOML2,STOML2,Q9UJZ1,0.471351274,0.000340934,0.282505095,soluble,renal_epithelial,E296,False
IR Epithelial SASP,297,RAB11A;RAB11B,,P62491;Q15907,0.470641347,0.001653465,0.261716962,soluble,renal_epithelial,E297,False
IR Epithelial SASP,298,GARS,GARS,P41250,0.470138901,6.98e-08,0.392942905,soluble,renal_epithelial,E298,False
IR Epithelial SASP,299,UQCRC1,UQCRC1,P31930,0.468350319,0.003841053,0.966160655,soluble,renal_epithelial,E299,False
IR Epithelial SASP,300,HINT1,HINT1,P49773,0.467264047,0.001453501,0.739889681,soluble,renal_epithelial,E300,False
IR Epithelial SASP,301,MYH9,MYH9,P35579,0.464850246,1.69e-18,0.859821081,soluble,renal_epithelial,E301,False
IR Epithelial SASP,302,LASP1,LASP1,Q14847,0.46417385,6.72e-07,0.368465602,soluble,renal_epithelial,E302,False
IR Epithelial SASP,303,ITGAV,ITGAV,P06756,0.462165035,0.000826579,0.502747774,soluble,renal_epithelial,E303,False
IR Epithelial SASP,304,CORO1C,CORO1C,Q9ULV4,0.461165427,0.002704373,0.882566988,soluble,renal_epithelial,E304,False
IR Epithelial SASP,305,TOR1AIP1,TOR1AIP1,Q5JTV8,0.459976501,0.001796803,0.34777692,soluble,renal_epithelial,E305,False
IR Epithelial SASP,306,ETF1,ETF1,P62495,0.458313857,0.003095679,0.424537152,soluble,renal_epithelial,E306,False
IR Epithelial SASP,307,DPP7,DPP7,Q9UHL4,0.457348182,0.016984152,1.035351753,soluble,renal_epithelial,E307,False
IR Epithelial SASP,308,IMPA1,IMPA1,P29218,0.45601369,0.025162668,1.295069456,soluble,renal_epithelial,E308,False
IR Epithelial SASP,309,PSMD1,PSMD1,Q99460,0.453958128,4.18e-06,0.37995401,soluble,renal_epithelial,E309,False
IR Epithelial SASP,310,PRDX6,PRDX6,P30041,0.451068766,0.000234673,0.699740827,soluble,renal_epithelial,E310,False
IR Epithelial SASP,311,SRI,SRI,P30626,0.446396908,0.068252695,1.187021136,soluble,renal_epithelial,E311,False
IR Epithelial SASP,312,43717,43717,Q9UHD8,0.446362909,0.01208492,1.545139194,soluble,renal_epithelial,E312,False
IR Epithelial SASP,313,PSMC6,PSMC6,P62333,0.445952363,4.08e-06,0.348305076,soluble,renal_epithelial,E313,False
IR Epithelial SASP,314,NDRG1,NDRG1,Q92597,0.445683829,0.003454876,0.731515288,soluble,renal_epithelial,E314,False
IR Epithelial SASP,315,TNKS1BP1,TNKS1BP1,Q9C0C2,0.444140348,0.002375863,0.581792653,soluble,renal_epithelial,E315,False
IR Epithelial SASP,316,RPS5,RPS5,P46782,0.443747743,0.00027423,0.359550804,soluble,renal_epithelial,E316,False
IR Epithelial SASP,317,43710,43710,Q15019,0.443355382,2.25e-13,0.370564938,soluble,renal_epithelial,E317,False
IR Epithelial SASP,318,BAX,BAX,Q07812,0.441037173,0.008842528,0.455893725,soluble,renal_epithelial,E318,False
IR Epithelial SASP,319,PDCD6,PDCD6,O75340,0.43717052,0.008497533,0.688392818,soluble,renal_epithelial,E319,False
IR Epithelial SASP,320,CCT3,CCT3,P49368,0.436701026,2.74e-07,0.692135453,soluble,renal_epithelial,E320,False
IR Epithelial SASP,321,ACADVL,ACADVL,P49748,0.433063395,0.010753021,1.029010057,soluble,renal_epithelial,E321,False
IR Epithelial SASP,322,RPL13A;RPL13AP3,,P40429;Q6NVV1,0.432523707,0.051276369,0.300757945,soluble,renal_epithelial,E322,False
IR Epithelial SASP,323,TBCB,TBCB,Q99426,0.429585177,0.013164957,0.524333417,soluble,renal_epithelial,E323,False
IR Epithelial SASP,324,PCBP2,PCBP2,Q15366,0.429560309,0.033645446,1.066721082,soluble,renal_epithelial,E324,False
IR Epithelial SASP,325,RPL13,RPL13,P26373,0.428483081,0.004752619,0.494811833,soluble,renal_epithelial,E325,False
IR Epithelial SASP,326,SEC14L2;SEC14L3,,O76054;Q9UDX4,0.426059062,0.007581253,0.104705803,soluble,renal_epithelial,E326,False
IR Epithelial SASP,327,SYNCRIP,SYNCRIP,O60506,0.425909708,0.00728243,0.77225852,soluble,renal_epithelial,E327,False
IR Epithelial SASP,328,AP2B1,AP2B1,P63010,0.425876284,4.2e-11,0.431713402,soluble,renal_epithelial,E328,False
IR Epithelial SASP,329,MAP1B,MAP1B,P46821,0.425633557,1.01e-08,0.509579718,soluble,renal_epithelial,E329,False
IR Epithelial SASP,330,YWHAH,YWHAH,Q04917,0.425548249,0.023084479,0.52624774,soluble,renal_epithelial,E330,False
IR Epithelial SASP,331,RPL7,RPL7,P18124,0.422094624,0.000560655,0.361761063,soluble,renal_epithelial,E331,False
IR Epithelial SASP,332,RPL9,RPL9,P32969,0.417878223,0.044287895,1.015380621,soluble,renal_epithelial,E332,False
IR Epithelial SASP,333,MAMDC2,MAMDC2,Q7Z304,0.417485851,0.031541458,0.200273722,soluble,renal_epithelial,E333,False
IR Epithelial SASP,334,TRAP1,TRAP1,Q12931,0.41580895,0.141810824,0.601759434,soluble,renal_epithelial,E334,False
IR Epithelial SASP,335,NEFL,NEFL,P07196,0.414767588,0.087080243,1.347091556,soluble,renal_epithelial,E335,False
IR Epithelial SASP,336,LMNA,LMNA,P02545,0.411169635,3.75e-09,1.290996432,soluble,renal_epithelial,E336,False
IR Epithelial SASP,337,NAP1L4,NAP1L4,Q99733,0.410106021,0.005262395,0.261174113,soluble,renal_epithelial,E337,False
IR Epithelial SASP,338,RPSA,RPSA,P08865,0.409078189,1.8e-05,0.339517206,soluble,renal_epithelial,E338,False
IR Epithelial SASP,339,TNPO1,TNPO1,Q92973,0.409002263,0.002444666,0.315752298,soluble,renal_epithelial,E339,False
IR Epithelial SASP,340,HSP90AB2P,HSP90AB2P,Q58FF8,0.408052068,0.001353286,0.250411242,soluble,renal_epithelial,E340,False
IR Epithelial SASP,341,HSPA6,HSPA6,P17066,0.405465804,0.110832084,3.035386562,soluble,renal_epithelial,E341,False
IR Epithelial SASP,342,DCTN1,DCTN1,Q14203,0.403431295,0.005360052,1.538299561,soluble,renal_epithelial,E342,False
IR Epithelial SASP,343,G6PD,G6PD,P11413,0.402959147,0.050824581,1.052007794,soluble,renal_epithelial,E343,False
IR Epithelial SASP,344,PLS1,PLS1,Q14651,0.402691766,0.000581899,0.364902854,soluble,renal_epithelial,E344,False
IR Epithelial SASP,345,HSP90AA1,HSP90AA1,P07900,0.398631801,0.04731229,0.804211378,soluble,renal_epithelial,E345,False
IR Epithelial SASP,346,CAPZA2,CAPZA2,P47755,0.398229261,3.93e-05,0.266946733,soluble,renal_epithelial,E346,False
IR Epithelial SASP,347,RPL32,RPL32,P62910,0.396939964,0.085070724,0.955768645,soluble,renal_epithelial,E347,False
IR Epithelial SASP,348,SPTBN1,SPTBN1,Q01082,0.395932016,5.35e-22,0.61166501,soluble,renal_epithelial,E348,False
IR Epithelial SASP,349,WARS,WARS,P23381,0.39508952,7.13e-07,0.541577339,soluble,renal_epithelial,E349,False
IR Epithelial SASP,350,CRYZ,CRYZ,Q08257,0.394088624,0.000207787,1.076545238,soluble,renal_epithelial,E350,False
IR Epithelial SASP,351,HNRNPC,HNRNPC,P07910,0.392996292,0.093300877,1.651604056,soluble,renal_epithelial,E351,False
IR Epithelial SASP,352,LANCL1,LANCL1,O43813,0.392570973,0.038855726,0.375147611,soluble,renal_epithelial,E352,False
IR Epithelial SASP,353,PGM3,PGM3,O95394,0.390476168,0.003529215,0.039517991,soluble,renal_epithelial,E353,False
IR Epithelial SASP,354,DDX1,DDX1,Q92499,0.387409656,0.001372803,0.210703,soluble,renal_epithelial,E354,False
IR Epithelial SASP,355,ARPC4,ARPC4,P59998,0.386939445,1.31e-05,0.339974165,soluble,renal_epithelial,E355,False
IR Epithelial SASP,356,TNC,TNC,P24821,0.386330336,0.008652946,1.001203299,soluble,renal_epithelial,E356,False
IR Epithelial SASP,357,43715,43715,Q16181,0.385617208,1.58e-05,0.463386595,soluble,renal_epithelial,E357,False
IR Epithelial SASP,358,ABHD14B,ABHD14B,Q96IU4,0.385102502,1.32e-05,0.29297629,soluble,renal_epithelial,E358,False
IR Epithelial SASP,359,BIN1,BIN1,O00499,0.384485755,0.06648643,0.435982943,soluble,renal_epithelial,E359,False
IR Epithelial SASP,360,ESYT1,ESYT1,Q9BSJ8,0.382275705,1.37e-06,0.620387912,soluble,renal_epithelial,E360,False
IR Epithelial SASP,361,RPL24,RPL24,P83731,0.379809505,0.000190245,0.194333315,soluble,renal_epithelial,E361,False
IR Epithelial SASP,362,SAA2,SAA2,P0DJI9,0.376718792,0.041960696,0.348207027,soluble,renal_epithelial,E362,False
IR Epithelial SASP,363,FSCN1,FSCN1,Q16658,0.375387922,0.000208288,0.532548428,soluble,renal_epithelial,E363,False
IR Epithelial SASP,364,CROCC,CROCC,Q5TZA2,0.374241137,0.008155318,0.075221561,soluble,renal_epithelial,E364,False
IR Epithelial SASP,365,NONO,NONO,Q15233,0.374171288,0.025365156,0.664510906,soluble,renal_epithelial,E365,False
IR Epithelial SASP,366,ERO1L,ERO1L,Q96HE7,0.372785869,0.000671841,0.529230714,soluble,renal_epithelial,E366,False
IR Epithelial SASP,367,RPL6,RPL6,Q02878,0.372434392,0.025947207,0.540696204,soluble,renal_epithelial,E367,False
IR Epithelial SASP,368,MAPRE1,MAPRE1,Q15691,0.369843957,0.001291815,0.383540541,soluble,renal_epithelial,E368,False
IR Epithelial SASP,369,ACTR3,ACTR3,P61158,0.369094793,0.006234113,0.467394054,soluble,renal_epithelial,E369,False
IR Epithelial SASP,370,HNRNPH3,HNRNPH3,P31942,0.368959624,0.210970546,1.63917017,soluble,renal_epithelial,E370,False
IR Epithelial SASP,371,DAK,DAK,Q3LXA3,0.368554557,0.090265213,0.473951042,soluble,renal_epithelial,E371,False
IR Epithelial SASP,372,CCT6A,CCT6A,P40227,0.365754018,2.47e-06,0.713182151,soluble,renal_epithelial,E372,False
IR Epithelial SASP,373,EIF4A1,EIF4A1,P60842,0.365725111,0.017300466,1.099492669,soluble,renal_epithelial,E373,False
IR Epithelial SASP,374,43719,43719,Q9NVA2,0.363285922,0.000241959,0.531915128,soluble,renal_epithelial,E374,False
IR Epithelial SASP,375,UBAP2L,UBAP2L,Q14157,0.361924924,0.047930062,0.091160536,soluble,renal_epithelial,E375,False
IR Epithelial SASP,376,SNRPD1,SNRPD1,P62314,0.361513763,0.027428877,0.416344076,soluble,renal_epithelial,E376,False
IR Epithelial SASP,377,RTN4,RTN4,Q9NQC3,0.359820804,6.84e-05,0.477233976,soluble,renal_epithelial,E377,False
IR Epithelial SASP,378,FLNB,FLNB,O75369,0.359331308,9.14e-17,0.588878691,soluble,renal_epithelial,E378,False
IR Epithelial SASP,379,CD2AP,CD2AP,Q9Y5K6,0.359070093,0.005168803,0.46444729,soluble,renal_epithelial,E379,False
IR Epithelial SASP,380,GNAS,GNAS,P63092;Q5JWF2,0.358426753,0.052394279,1.288537621,soluble,renal_epithelial,E380,False
IR Epithelial SASP,381,PSMC3,PSMC3,P17980,0.356948503,0.015731725,0.913578629,soluble,renal_epithelial,E381,False
IR Epithelial SASP,382,CSE1L,CSE1L,P55060,0.352877707,0.082196224,1.476522565,soluble,renal_epithelial,E382,False
IR Epithelial SASP,383,RUVBL1,RUVBL1,Q9Y265,0.352324166,0.00539022,0.390118033,soluble,renal_epithelial,E383,False
IR Epithelial SASP,384,MYH11,MYH11,P35749,0.35147598,0.215529291,0.899573267,soluble,renal_epithelial,E384,False
IR Epithelial SASP,385,TIMM13,TIMM13,Q9Y5L4,0.351447539,0.050824581,0.211734444,soluble,renal_epithelial,E385,False
IR Epithelial SASP,386,STAT1,STAT1,P42224,0.350540643,0.005054845,0.525919676,soluble,renal_epithelial,E386,False
IR Epithelial SASP,387,IDH1,IDH1,O75874,0.346454991,0.002521607,0.503293455,soluble,renal_epithelial,E387,False
IR Epithelial SASP,388,DPP4,DPP4,P27487,0.346048455,0.000313533,0.482915252,soluble,renal_epithelial,E388,False
IR Epithelial SASP,389,PTRF,PTRF,Q6NZI2,0.345649931,0.015219412,0.743407369,soluble,renal_epithelial,E389,False
IR Epithelial SASP,390,RRBP1,RRBP1,Q9P2E9,0.344391032,0.070441278,0.865927875,soluble,renal_epithelial,E390,False
IR Epithelial SASP,391,GNB2L1,GNB2L1,P63244,0.341851834,0.004210181,0.577066898,soluble,renal_epithelial,E391,False
IR Epithelial SASP,392,HNRNPD,HNRNPD,Q14103,0.33663428,0.004051378,0.490974307,soluble,renal_epithelial,E392,False
IR Epithelial SASP,393,PSMD14,PSMD14,O00487,0.336000136,0.00451016,0.336099744,soluble,renal_epithelial,E393,False
IR Epithelial SASP,394,CAPZB,CAPZB,P47756,0.335265852,6.49e-06,0.353207499,soluble,renal_epithelial,E394,False
IR Epithelial SASP,395,NNMT,NNMT,P40261,0.333834314,0.007346863,0.342027009,soluble,renal_epithelial,E395,False
IR Epithelial SASP,396,ITGA3,ITGA3,P26006,0.333551414,0.002428749,0.53843838,soluble,renal_epithelial,E396,False
IR Epithelial SASP,397,CTSA,CTSA,P10619,0.33282139,0.050824581,0.417704105,soluble,renal_epithelial,E397,False
IR Epithelial SASP,398,MAN2B1,MAN2B1,O00754,0.331619433,0.008181985,0.41077897,soluble,renal_epithelial,E398,False
IR Epithelial SASP,399,ANXA11,ANXA11,P50995,0.330520986,0.003091535,0.540205896,soluble,renal_epithelial,E399,False
IR Epithelial SASP,400,PPP2R1A,PPP2R1A,P30153,0.329991985,0.000190245,0.467365265,soluble,renal_epithelial,E400,False
IR Epithelial SASP,401,AP2A1,AP2A1,O95782,0.329117039,0.043854781,0.598924816,soluble,renal_epithelial,E401,False
IR Epithelial SASP,402,LAMTOR3,LAMTOR3,Q9UHA4,0.328709056,0.018605005,0.45541048,soluble,renal_epithelial,E402,False
IR Epithelial SASP,403,OGDH,OGDH,Q02218,0.327811221,0.014345154,1.340512753,soluble,renal_epithelial,E403,False
IR Epithelial SASP,404,LAMP1,LAMP1,P11279,0.326781966,0.010753021,0.831662953,soluble,renal_epithelial,E404,False
IR Epithelial SASP,405,PARP4,PARP4,Q9UKK3,0.325782969,0.001714104,1.097607374,soluble,renal_epithelial,E405,False
IR Epithelial SASP,406,ENO2,ENO2,P09104,0.325649962,0.012848361,0.678344727,soluble,renal_epithelial,E406,False
IR Epithelial SASP,407,LAMC2,LAMC2,Q13753,0.324962623,0.046016675,1.050900578,soluble,renal_epithelial,E407,False
IR Epithelial SASP,408,UFC1,UFC1,Q9Y3C8,0.324459801,0.036770955,0.695584893,soluble,renal_epithelial,E408,False
IR Epithelial SASP,409,TOM1,TOM1,O60784,0.324070412,0.008184117,0.180649832,soluble,renal_epithelial,E409,False
IR Epithelial SASP,410,LAMTOR5,LAMTOR5,O43504,0.321998931,0.024124623,0.117840834,soluble,renal_epithelial,E410,False
IR Epithelial SASP,411,CAP1,CAP1,Q01518,0.319060286,6.75e-07,0.631671846,soluble,renal_epithelial,E411,False
IR Epithelial SASP,412,PGK1,PGK1,P00558,0.316766888,1.71e-06,0.659139812,soluble,renal_epithelial,E412,False
IR Epithelial SASP,413,P4HA1,P4HA1,P13674,0.31234658,0.002398754,0.368532181,soluble,renal_epithelial,E413,False
IR Epithelial SASP,414,TCEB2,TCEB2,Q15370,0.310517352,0.059740045,0.205507159,soluble,renal_epithelial,E414,False
IR Epithelial SASP,415,RAB2A,RAB2A,P61019,0.309775706,0.012355474,0.753347039,soluble,renal_epithelial,E415,False
IR Epithelial SASP,416,LAP3,LAP3,P28838,0.308433168,0.03804694,0.462864459,soluble,renal_epithelial,E416,False
IR Epithelial SASP,417,CSTB,CSTB,P04080,0.307845441,0.008415646,0.346702695,soluble,renal_epithelial,E417,False
IR Epithelial SASP,418,ARPC2,ARPC2,O15144,0.307618756,3.6e-05,0.663293362,soluble,renal_epithelial,E418,False
IR Epithelial SASP,419,ANXA7,ANXA7,P20073,0.305663814,9.08e-05,0.314106405,soluble,renal_epithelial,E419,False
IR Epithelial SASP,420,PDCD6IP,PDCD6IP,Q8WUM4,0.305663788,4.25e-06,0.349499851,soluble,renal_epithelial,E420,False
IR Epithelial SASP,421,PRDX3,PRDX3,P30048,0.304494764,2.58e-06,0.263568729,soluble,renal_epithelial,E421,False
IR Epithelial SASP,422,BLVRA,BLVRA,P53004,0.304424177,0.191479483,0.619292796,soluble,renal_epithelial,E422,False
IR Epithelial SASP,423,CCT2,CCT2,P78371,0.304314213,3.69e-05,0.6611166,soluble,renal_epithelial,E423,False
IR Epithelial SASP,424,PSMD6,PSMD6,Q15008,0.304031997,0.052550112,0.950291336,soluble,renal_epithelial,E424,False
IR Epithelial SASP,425,PSMD2,PSMD2,Q13200,0.300764911,0.003542781,0.954913735,soluble,renal_epithelial,E425,False
IR Epithelial SASP,426,PGLS,PGLS,O95336,0.300649462,0.000502831,0.3036488,soluble,renal_epithelial,E426,False
IR Epithelial SASP,427,RPL21,RPL21,P46778,0.299708135,0.064066251,0.379410982,soluble,renal_epithelial,E427,False
IR Epithelial SASP,428,TMOD3,TMOD3,Q9NYL9,0.299639922,0.024805328,0.439772755,soluble,renal_epithelial,E428,False
IR Epithelial SASP,429,GNB1,GNB1,P62873,0.295658131,0.076051578,1.257329583,soluble,renal_epithelial,E429,False
IR Epithelial SASP,430,TRIP10,TRIP10,Q15642,0.294218402,0.03580918,0.489510387,soluble,renal_epithelial,E430,False
IR Epithelial SASP,431,ATIC,ATIC,P31939,0.292284431,9.21e-06,0.300890326,soluble,renal_epithelial,E431,False
IR Epithelial SASP,432,RPS14,RPS14,P62263,0.291559574,0.000928021,0.43146354,soluble,renal_epithelial,E432,False
IR Epithelial SASP,433,ATP5B,ATP5B,P06576,0.289733832,1.22e-07,0.436569095,soluble,renal_epithelial,E433,False
IR Epithelial SASP,434,EIF3I,EIF3I,Q13347,0.289430429,0.09906941,0.620731711,soluble,renal_epithelial,E434,False
IR Epithelial SASP,435,CCT8,CCT8,P50990,0.289422005,0.024953926,1.333904147,soluble,renal_epithelial,E435,False
IR Epithelial SASP,436,HSP90AA4P,HSP90AA4P,Q58FG1,0.288000926,0.163819101,0.330135703,soluble,renal_epithelial,E436,False
IR Epithelial SASP,437,GBE1,GBE1,Q04446,0.285504816,0.000758653,0.462225884,soluble,renal_epithelial,E437,False
IR Epithelial SASP,438,DECR1,DECR1,Q16698,0.28390772,0.011932498,0.13202548,soluble,renal_epithelial,E438,False
IR Epithelial SASP,439,RPL23,RPL23,P62829,0.283216886,0.002503722,0.429406136,soluble,renal_epithelial,E439,False
IR Epithelial SASP,440,ACO2,ACO2,Q99798,0.281656814,0.004877099,0.608609736,soluble,renal_epithelial,E440,False
IR Epithelial SASP,441,DCTD,DCTD,P32321,0.281015342,0.044830367,0.344279617,soluble,renal_epithelial,E441,False
IR Epithelial SASP,442,XPNPEP1,XPNPEP1,Q9NQW7,0.280271735,3.17e-05,0.266860068,soluble,renal_epithelial,E442,False
IR Epithelial SASP,443,COPA,COPA,P53621,0.278711653,0.000751015,0.459804535,soluble,renal_epithelial,E443,False
IR Epithelial SASP,444,ABRACL,ABRACL,Q9P1F3,0.273366055,0.151771645,0.382251143,soluble,renal_epithelial,E444,False
IR Epithelial SASP,445,RPS12,RPS12,P25398,0.273282556,0.07281354,0.556286812,soluble,renal_epithelial,E445,False
IR Epithelial SASP,446,RPL18,RPL18,Q07020,0.272556232,0.126795965,0.707061887,soluble,renal_epithelial,E446,False
IR Epithelial SASP,447,SNRPD3,SNRPD3,P62318,0.271854137,0.090068642,0.376003325,soluble,renal_epithelial,E447,False
IR Epithelial SASP,448,SCRN2,SCRN2,Q96FV2,0.271617388,0.09132928,0.562177181,soluble,renal_epithelial,E448,False
IR Epithelial SASP,449,CFL2,CFL2,Q9Y281,0.27054261,0.072099073,0.432560533,soluble,renal_epithelial,E449,False
IR Epithelial SASP,450,AHCY,AHCY,P23526,0.269959464,0.040745564,0.367052406,soluble,renal_epithelial,E450,False
IR Epithelial SASP,451,EEF1G,EEF1G,P26641,0.268729776,0.00030019,0.370652676,soluble,renal_epithelial,E451,False
IR Epithelial SASP,452,LAMB3,LAMB3,Q13751,0.266243711,0.019209365,0.733262599,soluble,renal_epithelial,E452,False
IR Epithelial SASP,453,HSP90AB1,HSP90AB1,P08238,0.264692606,0.002979985,0.854875803,soluble,renal_epithelial,E453,False
IR Epithelial SASP,454,TCEB1,TCEB1,Q15369,0.263356176,0.081456371,0.216287225,soluble,renal_epithelial,E454,False
IR Epithelial SASP,455,ARPC3,ARPC3,O15145,0.262910541,0.033597785,1.660779953,soluble,renal_epithelial,E455,False
IR Epithelial SASP,456,TWF1,TWF1,Q12792,0.261725942,0.224074008,1.4531703,soluble,renal_epithelial,E456,False
IR Epithelial SASP,457,SNRPGP15;SNRPG,,A8MWD9;P62308,0.260825459,0.19439411,5.283919334,soluble,renal_epithelial,E457,False
IR Epithelial SASP,458,ANPEP,ANPEP,P15144,0.258748751,8.01e-05,0.743545115,soluble,renal_epithelial,E458,False
IR Epithelial SASP,459,KRT8,KRT8,P05787,0.256946944,0.045844868,1.005875707,soluble,renal_epithelial,E459,False
IR Epithelial SASP,460,EEF2,EEF2,P13639,0.254475569,8.65e-05,1.017242551,soluble,renal_epithelial,E460,False
IR Epithelial SASP,461,PCBP1,PCBP1,Q15365,0.254261595,0.000214827,0.345377684,soluble,renal_epithelial,E461,False
IR Epithelial SASP,462,SPTAN1,SPTAN1,Q13813,0.254147289,7.1e-09,0.676446438,soluble,renal_epithelial,E462,False
IR Epithelial SASP,463,EFHD2,EFHD2,Q96C19,0.251801239,0.15319631,2.279991388,soluble,renal_epithelial,E463,False
IR Epithelial SASP,464,FAM3C,FAM3C,Q92520,0.251654236,0.05069199,0.418292582,soluble,renal_epithelial,E464,False
IR Epithelial SASP,465,VCP,VCP,P55072,0.251415095,1.53e-05,0.444964916,soluble,renal_epithelial,E465,False
IR Epithelial SASP,466,SERPINB8,SERPINB8,P50452,0.250876987,0.001644208,0.012719121,soluble,renal_epithelial,E466,False
IR Epithelial SASP,467,BOLA2,BOLA2,Q9H3K6,0.250305542,0.057150335,0.546663821,soluble,renal_epithelial,E467,False
IR Epithelial SASP,468,ECHS1,ECHS1,P30084,0.250020155,0.053311321,0.302020907,soluble,renal_epithelial,E468,False
IR Epithelial SASP,469,PAICS,PAICS,P22234,0.249441201,0.057376032,0.69760412,soluble,renal_epithelial,E469,False
IR Epithelial SASP,470,GSN,GSN,P06396,0.249152201,0.01378211,1.243138552,soluble,renal_epithelial,E470,False
IR Epithelial SASP,471,LGALS1,LGALS1,P09382,0.248971657,0.069140448,0.943524718,soluble,renal_epithelial,E471,False
IR Epithelial SASP,472,FKBP3,FKBP3,Q00688,0.248663746,0.002221127,0.304782003,soluble,renal_epithelial,E472,False
IR Epithelial SASP,473,CNDP2,CNDP2,Q96KP4,0.246842549,3.39e-05,0.745240033,soluble,renal_epithelial,E473,False
IR Epithelial SASP,474,ALDH1B1,ALDH1B1,P30837,0.246183004,0.023141648,0.409849674,soluble,renal_epithelial,E474,False
IR Epithelial SASP,475,CLIC5,CLIC5,Q9NZA1,0.245854169,0.02173205,0.456884325,soluble,renal_epithelial,E475,False
IR Epithelial SASP,476,FLNA,FLNA,P21333,0.24562873,0.017939791,1.056421161,soluble,renal_epithelial,E476,False
IR Epithelial SASP,477,DCTN2,DCTN2,Q13561,0.244235498,0.00427741,0.366156608,soluble,renal_epithelial,E477,False
IR Epithelial SASP,478,AARS,AARS,P49588,0.24381896,0.004761698,0.274356246,soluble,renal_epithelial,E478,False
IR Epithelial SASP,479,ARCN1,ARCN1,P48444,0.243757188,0.000157955,0.275946259,soluble,renal_epithelial,E479,False
IR Epithelial SASP,480,ATP1A1,ATP1A1,P05023,0.242421725,0.000105479,0.768686354,soluble,renal_epithelial,E480,False
IR Epithelial SASP,481,ATP6V0D1,ATP6V0D1,P61421,0.242365366,0.005810781,0.950175166,soluble,renal_epithelial,E481,False
IR Epithelial SASP,482,SUMF2,SUMF2,Q8NBJ7,0.241975161,0.11147781,0.288078606,soluble,renal_epithelial,E482,False
IR Epithelial SASP,483,MAP1LC3B2;MAP1LC3B,,A6NCE7;Q9GZQ8,0.240660799,0.113751202,0.280590892,soluble,renal_epithelial,E483,False
IR Epithelial SASP,484,SERPINB1,SERPINB1,P30740,0.237799988,0.000330921,0.369213939,soluble,renal_epithelial,E484,False
IR Epithelial SASP,485,PSMD3,PSMD3,O43242,0.236235112,0.000919616,0.289890558,soluble,renal_epithelial,E485,False
IR Epithelial SASP,486,TPD52,TPD52,P55327,0.234248945,0.115945895,0.391547531,soluble,renal_epithelial,E486,False
IR Epithelial SASP,487,EEF1D,EEF1D,P29692,0.233717554,0.008275883,0.393750697,soluble,renal_epithelial,E487,False
IR Epithelial SASP,488,AK2,AK2,P54819,0.233537355,0.000567421,0.353766263,soluble,renal_epithelial,E488,False
IR Epithelial SASP,489,FUK,FUK,Q8N0W3,0.231803837,0.110143069,0.894950211,soluble,renal_epithelial,E489,False
IR Epithelial SASP,490,NT5E,NT5E,P21589,0.230508937,0.032559875,0.561621368,soluble,renal_epithelial,E490,False
IR Epithelial SASP,491,CYR61,CYR61,O00622,0.229509496,0.020744835,1.111808419,soluble,renal_epithelial,E491,False
IR Epithelial SASP,492,PSME2,PSME2,Q9UL46,0.229445419,0.036293726,0.957496047,soluble,renal_epithelial,E492,False
IR Epithelial SASP,493,COPS5,COPS5,Q92905,0.228722768,0.078355923,0.507802904,soluble,renal_epithelial,E493,False
IR Epithelial SASP,494,HIST1H1B,HIST1H1B,P16401,0.228240763,0.145331626,3.316267252,soluble,renal_epithelial,E494,False
IR Epithelial SASP,495,RUVBL2,RUVBL2,Q9Y230,0.228194757,0.031657644,0.764055431,soluble,renal_epithelial,E495,False
IR Epithelial SASP,496,ATP6V1A,ATP6V1A,P38606,0.227826062,1.41e-06,0.431288838,soluble,renal_epithelial,E496,False
IR Epithelial SASP,497,RNH1,RNH1,P13489,0.226325014,0.044287895,0.695837915,soluble,renal_epithelial,E497,False
IR Epithelial SASP,498,LPP,LPP,Q93052,0.224944101,0.011260838,0.686212301,soluble,renal_epithelial,E498,False
IR Epithelial SASP,499,CYFIP1;CYFIP2,,Q7L576;Q96F07,0.22240412,0.184066812,5.023563862,soluble,renal_epithelial,E499,False
IR Epithelial SASP,500,VPS29,VPS29,Q9UBQ0,0.22191493,0.078917855,0.222102553,soluble,renal_epithelial,E500,False
IR Epithelial SASP,501,MYL6,MYL6,P60660,0.221804329,0.084530692,0.706735313,soluble,renal_epithelial,E501,False
IR Epithelial SASP,502,CCT7,CCT7,Q99832,0.220021872,0.049325241,0.745691538,soluble,renal_epithelial,E502,False
IR Epithelial SASP,503,VPS28,VPS28,Q9UK41,0.220017503,0.067416708,0.244327471,soluble,renal_epithelial,E503,False
IR Epithelial SASP,504,HIBADH,HIBADH,P31937,0.218233093,0.065453622,0.41870141,soluble,renal_epithelial,E504,False
IR Epithelial SASP,505,UBE2N,UBE2N,P61088,0.216748003,0.052550112,0.563901305,soluble,renal_epithelial,E505,False
IR Epithelial SASP,506,CRIP1,CRIP1,P50238,0.216378226,0.161500579,0.9762862919999999,soluble,renal_epithelial,E506,False
IR Epithelial SASP,507,ESD,ESD,P10768,0.215122141,0.149787275,0.5451774,soluble,renal_epithelial,E507,False
IR Epithelial SASP,508,C3,C3,P01024,0.215121896,2.33e-07,0.590849876,soluble,renal_epithelial,E508,False
IR Epithelial SASP,509,VAPA,VAPA,Q9P0L0,0.214886904,0.130725862,1.232787609,soluble,renal_epithelial,E509,False
IR Epithelial SASP,510,DDAH1,DDAH1,O94760,0.21425058,0.044369736,0.358691782,soluble,renal_epithelial,E510,False
IR Epithelial SASP,511,MYL6B,MYL6B,P14649,0.213815818,0.058326462,1.459453225,soluble,renal_epithelial,E511,False
IR Epithelial SASP,512,LTBP4,LTBP4,Q8N2S1,0.212822696,0.034148805,0.357188702,soluble,renal_epithelial,E512,False
IR Epithelial SASP,513,PGAM1,PGAM1,P18669,0.212745771,0.109576278,0.929984033,soluble,renal_epithelial,E513,False
IR Epithelial SASP,514,ECH1,ECH1,Q13011,0.212477384,0.013292985,0.352280915,soluble,renal_epithelial,E514,False
IR Epithelial SASP,515,TOLLIP,TOLLIP,Q9H0E2,0.212429249,0.015219412,0.772875369,soluble,renal_epithelial,E515,False
IR Epithelial SASP,516,RPL30,RPL30,P62888,0.211581306,0.005743856,0.240052566,soluble,renal_epithelial,E516,False
IR Epithelial SASP,517,PDIA5,PDIA5,Q14554,0.211469562,0.036986503,1.252914667,soluble,renal_epithelial,E517,False
IR Epithelial SASP,518,HNRNPR,HNRNPR,O43390,0.209740673,0.032524306,0.692037702,soluble,renal_epithelial,E518,False
IR Epithelial SASP,519,PAFAH1B3,PAFAH1B3,Q15102,0.206180651,0.194295709,0.320014209,soluble,renal_epithelial,E519,False
IR Epithelial SASP,520,LAMB2,LAMB2,P55268,0.205063801,0.005292637,0.493618399,soluble,renal_epithelial,E520,False
IR Epithelial SASP,521,ITGB3,ITGB3,P05106,0.204074973,0.07067491,0.525014937,soluble,renal_epithelial,E521,False
IR Epithelial SASP,522,RPS10,RPS10,P46783,0.201636685,0.03580918,0.389989942,soluble,renal_epithelial,E522,False
IR Epithelial SASP,523,FKBP2,FKBP2,P26885,0.201272506,0.006397562,0.221061051,soluble,renal_epithelial,E523,False
IR Epithelial SASP,524,RPL35,RPL35,P42766,0.200767626,0.019281507,0.224538192,soluble,renal_epithelial,E524,False
IR Epithelial SASP,525,NANS,NANS,Q9NR45,0.200732798,0.023576407,0.310930789,soluble,renal_epithelial,E525,False
IR Epithelial SASP,526,YWHAQ,YWHAQ,P27348,0.198551613,0.211729177,1.460315943,soluble,renal_epithelial,E526,False
IR Epithelial SASP,527,ACO1,ACO1,P21399,0.198548289,0.009144594,0.678146303,soluble,renal_epithelial,E527,False
IR Epithelial SASP,528,PYGB,PYGB,P11216,0.194826587,3.67e-05,0.762219787,soluble,renal_epithelial,E528,False
IR Epithelial SASP,529,CCT5,CCT5,P48643,0.193655786,0.041866328,0.611863911,soluble,renal_epithelial,E529,False
IR Epithelial SASP,530,RPS9,RPS9,P46781,0.192286085,0.043799583,0.422937512,soluble,renal_epithelial,E530,False
IR Epithelial SASP,531,P4HA2,P4HA2,O15460,0.19133564,0.004822713,0.333856881,soluble,renal_epithelial,E531,False
IR Epithelial SASP,532,ARPC5,ARPC5,O15511,0.1890309,0.210643237,0.572086334,soluble,renal_epithelial,E532,False
IR Epithelial SASP,533,ANXA4,ANXA4,P09525,0.185544676,0.005862311,0.726856768,soluble,renal_epithelial,E533,False
IR Epithelial SASP,534,ARSB,ARSB,P15848,0.185379643,0.127736505,0.593064189,soluble,renal_epithelial,E534,False
IR Epithelial SASP,535,FBXO18,FBXO18,Q8NFZ0,0.184447394,0.131809281,0.258808851,soluble,renal_epithelial,E535,False
IR Epithelial SASP,536,CTNNB1,CTNNB1,P35222,0.183740084,0.097423422,0.367749929,soluble,renal_epithelial,E536,False
IR Epithelial SASP,537,STIP1,STIP1,P31948,0.181012913,0.000626407,0.307676047,soluble,renal_epithelial,E537,False
IR Epithelial SASP,538,TAGLN2,TAGLN2,P37802,0.178390519,0.01631397,0.558943808,soluble,renal_epithelial,E538,False
IR Epithelial SASP,539,MYL1;MYL3,,P05976;P08590,0.175213487,0.111274086,0.214527532,soluble,renal_epithelial,E539,False
IR Epithelial SASP,540,GNAI2,GNAI2,P04899,0.175125854,1.63e-07,0.411624581,soluble,renal_epithelial,E540,False
IR Epithelial SASP,541,COLGALT1,COLGALT1,Q8NBJ5,0.173600431,0.147970322,0.580485463,soluble,renal_epithelial,E541,False
IR Epithelial SASP,542,VBP1,VBP1,P61758,0.173096739,0.11446869,0.308038563,soluble,renal_epithelial,E542,False
IR Epithelial SASP,543,UBE2I,UBE2I,P63279,0.173042333,0.071100332,0.354022861,soluble,renal_epithelial,E543,False
IR Epithelial SASP,544,TWF2,TWF2,Q6IBS0,0.172858592,0.087123933,0.751876295,soluble,renal_epithelial,E544,False
IR Epithelial SASP,545,ACTR2,ACTR2,P61160,0.172654412,0.003905499,0.50794071,soluble,renal_epithelial,E545,False
IR Epithelial SASP,546,GLUD1,GLUD1,P00367,0.170784923,0.169736843,0.69830066,soluble,renal_epithelial,E546,False
IR Epithelial SASP,547,RPS8,RPS8,P62241,0.16810192,0.005092901,0.442826182,soluble,renal_epithelial,E547,False
IR Epithelial SASP,548,CUTA,CUTA,O60888,0.167491688,0.000923349,0.211090222,soluble,renal_epithelial,E548,False
IR Epithelial SASP,549,IGFBP3,IGFBP3,P17936,0.167162012,0.014274625,0.40605402,soluble,renal_epithelial,E549,False
IR Epithelial SASP,550,FHL2,FHL2,Q14192,0.165017708,0.022814583,0.753419399,soluble,renal_epithelial,E550,False
IR Epithelial SASP,551,BPNT1,BPNT1,O95861,0.16440557,0.038277629,0.357783616,soluble,renal_epithelial,E551,False
IR Epithelial SASP,552,NAPA,NAPA,P54920,0.163919855,0.032703296,0.314772248,soluble,renal_epithelial,E552,False
IR Epithelial SASP,553,RPL38,RPL38,P63173,0.160337271,0.115790826,0.525408804,soluble,renal_epithelial,E553,False
IR Epithelial SASP,554,ST13,ST13,P50502,0.159240732,0.002545249,0.419472903,soluble,renal_epithelial,E554,False
IR Epithelial SASP,555,HMGCL,HMGCL,P35914,0.159221171,0.078917855,0.849730492,soluble,renal_epithelial,E555,False
IR Epithelial SASP,556,SNX6,SNX6,Q9UNH7,0.158488721,0.015316582,0.665034235,soluble,renal_epithelial,E556,False
IR Epithelial SASP,557,KATNAL2,KATNAL2,Q8IYT4,0.155903792,0.085751234,0.451351404,soluble,renal_epithelial,E557,False
IR Epithelial SASP,558,DARS,DARS,P14868,0.154472638,0.039946301,1.065399647,soluble,renal_epithelial,E558,False
IR Epithelial SASP,559,AKAP12,AKAP12,Q02952,0.153139456,0.003926793,1.006185293,soluble,renal_epithelial,E559,False
IR Epithelial SASP,560,CASP6,CASP6,P55212,0.152555889,0.051515925,0.126668304,soluble,renal_epithelial,E560,False
IR Epithelial SASP,561,PREP,PREP,P48147,0.152035133,0.083356597,0.34317255,soluble,renal_epithelial,E561,False
IR Epithelial SASP,562,CS,CS,O75390,0.151994252,0.075695219,0.765105069,soluble,renal_epithelial,E562,False
IR Epithelial SASP,563,RPS6,RPS6,P62753,0.14946945,0.053459034,0.561922729,soluble,renal_epithelial,E563,False
IR Epithelial SASP,564,ATP1B1,ATP1B1,P05026,0.149348414,0.097528154,0.772225201,soluble,renal_epithelial,E564,False
IR Epithelial SASP,565,MDH2,MDH2,P40926,0.147632278,0.04186515,0.406154871,soluble,renal_epithelial,E565,False
IR Epithelial SASP,566,PSMD13,PSMD13,Q9UNM6,0.146708441,0.03833335,0.719340205,soluble,renal_epithelial,E566,False
IR Epithelial SASP,567,PPP1R18,PPP1R18,Q6NYC8,0.146533905,0.137628493,0.194757834,soluble,renal_epithelial,E567,False
IR Epithelial SASP,568,LGALS3,LGALS3,P17931,0.145771781,0.000802242,0.329498053,soluble,renal_epithelial,E568,False
IR Epithelial SASP,569,UGGT1,UGGT1,Q9NYU2,0.145224411,0.042078441,0.705605805,soluble,renal_epithelial,E569,False
IR Epithelial SASP,570,SERPINB9,SERPINB9,P50453,0.144799413,0.033842392,0.341196895,soluble,renal_epithelial,E570,False
IR Epithelial SASP,571,CAPZA1,CAPZA1,P52907,0.144081776,4.59e-05,0.455777764,soluble,renal_epithelial,E571,False
IR Epithelial SASP,572,GANAB,GANAB,Q14697,0.143924355,0.222877419,0.620802701,soluble,renal_epithelial,E572,False
IR Epithelial SASP,573,CD109,CD109,Q6YHK3,0.143822656,0.152685433,0.915790915,soluble,renal_epithelial,E573,False
IR Epithelial SASP,574,TP53I3,TP53I3,Q53FA7,0.14062728,0.109576278,0.351341665,soluble,renal_epithelial,E574,False
IR Epithelial SASP,575,CFL1,CFL1,P23528,0.138280063,0.027626615,0.73216933,soluble,renal_epithelial,E575,False
IR Epithelial SASP,576,USP14,USP14,P54578,0.136836739,0.11289913,0.958052039,soluble,renal_epithelial,E576,False
IR Epithelial SASP,577,SFN,SFN,P31947,0.134327415,0.111124557,1.121558428,soluble,renal_epithelial,E577,False
IR Epithelial SASP,578,RPL27,RPL27,P61353,0.131959754,0.044628453,0.270832628,soluble,renal_epithelial,E578,False
IR Epithelial SASP,579,CTTN,CTTN,Q14247,0.127264701,0.101376039,1.063368678,soluble,renal_epithelial,E579,False
IR Epithelial SASP,580,ITGB1,ITGB1,P05556,0.124401333,0.005433244,0.57447058,soluble,renal_epithelial,E580,False
IR Epithelial SASP,581,HNRNPK,HNRNPK,P61978,0.122742353,0.138553583,0.407319218,soluble,renal_epithelial,E581,False
IR Epithelial SASP,582,FUCA2,FUCA2,Q9BTY2,0.122041644,0.028158222,0.304887444,soluble,renal_epithelial,E582,False
IR Epithelial SASP,583,PSAP,PSAP,P07602,0.121632427,0.033175921,1.355660677,soluble,renal_epithelial,E583,False
IR Epithelial SASP,584,PAPSS1,PAPSS1,O43252,0.120309438,0.088983221,0.505828619,soluble,renal_epithelial,E584,False
IR Epithelial SASP,585,EIF6,EIF6,P56537,0.115618556,0.014521713,0.403978735,soluble,renal_epithelial,E585,False
IR Epithelial SASP,586,TMEM132A,TMEM132A,Q24JP5,0.113486601,0.11424491,0.133931592,soluble,renal_epithelial,E586,False
IR Epithelial SASP,587,EIF3C,EIF3C,Q99613,0.112825402,0.020146469,0.762543559,soluble,renal_epithelial,E587,False
IR Epithelial SASP,588,EZR,EZR,P15311,0.111238437,0.004903752,0.519884109,soluble,renal_epithelial,E588,False
IR Epithelial SASP,589,KRT17,KRT17,Q04695,0.110454132,0.093767083,1.260706663,soluble,renal_epithelial,E589,False
IR Epithelial SASP,590,UCHL1,UCHL1,P09936,0.109983795,0.089898228,1.226443648,soluble,renal_epithelial,E590,False
IR Epithelial SASP,591,DLD,DLD,P09622,0.109273869,0.057238363,0.477027416,soluble,renal_epithelial,E591,False
IR Epithelial SASP,592,CARHSP1,CARHSP1,Q9Y2V2,0.107036487,0.060434453,0.292474866,soluble,renal_epithelial,E592,False
IR Epithelial SASP,593,FAHD1,FAHD1,Q6P587,0.106646587,0.096574353,0.338637203,soluble,renal_epithelial,E593,False
IR Epithelial SASP,594,PTGES3,PTGES3,Q15185,0.105995266,0.119458306,0.403861046,soluble,renal_epithelial,E594,False
IR Epithelial SASP,595,PYGL,PYGL,P06737,0.104642395,0.000837689,0.276325732,soluble,renal_epithelial,E595,False
IR Epithelial SASP,596,PDXK,PDXK,O00764,0.103112927,0.084848567,0.148933664,soluble,renal_epithelial,E596,False
IR Epithelial SASP,597,KRT9,KRT9,P35527,0.102399801,0.110323486,0.793701947,soluble,renal_epithelial,E597,False
IR Epithelial SASP,598,KARS,KARS,Q15046,0.098939411,0.097381644,0.261128604,soluble,renal_epithelial,E598,False
IR Epithelial SASP,599,VPS35,VPS35,Q96QK1,0.098777369,0.033175422,0.62677449,soluble,renal_epithelial,E599,False
IR Epithelial SASP,600,GNS,GNS,P15586,0.095287387,0.142438426,0.351672113,soluble,renal_epithelial,E600,False
IR Epithelial SASP,601,CLTA,CLTA,P09496,0.093274583,0.090068642,1.294137836,soluble,renal_epithelial,E601,False
IR Epithelial SASP,602,RPL12,RPL12,P30050,0.092331528,0.121204476,0.825009406,soluble,renal_epithelial,E602,False
IR Epithelial SASP,603,HSPG2,HSPG2,P98160,0.091223241,0.004970543,0.816097975,soluble,renal_epithelial,E603,False
IR Epithelial SASP,604,PDLIM7,PDLIM7,Q9NR12,0.091216741,0.216359661,0.427606493,soluble,renal_epithelial,E604,False
IR Epithelial SASP,605,PDIA6,PDIA6,Q15084,0.091118428,0.000340299,0.231714264,soluble,renal_epithelial,E605,False
IR Epithelial SASP,606,ARHGDIA,ARHGDIA,P52565,0.090385239,0.000284218,0.395619452,soluble,renal_epithelial,E606,False
IR Epithelial SASP,607,CCDC58,CCDC58,Q4VC31,0.089274327,0.177696762,0.466611207,soluble,renal_epithelial,E607,False
IR Epithelial SASP,608,RBMX,RBMX,P38159,0.088888976,0.135678681,1.050286889,soluble,renal_epithelial,E608,False
IR Epithelial SASP,609,PA2G4,PA2G4,Q9UQ80,0.088267823,0.087123933,0.948555052,soluble,renal_epithelial,E609,False
IR Epithelial SASP,610,ALDH9A1,ALDH9A1,P49189,0.08796256,0.177943258,0.492301434,soluble,renal_epithelial,E610,False
IR Epithelial SASP,611,COL18A1,COL18A1,P39060,0.084192853,0.03863872,0.358524412,soluble,renal_epithelial,E611,False
IR Epithelial SASP,612,AKR1B1,AKR1B1,P15121,0.082965799,0.210379931,1.472659588,soluble,renal_epithelial,E612,False
IR Epithelial SASP,613,PSMD11,PSMD11,O00231,0.078443254,0.001498948,0.611261249,soluble,renal_epithelial,E613,False
IR Epithelial SASP,614,UBE2D3;UBE2D2,,P61077;P62837,0.078417704,0.057732821,0.302958488,soluble,renal_epithelial,E614,False
IR Epithelial SASP,615,HLA-A,HLA-A,P01891,0.075233514,0.129681895,0.152790055,soluble,renal_epithelial,E615,False
IR Epithelial SASP,616,PARVA,PARVA,Q9NVD7,0.073186029,0.068154244,0.415272087,soluble,renal_epithelial,E616,False
IR Epithelial SASP,617,MFGE8,MFGE8,Q08431,0.072851197,0.111124557,0.360922605,soluble,renal_epithelial,E617,False
IR Epithelial SASP,618,PAFAH1B1,PAFAH1B1,P43034,0.071001682,0.066291367,0.440322906,soluble,renal_epithelial,E618,False
IR Epithelial SASP,619,PLAU,PLAU,P00749,0.069501256,0.041686537,0.243530318,soluble,renal_epithelial,E619,False
IR Epithelial SASP,620,RPS24,RPS24,P62847,0.069328489,0.111274086,0.276580006,soluble,renal_epithelial,E620,False
IR Epithelial SASP,621,PABPC1,PABPC1,P11940,0.067507448,0.098332311,0.420212597,soluble,renal_epithelial,E621,False
IR Epithelial SASP,622,PLAT,PLAT,P00750,0.067395464,0.060910255,0.754127204,soluble,renal_epithelial,E622,False
IR Epithelial SASP,623,S100A6,S100A6,P06703,0.06655383,0.222551442,0.922870815,soluble,renal_epithelial,E623,False
IR Epithelial SASP,624,HSPB1,HSPB1,P04792,0.065889075,0.155314311,1.407531857,soluble,renal_epithelial,E624,False
IR Epithelial SASP,625,DPYSL3,DPYSL3,Q14195,0.063211535,0.070970849,0.418471992,soluble,renal_epithelial,E625,False
IR Epithelial SASP,626,UBA3,UBA3,Q8TBC4,0.063185145,0.217677304,0.180121928,soluble,renal_epithelial,E626,False
IR Epithelial SASP,627,EIF3E,EIF3E,P60228,0.06098889,0.115945895,0.273643851,soluble,renal_epithelial,E627,False
IR Epithelial SASP,628,PRDX1,PRDX1,Q06830,0.060349424,0.076051578,0.456191003,soluble,renal_epithelial,E628,False
IR Epithelial SASP,629,PCMT1,PCMT1,P22061,0.059952393,0.164305152,0.652460635,soluble,renal_epithelial,E629,False
IR Epithelial SASP,630,PLS3,PLS3,P13797,0.051145591,0.022200811,0.489408672,soluble,renal_epithelial,E630,False
IR Epithelial SASP,631,PITPNB,PITPNB,P48739,0.050097379,0.183639603,0.703710616,soluble,renal_epithelial,E631,False
IR Epithelial SASP,632,MTPN,MTPN,P58546,0.049790228,0.165791208,0.368893713,soluble,renal_epithelial,E632,False
IR Epithelial SASP,633,LRRC59,LRRC59,Q96AG4,0.045987202,0.098332311,1.221070647,soluble,renal_epithelial,E633,False
IR Epithelial SASP,634,GREM1;GREM2,,O60565;Q9H772,0.045276836,0.166246872,0.314536572,soluble,renal_epithelial,E634,False
IR Epithelial SASP,635,MSN,MSN,P26038,0.036885701,0.146426578,0.7254408,soluble,renal_epithelial,E635,False
IR Epithelial SASP,636,RPS3,RPS3,P23396,0.03587982,0.119328945,1.167837739,soluble,renal_epithelial,E636,False
IR Epithelial SASP,637,COPB2,COPB2,P35606,0.034499051,0.026166637,0.556828022,soluble,renal_epithelial,E637,False
IR Epithelial SASP,638,PRDX4,PRDX4,Q13162,0.034196407,0.156410175,0.392797351,soluble,renal_epithelial,E638,False
IR Epithelial SASP,639,RSU1,RSU1,Q15404,0.033168078,0.025162668,0.52929318,soluble,renal_epithelial,E639,False
IR Epithelial SASP,640,DDAH2,DDAH2,O95865,0.031395627,0.0776622,0.413301796,soluble,renal_epithelial,E640,False
IR Epithelial SASP,641,SMS,SMS,P52788,0.027528451,0.047974151,0.71925205,soluble,renal_epithelial,E641,False
IR Epithelial SASP,642,RDX,RDX,P35241,0.027390525,0.139188828,1.181119919,soluble,renal_epithelial,E642,False
IR Epithelial SASP,643,FKBP4,FKBP4,Q02790,0.025541529,0.037837026,0.505972862,soluble,renal_epithelial,E643,False
IR Epithelial SASP,644,OTUB1,OTUB1,Q96FW1,0.023922311,0.084955934,0.285773844,soluble,renal_epithelial,E644,False
IR Epithelial SASP,645,ERP44,ERP44,Q9BS26,0.023080332,0.097423422,0.583703458,soluble,renal_epithelial,E645,False
IR Epithelial SASP,646,CHMP4A,CHMP4A,Q9BY43,0.022315328,0.089587259,0.178326309,soluble,renal_epithelial,E646,False
IR Epithelial SASP,647,HARS,HARS,P12081,0.020344763,0.176765899,0.499655664,soluble,renal_epithelial,E647,False
IR Epithelial SASP,648,ACAP1,ACAP1,Q15027,0.019808876,0.175584551,4.589120865,soluble,renal_epithelial,E648,False
IR Epithelial SASP,649,ACLY,ACLY,P53396,0.018970253,0.226302784,0.393154621,soluble,renal_epithelial,E649,False
IR Epithelial SASP,650,ILF3,ILF3,Q12906,0.016131191,0.008923909,0.687546432,soluble,renal_epithelial,E650,False
IR Epithelial SASP,651,P4HB,P4HB,P07237,0.014488226,0.006861926,0.820958197,soluble,renal_epithelial,E651,False
IR Epithelial SASP,652,CDCP1,CDCP1,Q9H5V8,0.01416332,0.183639603,0.221605286,soluble,renal_epithelial,E652,False
IR Epithelial SASP,653,ACTN1,ACTN1,P12814,0.00953927,0.150409591,0.423709631,soluble,renal_epithelial,E653,False
IR Epithelial SASP,654,SNRPD2,SNRPD2,P62316,0.009285645,0.160403225,0.459833771,soluble,renal_epithelial,E654,False
IR Epithelial SASP,655,GRN,GRN,P28799,0.00852461,0.092698243,1.49954617,soluble,renal_epithelial,E655,False
IR Epithelial SASP,656,DDT,DDT,P30046,0.00824439,0.063777965,0.674900055,soluble,renal_epithelial,E656,False
IR Epithelial SASP,657,RPL23A,RPL23A,P62750,0.006504904,0.226302784,0.437111855,soluble,renal_epithelial,E657,False
IR Epithelial SASP,658,COPS2,COPS2,P61201,0.006034823,0.147246203,0.267591715,soluble,renal_epithelial,E658,False
IR Epithelial SASP,659,DBN1,DBN1,Q16643,0.003663502,0.184461359,1.946913242,soluble,renal_epithelial,E659,False
IR Epithelial SASP,660,PLIN3,PLIN3,O60664,0.002057262,0.15214332,0.965831697,soluble,renal_epithelial,E660,False
IR Epithelial SASP,661,ISYNA1,ISYNA1,Q9NPH2,0.000427584,0.212479256,0.394602835,soluble,renal_epithelial,E661,False
IR Epithelial SASP,662,CASP3,CASP3,P42574,-0.001679614,0.043968231,0.716166496,soluble,renal_epithelial,E662,False
IR Epithelial SASP,663,DHX9,DHX9,Q08211,-0.004155811,0.209374461,0.730178773,soluble,renal_epithelial,E663,False
IR Epithelial SASP,664,HMGB1,HMGB1,P09429,-0.004204856,0.12346256,0.529160082,soluble,renal_epithelial,E664,False
IR Epithelial SASP,665,TARS,TARS,P26639,-0.005453178,0.17215442,0.757285595,soluble,renal_epithelial,E665,False
IR Epithelial SASP,666,USP5,USP5,P45974,-0.005476763,0.000143934,1.25838244,soluble,renal_epithelial,E666,False
IR Epithelial SASP,667,ARPC1A,ARPC1A,Q92747,-0.006271991,0.147970322,1.178467274,soluble,renal_epithelial,E667,False
IR Epithelial SASP,668,HIBCH,HIBCH,Q6NVY1,-0.007100166,0.131308097,1.510860562,soluble,renal_epithelial,E668,False
IR Epithelial SASP,669,SSB,SSB,P05455,-0.007964266,0.193155655,0.722453177,soluble,renal_epithelial,E669,False
IR Epithelial SASP,670,PSMB3,PSMB3,P49720,-0.009096155,0.045397426,0.276134849,soluble,renal_epithelial,E670,False
IR Epithelial SASP,671,FKBP9,FKBP9,O95302,-0.009367839,0.214236152,0.155133009,soluble,renal_epithelial,E671,False
IR Epithelial SASP,672,PPM1G,PPM1G,O15355,-0.010942619,0.185425528,0.192880228,soluble,renal_epithelial,E672,False
IR Epithelial SASP,673,KTN1,KTN1,Q86UP2,-0.010968699,0.13800555,0.316848844,soluble,renal_epithelial,E673,False
IR Epithelial SASP,674,PPIA,PPIA,P62937,-0.01543758,0.137628493,0.94621563,soluble,renal_epithelial,E674,False
IR Epithelial SASP,675,EPDR1,EPDR1,Q9UM22,-0.016299799,0.153636256,0.389714807,soluble,renal_epithelial,E675,False
IR Epithelial SASP,676,MMP14,MMP14,P50281,-0.017509188,0.156410175,0.230038881,soluble,renal_epithelial,E676,False
IR Epithelial SASP,677,RPE,RPE,Q96AT9,-0.018343513999999998,0.202318007,0.267289013,soluble,renal_epithelial,E677,False
IR Epithelial SASP,678,AIFM1,AIFM1,O95831,-0.019203062,0.066563876,1.087337971,soluble,renal_epithelial,E678,False
IR Epithelial SASP,679,PFN1,PFN1,P07737,-0.01938862,0.05408053,0.587001801,soluble,renal_epithelial,E679,False
IR Epithelial SASP,680,TFG,TFG,Q92734,-0.020250361,0.171129226,0.143897936,soluble,renal_epithelial,E680,False
IR Epithelial SASP,681,GLRX3,GLRX3,O76003,-0.02295882,0.187506506,0.325834632,soluble,renal_epithelial,E681,False
IR Epithelial SASP,682,HSPD1,HSPD1,P10809,-0.023148081,0.102508704,0.567271888,soluble,renal_epithelial,E682,False
IR Epithelial SASP,683,PSAT1,PSAT1,Q9Y617,-0.023345837,0.15214332,0.215227827,soluble,renal_epithelial,E683,False
IR Epithelial SASP,684,PDCD5,PDCD5,O14737,-0.02477411,0.092698243,1.076944828,soluble,renal_epithelial,E684,False
IR Epithelial SASP,685,SERPINH1,SERPINH1,P50454,-0.024787678,0.115619223,0.364422351,soluble,renal_epithelial,E685,False
IR Epithelial SASP,686,OLA1,OLA1,Q9NTK5,-0.025686398,0.030086865,0.52176702,soluble,renal_epithelial,E686,False
IR Epithelial SASP,687,NEDD8,NEDD8,Q15843,-0.026448372,0.01915177,0.588796258,soluble,renal_epithelial,E687,False
IR Epithelial SASP,688,RPS18,RPS18,P62269,-0.03006335,0.147246203,0.360131025,soluble,renal_epithelial,E688,False
IR Epithelial SASP,689,FKBP1A,FKBP1A,P62942,-0.032053541,0.199760526,0.490308851,soluble,renal_epithelial,E689,False
IR Epithelial SASP,690,EIF5A;EIF5AL1,,P63241;Q6IS14,-0.03243653,0.04010847,0.52499491,soluble,renal_epithelial,E690,False
IR Epithelial SASP,691,CLEC11A,CLEC11A,Q9Y240,-0.03505248,0.110495015,1.329684138,soluble,renal_epithelial,E691,False
IR Epithelial SASP,692,NSFL1C,NSFL1C,Q9UNZ2,-0.036651235,0.110143069,1.009193659,soluble,renal_epithelial,E692,False
IR Epithelial SASP,693,KPNB1,KPNB1,Q14974,-0.038522957,0.101308999,0.993838429,soluble,renal_epithelial,E693,False
IR Epithelial SASP,694,MCAM,MCAM,P43121,-0.045406535,0.091099006,0.367760301,soluble,renal_epithelial,E694,False
IR Epithelial SASP,695,CPA4,CPA4,Q9UI42,-0.045777819,0.160403225,0.57015717,soluble,renal_epithelial,E695,False
IR Epithelial SASP,696,GGCT,GGCT,O75223,-0.046045901,0.037760183,0.05584152,soluble,renal_epithelial,E696,False
IR Epithelial SASP,697,UBE2L3,UBE2L3,P68036,-0.046773181,0.141810824,0.164965153,soluble,renal_epithelial,E697,False
IR Epithelial SASP,698,ILF2,ILF2,Q12905,-0.046896621,0.072960868,0.36285916,soluble,renal_epithelial,E698,False
IR Epithelial SASP,699,MTAP,MTAP,Q13126,-0.048744815,0.162077303,0.27385506,soluble,renal_epithelial,E699,False
IR Epithelial SASP,700,SLC9A3R1,SLC9A3R1,O14745,-0.048883905,0.162077303,0.514638603,soluble,renal_epithelial,E700,False
IR Epithelial SASP,701,TXNL1,TXNL1,O43396,-0.049090434,0.178835502,0.30246982,soluble,renal_epithelial,E701,False
IR Epithelial SASP,702,HAGH,HAGH,Q16775,-0.049315045,0.138635756,0.490861923,soluble,renal_epithelial,E702,False
IR Epithelial SASP,703,EHD4,EHD4,Q9H223,-0.050654364,0.012509856,0.415926963,soluble,renal_epithelial,E703,False
IR Epithelial SASP,704,HMGB2,HMGB2,P26583,-0.05099644,0.136678791,0.20311518,soluble,renal_epithelial,E704,False
IR Epithelial SASP,705,GART,GART,P22102,-0.051728958,0.056433804,0.768259406,soluble,renal_epithelial,E705,False
IR Epithelial SASP,706,PFDN5,PFDN5,Q99471,-0.052764419,0.225079266,0.263970464,soluble,renal_epithelial,E706,False
IR Epithelial SASP,707,RPL17,RPL17,P18621,-0.054714546,0.135565813,0.227163449,soluble,renal_epithelial,E707,False
IR Epithelial SASP,708,DCBLD2,DCBLD2,Q96PD2,-0.055011207,0.130526189,0.278906107,soluble,renal_epithelial,E708,False
IR Epithelial SASP,709,COPZ1,COPZ1,P61923,-0.057320928,0.096791711,0.518528044,soluble,renal_epithelial,E709,False
IR Epithelial SASP,710,SRP9,SRP9,P49458,-0.057819954,0.036220353,0.236686394,soluble,renal_epithelial,E710,False
IR Epithelial SASP,711,RNPEP,RNPEP,Q9H4A4,-0.059474895,0.142438426,0.386197031,soluble,renal_epithelial,E711,False
IR Epithelial SASP,712,ANP32E,ANP32E,Q9BTT0,-0.060382921,0.135419649,0.172079235,soluble,renal_epithelial,E712,False
IR Epithelial SASP,713,AKR1C3,AKR1C3,P42330,-0.060411239,0.098332311,0.289058894,soluble,renal_epithelial,E713,False
IR Epithelial SASP,714,GLOD4,GLOD4,Q9HC38,-0.060472618,0.049019973,0.321548015,soluble,renal_epithelial,E714,False
IR Epithelial SASP,715,DNAJA3,DNAJA3,Q96EY1,-0.062072442,0.055925398,1.578279495,soluble,renal_epithelial,E715,False
IR Epithelial SASP,716,NACAP1,NACAP1,Q9BZK3,-0.065371012,0.008922991,0.130328283,soluble,renal_epithelial,E716,False
IR Epithelial SASP,717,CNN3,CNN3,Q15417,-0.066586094,0.086578058,0.606738687,soluble,renal_epithelial,E717,False
IR Epithelial SASP,718,HSPA4,HSPA4,P34932,-0.068075271,2.76e-06,0.340244114,soluble,renal_epithelial,E718,False
IR Epithelial SASP,719,PLOD3,PLOD3,O60568,-0.068414226,0.177696762,0.40177381,soluble,renal_epithelial,E719,False
IR Epithelial SASP,720,ACTN4,ACTN4,O43707,-0.069498264,0.211583592,0.511580348,soluble,renal_epithelial,E720,False
IR Epithelial SASP,721,PSMB1,PSMB1,P20618,-0.071071988,0.015219412,0.317556322,soluble,renal_epithelial,E721,False
IR Epithelial SASP,722,PSMA1,PSMA1,P25786,-0.071852309,0.148885722,0.404271632,soluble,renal_epithelial,E722,False
IR Epithelial SASP,723,FAH,FAH,P16930,-0.072397982,0.216356044,0.388898134,soluble,renal_epithelial,E723,False
IR Epithelial SASP,724,TBR1,TBR1,Q16650,-0.074541096,0.080933285,0.24266915,soluble,renal_epithelial,E724,False
IR Epithelial SASP,725,CRK,CRK,P46108,-0.074614395,0.024124623,0.337820917,soluble,renal_epithelial,E725,False
IR Epithelial SASP,726,ECI1,ECI1,P42126,-0.075012131,0.226479981,0.54076314,soluble,renal_epithelial,E726,False
IR Epithelial SASP,727,HIST1H2BK;H2BFS;HIST1H2BD;HIST1H2BC;HIST2H2BF;HIST1H2BH;HIST1H2BN;HIST1H2BM;HIST1H2BL,,O60814;P57053;P58876;P62807;Q5QNW6;Q93079;Q99877;Q99879;Q99880,-0.077370298,0.064717538,0.330520451,soluble,renal_epithelial,E727,False
IR Epithelial SASP,728,SRP14,SRP14,P37108,-0.077694481,0.214667069,0.414640307,soluble,renal_epithelial,E728,False
IR Epithelial SASP,729,PGD,PGD,P52209,-0.077875406,0.037267464,0.397933811,soluble,renal_epithelial,E729,False
IR Epithelial SASP,730,NUTF2,NUTF2,P61970,-0.077931395,0.01675501,0.203017443,soluble,renal_epithelial,E730,False
IR Epithelial SASP,731,PXDN,PXDN,Q92626,-0.078156183,0.191479483,0.324540198,soluble,renal_epithelial,E731,False
IR Epithelial SASP,732,NACA,NACA,E9PAV3;Q13765,-0.078377389,0.019615998,0.12784861,soluble,renal_epithelial,E732,False
IR Epithelial SASP,733,CDC37,CDC37,Q16543,-0.07950799,0.086149754,0.298133612,soluble,renal_epithelial,E733,False
IR Epithelial SASP,734,CHCHD2P9;CHCHD2,,Q5T1J5;Q9Y6H1,-0.080166459,0.097800807,0.385768354,soluble,renal_epithelial,E734,False
IR Epithelial SASP,735,ALDOC,ALDOC,P09972,-0.081033424,0.001129428,0.274593234,soluble,renal_epithelial,E735,False
IR Epithelial SASP,736,ACAA2,ACAA2,P42765,-0.082666492,0.180839279,0.411605626,soluble,renal_epithelial,E736,False
IR Epithelial SASP,737,ACTR1A,ACTR1A,P61163,-0.084856349,0.095354217,0.860598445,soluble,renal_epithelial,E737,False
IR Epithelial SASP,738,ACP1,ACP1,P24666,-0.085894752,0.091099006,0.318031371,soluble,renal_epithelial,E738,False
IR Epithelial SASP,739,NAGA,NAGA,P17050,-0.087816321,0.098332311,0.608952522,soluble,renal_epithelial,E739,False
IR Epithelial SASP,740,HSP90B1,HSP90B1,P14625,-0.088405591,0.090362346,0.893998921,soluble,renal_epithelial,E740,False
IR Epithelial SASP,741,CTHRC1,CTHRC1,Q96CG8,-0.088768844,0.150865545,0.432648897,soluble,renal_epithelial,E741,False
IR Epithelial SASP,742,HSPA4L,HSPA4L,O95757,-0.090883174,0.046665096,0.100247249,soluble,renal_epithelial,E742,False
IR Epithelial SASP,743,ANXA6,ANXA6,P08133,-0.095365654,0.002337653,0.338125348,soluble,renal_epithelial,E743,False
IR Epithelial SASP,744,PAPLN,PAPLN,O95428,-0.098310291,0.094667443,0.262181014,soluble,renal_epithelial,E744,False
IR Epithelial SASP,745,PPIB,PPIB,P23284,-0.101250785,0.079067406,0.554704309,soluble,renal_epithelial,E745,False
IR Epithelial SASP,746,PFAS,PFAS,O15067,-0.102189566,0.06205994,0.362716049,soluble,renal_epithelial,E746,False
IR Epithelial SASP,747,EIF3F,EIF3F,O00303,-0.103079234,0.059954478,0.352917254,soluble,renal_epithelial,E747,False
IR Epithelial SASP,748,CAD,CAD,P27708,-0.104830099,0.22809693,1.136296391,soluble,renal_epithelial,E748,False
IR Epithelial SASP,749,PRCP,PRCP,P42785,-0.104921774,0.213375988,0.386801362,soluble,renal_epithelial,E749,False
IR Epithelial SASP,750,SSBP1,SSBP1,Q04837,-0.108167508,0.022200811,0.352863252,soluble,renal_epithelial,E750,False
IR Epithelial SASP,751,CACYBP,CACYBP,Q9HB71,-0.109110016,0.082788288,0.341836065,soluble,renal_epithelial,E751,False
IR Epithelial SASP,752,RPS13,RPS13,P62277,-0.111693104,0.075131013,0.936264277,soluble,renal_epithelial,E752,False
IR Epithelial SASP,753,CALD1,CALD1,Q05682,-0.113901455,0.161853679,1.659688115,soluble,renal_epithelial,E753,False
IR Epithelial SASP,754,PFDN1,PFDN1,O60925,-0.114939677,0.129219403,0.471425056,soluble,renal_epithelial,E754,False
IR Epithelial SASP,755,GDI1,GDI1,P31150,-0.117628419,0.019096796,0.379189521,soluble,renal_epithelial,E755,False
IR Epithelial SASP,756,GDI2,GDI2,P50395,-0.120056941,0.014345154,0.707895458,soluble,renal_epithelial,E756,False
IR Epithelial SASP,757,GYG1,GYG1,P46976,-0.121780284,0.047980621,0.47091794,soluble,renal_epithelial,E757,False
IR Epithelial SASP,758,MYH14,MYH14,Q7Z406,-0.122444562,0.077493846,1.167623758,soluble,renal_epithelial,E758,False
IR Epithelial SASP,759,ZYX,ZYX,Q15942,-0.125954445,0.186883419,0.398242146,soluble,renal_epithelial,E759,False
IR Epithelial SASP,760,XRCC6,XRCC6,P12956,-0.129194359,0.038855726,0.512768388,soluble,renal_epithelial,E760,False
IR Epithelial SASP,761,PFDN2,PFDN2,Q9UHV9,-0.129880405,0.047980621,0.226273715,soluble,renal_epithelial,E761,False
IR Epithelial SASP,762,PSMB8,PSMB8,P28062,-0.130201791,0.086149754,0.476591796,soluble,renal_epithelial,E762,False
IR Epithelial SASP,763,NAGLU,NAGLU,P54802,-0.130427019,0.014022589,0.389432937,soluble,renal_epithelial,E763,False
IR Epithelial SASP,764,PSMD8,PSMD8,P48556,-0.130710224,0.120712062,0.679855108,soluble,renal_epithelial,E764,False
IR Epithelial SASP,765,NPEPPS,NPEPPS,P55786,-0.131403233,0.001663649,0.554636598,soluble,renal_epithelial,E765,False
IR Epithelial SASP,766,CDH13,CDH13,P55290,-0.137336745,0.080221987,0.553773522,soluble,renal_epithelial,E766,False
IR Epithelial SASP,767,TTYH3,TTYH3,Q9C0H2,-0.138359334,0.061230361,0.243506372,soluble,renal_epithelial,E767,False
IR Epithelial SASP,768,BROX,BROX,Q5VW32,-0.138565383,0.117721745,0.298746556,soluble,renal_epithelial,E768,False
IR Epithelial SASP,769,SF3A1,SF3A1,Q15459,-0.139804931,0.009687198,0.063617885,soluble,renal_epithelial,E769,False
IR Epithelial SASP,770,ICAM1,ICAM1,P05362,-0.141414613,0.176242405,1.758452058,soluble,renal_epithelial,E770,False
IR Epithelial SASP,771,ALYREF,ALYREF,Q86V81,-0.141877492,0.041953125,0.180465594,soluble,renal_epithelial,E771,False
IR Epithelial SASP,772,KHSRP,KHSRP,Q92945,-0.143032865,0.003841053,0.350682408,soluble,renal_epithelial,E772,False
IR Epithelial SASP,773,COL6A2,COL6A2,P12110,-0.144431787,0.110323486,0.592569232,soluble,renal_epithelial,E773,False
IR Epithelial SASP,774,PGM1,PGM1,P36871,-0.145507445,0.067602396,0.643324196,soluble,renal_epithelial,E774,False
IR Epithelial SASP,775,RPLP2,RPLP2,P05387,-0.146269019,0.028012488,0.76114434,soluble,renal_epithelial,E775,False
IR Epithelial SASP,776,MAT2B,MAT2B,Q9NZL9,-0.146282997,0.111124557,1.675783634,soluble,renal_epithelial,E776,False
IR Epithelial SASP,777,GRB2,GRB2,P62993,-0.146614988,0.009661445,0.406546742,soluble,renal_epithelial,E777,False
IR Epithelial SASP,778,GLIPR2,GLIPR2,Q9H4G4,-0.147792246,0.13800555,2.464931488,soluble,renal_epithelial,E778,False
IR Epithelial SASP,779,YWHAG,YWHAG,P61981,-0.147922805,0.184614789,1.6533674,soluble,renal_epithelial,E779,False
IR Epithelial SASP,780,HNRNPL,HNRNPL,P14866,-0.14819539,0.179853937,0.656717956,soluble,renal_epithelial,E780,False
IR Epithelial SASP,781,HIST1H4A,HIST1H4A,P62805,-0.152022656,0.11289913,0.39316538,soluble,renal_epithelial,E781,False
IR Epithelial SASP,782,QPCT,QPCT,Q16769,-0.152968738,0.080182893,0.31170249,soluble,renal_epithelial,E782,False
IR Epithelial SASP,783,SCRN1,SCRN1,Q12765,-0.15301814,0.031679027,0.479863018,soluble,renal_epithelial,E783,False
IR Epithelial SASP,784,HIST1H2BJ;HIST1H2BO;HIST1H2BB;HIST2H2BE;HIST3H2BB,,P06899;P23527;P33778;Q16778;Q8N257,-0.153837389,0.060938517,0.480606437,soluble,renal_epithelial,E784,False
IR Epithelial SASP,785,SLC2A1,SLC2A1,P11166,-0.157654979,0.015219412,0.312102079,soluble,renal_epithelial,E785,False
IR Epithelial SASP,786,SIAE,SIAE,Q9HAT2,-0.157803553,0.01618826,0.303758383,soluble,renal_epithelial,E786,False
IR Epithelial SASP,787,TRAPPC3,TRAPPC3,O43617,-0.158787086,0.050599772,0.196086004,soluble,renal_epithelial,E787,False
IR Epithelial SASP,788,HNRNPA3,HNRNPA3,P51991,-0.15954953,0.013292985,0.279461056,soluble,renal_epithelial,E788,False
IR Epithelial SASP,789,YWHAB,YWHAB,P31946,-0.159643001,0.002048385,0.736995041,soluble,renal_epithelial,E789,False
IR Epithelial SASP,790,TPR,TPR,P12270,-0.160931555,0.090092358,1.108606458,soluble,renal_epithelial,E790,False
IR Epithelial SASP,791,ASL,ASL,P04424,-0.165276238,0.015142639,0.481971622,soluble,renal_epithelial,E791,False
IR Epithelial SASP,792,VCL,VCL,P18206,-0.165316073,0.005893189,0.89677155,soluble,renal_epithelial,E792,False
IR Epithelial SASP,793,EEF1B2,EEF1B2,P24534,-0.165560332,0.041866328,0.390059292,soluble,renal_epithelial,E793,False
IR Epithelial SASP,794,HMGB3,HMGB3,O15347,-0.167225136,0.060001239,0.315125525,soluble,renal_epithelial,E794,False
IR Epithelial SASP,795,WDR1,WDR1,O75083,-0.167248672,0.012073773,0.904167593,soluble,renal_epithelial,E795,False
IR Epithelial SASP,796,DDX39B,DDX39B,Q13838,-0.169978683,0.034406088,0.394781798,soluble,renal_epithelial,E796,False
IR Epithelial SASP,797,RAD23A,RAD23A,P54725,-0.170536109,0.068252695,0.191670477,soluble,renal_epithelial,E797,False
IR Epithelial SASP,798,PLOD1,PLOD1,Q02809,-0.17095403,0.055441682,0.634064674,soluble,renal_epithelial,E798,False
IR Epithelial SASP,799,HSPE1,HSPE1,P61604,-0.171228185,0.175870769,0.758655369,soluble,renal_epithelial,E799,False
IR Epithelial SASP,800,EIF3J,EIF3J,O75822,-0.172022732,0.0808033,0.205409065,soluble,renal_epithelial,E800,False
IR Epithelial SASP,801,LTA4H,LTA4H,P09960,-0.172142176,0.00643714,0.699467957,soluble,renal_epithelial,E801,False
IR Epithelial SASP,802,CCDC124,CCDC124,Q96CT7,-0.173439955,0.066887677,1.895157337,soluble,renal_epithelial,E802,False
IR Epithelial SASP,803,ALDOA,ALDOA,P04075,-0.175817921,7.44e-05,0.882031262,soluble,renal_epithelial,E803,False
IR Epithelial SASP,804,BSG,BSG,P35613,-0.177161829,0.179462432,0.388179421,soluble,renal_epithelial,E804,False
IR Epithelial SASP,805,MAT2A,MAT2A,P31153,-0.177717918,0.012023369,0.273938149,soluble,renal_epithelial,E805,False
IR Epithelial SASP,806,CA2,CA2,P00918,-0.17811777,0.128483175,0.424061805,soluble,renal_epithelial,E806,False
IR Epithelial SASP,807,MIF,MIF,P14174,-0.180099786,0.044851146,0.325170577,soluble,renal_epithelial,E807,False
IR Epithelial SASP,808,HIST1H2AB;HIST3H2A;HIST1H2AC,,P04908;Q7L7L0;Q93077,-0.182871972,0.105999884,0.626539588,soluble,renal_epithelial,E808,False
IR Epithelial SASP,809,GNPDA1,GNPDA1,P46926,-0.184700126,0.076168161,0.491213024,soluble,renal_epithelial,E809,False
IR Epithelial SASP,810,SUPT16H,SUPT16H,Q9Y5B9,-0.185019174,0.082281019,0.281472087,soluble,renal_epithelial,E810,False
IR Epithelial SASP,811,COPE,COPE,O14579,-0.188396122,0.090068642,0.322964281,soluble,renal_epithelial,E811,False
IR Epithelial SASP,812,PRKAR2A,PRKAR2A,P13861,-0.189081278,0.044795807,1.194536209,soluble,renal_epithelial,E812,False
IR Epithelial SASP,813,EIF3B,EIF3B,P55884,-0.189220817,0.079865842,0.276551962,soluble,renal_epithelial,E813,False
IR Epithelial SASP,814,PSMA7,PSMA7,O14818,-0.189400523,0.027428877,0.742997706,soluble,renal_epithelial,E814,False
IR Epithelial SASP,815,KRT1,KRT1,P04264,-0.190614922,1.8e-05,0.718297482,soluble,renal_epithelial,E815,False
IR Epithelial SASP,816,RPLP0,RPLP0,P05388,-0.191327732,0.097845051,1.473586798,soluble,renal_epithelial,E816,False
IR Epithelial SASP,817,VPS26A,VPS26A,O75436,-0.192844558,0.03646518,0.412623316,soluble,renal_epithelial,E817,False
IR Epithelial SASP,818,PSMA2,PSMA2,P25787,-0.194502769,0.000353656,0.176895663,soluble,renal_epithelial,E818,False
IR Epithelial SASP,819,XRCC5,XRCC5,P13010,-0.197814427,0.216952053,0.738596976,soluble,renal_epithelial,E819,False
IR Epithelial SASP,820,COX6B1,COX6B1,P14854,-0.199871164,0.013720213,0.199372068,soluble,renal_epithelial,E820,False
IR Epithelial SASP,821,BZW2,BZW2,Q9Y6E2,-0.203722198,0.074451544,0.309737742,soluble,renal_epithelial,E821,False
IR Epithelial SASP,822,ASAH1,ASAH1,Q13510,-0.204409183,0.002582619,0.118631572,soluble,renal_epithelial,E822,False
IR Epithelial SASP,823,DPP3,DPP3,Q9NY33,-0.205035687,0.089736706,0.775255442,soluble,renal_epithelial,E823,False
IR Epithelial SASP,824,PGM2,PGM2,Q96G03,-0.205169203,0.013272779,0.444250911,soluble,renal_epithelial,E824,False
IR Epithelial SASP,825,CHCHD3,CHCHD3,Q9NX63,-0.205691749,0.187343105,0.803862214,soluble,renal_epithelial,E825,False
IR Epithelial SASP,826,LMNB2,LMNB2,Q03252,-0.205899131,0.011504734,0.618070722,soluble,renal_epithelial,E826,False
IR Epithelial SASP,827,REXO2,REXO2,Q9Y3B8,-0.207021622,0.000481088,0.120742127,soluble,renal_epithelial,E827,False
IR Epithelial SASP,828,CTSC,CTSC,P53634,-0.209600253,0.001277855,0.386441916,soluble,renal_epithelial,E828,False
IR Epithelial SASP,829,LAMA5,LAMA5,O15230,-0.209709722,6.69e-07,0.592995107,soluble,renal_epithelial,E829,False
IR Epithelial SASP,830,ANXA3,ANXA3,P12429,-0.211027794,5.79e-06,0.345880657,soluble,renal_epithelial,E830,False
IR Epithelial SASP,831,CAST,CAST,P20810,-0.211915661,0.0156449,1.095600247,soluble,renal_epithelial,E831,False
IR Epithelial SASP,832,CLIC4,CLIC4,Q9Y696,-0.213863122,0.000243292,0.356283575,soluble,renal_epithelial,E832,False
IR Epithelial SASP,833,CST3,CST3,P01034,-0.214146142,0.005407239,0.522581697,soluble,renal_epithelial,E833,False
IR Epithelial SASP,834,ENO3,ENO3,P13929,-0.216446075,0.005433244,0.300626606,soluble,renal_epithelial,E834,False
IR Epithelial SASP,835,PARK7,PARK7,Q99497,-0.220492027,5.64e-08,0.39779228,soluble,renal_epithelial,E835,False
IR Epithelial SASP,836,PEA15,PEA15,Q15121,-0.220661681,0.151099406,0.523590446,soluble,renal_epithelial,E836,False
IR Epithelial SASP,837,APOH,APOH,P02749,-0.221335269,0.100152527,0.325164407,soluble,renal_epithelial,E837,False
IR Epithelial SASP,838,EDF1,EDF1,O60869,-0.221381739,0.103386947,0.301185697,soluble,renal_epithelial,E838,False
IR Epithelial SASP,839,EFEMP2,EFEMP2,O95967,-0.221999587,0.034406088,0.421043396,soluble,renal_epithelial,E839,False
IR Epithelial SASP,840,HEBP2,HEBP2,Q9Y5Z4,-0.224505797,0.034160649,0.590832233,soluble,renal_epithelial,E840,False
IR Epithelial SASP,841,RPLP1,RPLP1,P05386,-0.225498066,0.004983363,0.244817495,soluble,renal_epithelial,E841,False
IR Epithelial SASP,842,DDX39A,DDX39A,O00148,-0.228421212,0.037848604,0.38673377,soluble,renal_epithelial,E842,False
IR Epithelial SASP,843,RPS7,RPS7,P62081,-0.229642234,0.113091271,1.454518795,soluble,renal_epithelial,E843,False
IR Epithelial SASP,844,KRT18,KRT18,P05783,-0.230664648,0.137628493,1.265841246,soluble,renal_epithelial,E844,False
IR Epithelial SASP,845,CTSB,CTSB,P07858,-0.233016279,0.001497495,0.441569149,soluble,renal_epithelial,E845,False
IR Epithelial SASP,846,BANF1,BANF1,O75531,-0.23418764,0.050599772,0.350324601,soluble,renal_epithelial,E846,False
IR Epithelial SASP,847,GM2A,GM2A,P17900,-0.23637161,0.056418268,0.249509573,soluble,renal_epithelial,E847,False
IR Epithelial SASP,848,TPM3,TPM3,P06753,-0.237924236,0.183639603,1.353277445,soluble,renal_epithelial,E848,False
IR Epithelial SASP,849,PLOD2,PLOD2,O00469,-0.238444969,0.047121495,0.591158509,soluble,renal_epithelial,E849,False
IR Epithelial SASP,850,HSPA5,HSPA5,P11021,-0.238609931,0.009504874,1.050183654,soluble,renal_epithelial,E850,False
IR Epithelial SASP,851,TKT,TKT,P29401,-0.239378801,7.34e-08,0.68730092,soluble,renal_epithelial,E851,False
IR Epithelial SASP,852,PRSS1;PRSS2;PRSS3P2,,P07477;P07478;Q8NHM4,-0.253156205,0.053002528,0.221849144,soluble,renal_epithelial,E852,False
IR Epithelial SASP,853,ANXA5,ANXA5,P08758,-0.253755338,0.000319053,0.7435112,soluble,renal_epithelial,E853,False
IR Epithelial SASP,854,RNASE4,RNASE4,P34096,-0.254731827,0.176242405,0.455895185,soluble,renal_epithelial,E854,False
IR Epithelial SASP,855,ITM2B,ITM2B,Q9Y287,-0.255843479,0.013769339,0.656839848,soluble,renal_epithelial,E855,False
IR Epithelial SASP,856,LAMP2,LAMP2,P13473,-0.257970567,0.142438426,0.757963717,soluble,renal_epithelial,E856,False
IR Epithelial SASP,857,ATOX1,ATOX1,O00244,-0.261073772,0.06750273,0.367919713,soluble,renal_epithelial,E857,False
IR Epithelial SASP,858,FAM49B,FAM49B,Q9NUQ9,-0.261834677,0.002083356,0.317031562,soluble,renal_epithelial,E858,False
IR Epithelial SASP,859,HIST1H3A,HIST1H3A,P68431,-0.263978847,0.104336356,0.770022452,soluble,renal_epithelial,E859,False
IR Epithelial SASP,860,PRKCSH,PRKCSH,P14314,-0.267268183,0.224889504,1.50610745,soluble,renal_epithelial,E860,False
IR Epithelial SASP,861,RIC8B,RIC8B,Q9NVN3,-0.26851814,0.041627413,0.189024597,soluble,renal_epithelial,E861,False
IR Epithelial SASP,862,PPP1R14B,PPP1R14B,Q96C90,-0.270106595,0.000581188,0.284701645,soluble,renal_epithelial,E862,False
IR Epithelial SASP,863,QPRT,QPRT,Q15274,-0.272656563,9.76e-06,0.268407792,soluble,renal_epithelial,E863,False
IR Epithelial SASP,864,YWHAZ,YWHAZ,P63104,-0.2758931,0.003959002,1.422104955,soluble,renal_epithelial,E864,False
IR Epithelial SASP,865,PSMA4,PSMA4,P25789,-0.276733964,0.001733151,0.908912182,soluble,renal_epithelial,E865,False
IR Epithelial SASP,866,EFNB1,EFNB1,P98172,-0.277567762,0.038855726,0.18678543,soluble,renal_epithelial,E866,False
IR Epithelial SASP,867,ZNF207,ZNF207,O43670,-0.27790423,0.010679591,0.100183532,soluble,renal_epithelial,E867,False
IR Epithelial SASP,868,GAS6,GAS6,Q14393,-0.278737255,0.009029363,0.619198978,soluble,renal_epithelial,E868,False
IR Epithelial SASP,869,TXN,TXN,P10599,-0.279353397,0.000429977,0.274955422,soluble,renal_epithelial,E869,False
IR Epithelial SASP,870,PDIA3,PDIA3,P30101,-0.279571365,3.55e-06,0.983997941,soluble,renal_epithelial,E870,False
IR Epithelial SASP,871,SPINT1,SPINT1,O43278,-0.279609101,0.048753773,0.1893204,soluble,renal_epithelial,E871,False
IR Epithelial SASP,872,PLCH1,PLCH1,Q4KWH8,-0.279787436,0.13499474,0.519023001,soluble,renal_epithelial,E872,False
IR Epithelial SASP,873,SDF4,SDF4,Q9BRK5,-0.280136731,0.055000157,0.409490645,soluble,renal_epithelial,E873,False
IR Epithelial SASP,874,HNRNPDL,HNRNPDL,O14979,-0.282859334,8.19e-05,0.298600197,soluble,renal_epithelial,E874,False
IR Epithelial SASP,875,CAND1,CAND1,Q86VP6,-0.28454803,0.178473918,0.835661173,soluble,renal_epithelial,E875,False
IR Epithelial SASP,876,ENO1,ENO1,P06733,-0.286335879,2.25e-09,0.827136576,soluble,renal_epithelial,E876,False
IR Epithelial SASP,877,LDHA,LDHA,P00338,-0.286851028,0.000126154,1.051661968,soluble,renal_epithelial,E877,False
IR Epithelial SASP,878,PSMA6,PSMA6,P60900,-0.288806727,0.000751015,0.390328318,soluble,renal_epithelial,E878,False
IR Epithelial SASP,879,PDAP1,PDAP1,Q13442,-0.2890516,0.000188663,0.314991683,soluble,renal_epithelial,E879,False
IR Epithelial SASP,880,TPI1,TPI1,P60174,-0.29237031,0.000126154,0.738285244,soluble,renal_epithelial,E880,False
IR Epithelial SASP,881,ERP29,ERP29,P30040,-0.295740963,0.000113539,0.370251656,soluble,renal_epithelial,E881,False
IR Epithelial SASP,882,COTL1,COTL1,Q14019,-0.296475886,0.1502052,0.864723802,soluble,renal_epithelial,E882,False
IR Epithelial SASP,883,SUB1,SUB1,P53999,-0.297290617,0.189208758,0.736044049,soluble,renal_epithelial,E883,False
IR Epithelial SASP,884,FUBP1,FUBP1,Q96AE4,-0.297498305,0.021466202,0.987899721,soluble,renal_epithelial,E884,False
IR Epithelial SASP,885,UFM1,UFM1,P61960,-0.300723892,0.033842392,0.398192555,soluble,renal_epithelial,E885,False
IR Epithelial SASP,886,ZBTB8OS,ZBTB8OS,Q8IWT0,-0.307489179,0.024595608,0.159072906,soluble,renal_epithelial,E886,False
IR Epithelial SASP,887,ITIH3,ITIH3,Q06033,-0.308261348,0.109576278,1.113140225,soluble,renal_epithelial,E887,False
IR Epithelial SASP,888,IPO5,IPO5,O00410,-0.312347252,0.000379511,0.601851165,soluble,renal_epithelial,E888,False
IR Epithelial SASP,889,HNRNPA1,HNRNPA1,P09651,-0.313086394,2.83e-08,0.366921067,soluble,renal_epithelial,E889,False
IR Epithelial SASP,890,VWA1,VWA1,Q6PCB0,-0.316469962,0.015219412,0.237592101,soluble,renal_epithelial,E890,False
IR Epithelial SASP,891,PTBP1,PTBP1,P26599,-0.318813678,0.012073773,0.482712001,soluble,renal_epithelial,E891,False
IR Epithelial SASP,892,SERPINB6,SERPINB6,P35237,-0.323304303,9.73e-07,0.304118156,soluble,renal_epithelial,E892,False
IR Epithelial SASP,893,CPOX,CPOX,P36551,-0.326893029,0.004190077,0.499077916,soluble,renal_epithelial,E893,False
IR Epithelial SASP,894,CNPY2,CNPY2,Q9Y2B0,-0.331735565,6.7e-05,0.325230569,soluble,renal_epithelial,E894,False
IR Epithelial SASP,895,C1QBP,C1QBP,Q07021,-0.333259241,0.001304391,0.179699376,soluble,renal_epithelial,E895,False
IR Epithelial SASP,896,MYDGF,MYDGF,Q969H8,-0.334283598,0.000554929,0.362460971,soluble,renal_epithelial,E896,False
IR Epithelial SASP,897,RPS28,RPS28,P62857,-0.334783818,0.024256161,0.585891783,soluble,renal_epithelial,E897,False
IR Epithelial SASP,898,GLO1,GLO1,Q04760,-0.335733915,2.59e-05,0.249445677,soluble,renal_epithelial,E898,False
IR Epithelial SASP,899,PSMC5,PSMC5,P62195,-0.338902793,0.067101713,1.274465084,soluble,renal_epithelial,E899,False
IR Epithelial SASP,900,NME1,NME1,P15531,-0.340418471,0.07227087,0.5158391,soluble,renal_epithelial,E900,False
IR Epithelial SASP,901,SNRPF,SNRPF,P62306,-0.34179034,0.165913328,1.715593934,soluble,renal_epithelial,E901,False
IR Epithelial SASP,902,NUDT5,NUDT5,Q9UKK9,-0.344759998,0.003578936,0.388413817,soluble,renal_epithelial,E902,False
IR Epithelial SASP,903,CKAP4,CKAP4,Q07065,-0.345595166,0.052819188,1.538886309,soluble,renal_epithelial,E903,False
IR Epithelial SASP,904,PBDC1,PBDC1,Q9BVG4,-0.346371097,0.000180291,0.138216928,soluble,renal_epithelial,E904,False
IR Epithelial SASP,905,FASN,FASN,P49327,-0.346949276,0.00046743,0.875786901,soluble,renal_epithelial,E905,False
IR Epithelial SASP,906,PSMB2,PSMB2,P49721,-0.347436246,0.007581253,0.923857093,soluble,renal_epithelial,E906,False
IR Epithelial SASP,907,MESDC2,MESDC2,Q14696,-0.348475039,0.009044016,0.265616357,soluble,renal_epithelial,E907,False
IR Epithelial SASP,908,VGF,VGF,O15240,-0.350162093,0.044613264,0.255518675,soluble,renal_epithelial,E908,False
IR Epithelial SASP,909,PRMT1,PRMT1,Q99873,-0.351303146,0.001143764,0.315852463,soluble,renal_epithelial,E909,False
IR Epithelial SASP,910,AKR1A1,AKR1A1,P14550,-0.355548418,0.075695219,0.459025472,soluble,renal_epithelial,E910,False
IR Epithelial SASP,911,SPP1,SPP1,P10451,-0.355859894,0.224074008,1.497655988,soluble,renal_epithelial,E911,False
IR Epithelial SASP,912,MRC2,MRC2,Q9UBG0,-0.355934295,0.009563824,0.331138045,soluble,renal_epithelial,E912,False
IR Epithelial SASP,913,GOT2,GOT2,P00505,-0.356220156,0.071100332,0.908698022,soluble,renal_epithelial,E913,False
IR Epithelial SASP,914,PFDN4,PFDN4,Q9NQP4,-0.359244141,0.027428877,0.495532364,soluble,renal_epithelial,E914,False
IR Epithelial SASP,915,HDHD2,HDHD2,Q9H0R4,-0.363628981,0.106159044,0.637502968,soluble,renal_epithelial,E915,False
IR Epithelial SASP,916,QSOX1,QSOX1,O00391,-0.363833807,0.035793697,0.786768556,soluble,renal_epithelial,E916,False
IR Epithelial SASP,917,RCN1,RCN1,Q15293,-0.367672108,0.052713664,0.743372977,soluble,renal_epithelial,E917,False
IR Epithelial SASP,918,GSTP1,GSTP1,P09211,-0.372732545,0.000445285,0.625556767,soluble,renal_epithelial,E918,False
IR Epithelial SASP,919,ENOPH1,ENOPH1,Q9UHY7,-0.375199963,0.006817909,0.340799749,soluble,renal_epithelial,E919,False
IR Epithelial SASP,920,UCHL3,UCHL3,P15374,-0.3774183,0.004001094,0.364865661,soluble,renal_epithelial,E920,False
IR Epithelial SASP,921,PSMA3,PSMA3,P25788,-0.379787254,0.014272124,1.234888911,soluble,renal_epithelial,E921,False
IR Epithelial SASP,922,RNASET2,RNASET2,O00584,-0.380253301,0.010360172,0.886921465,soluble,renal_epithelial,E922,False
IR Epithelial SASP,923,TMSB4X,TMSB4X,P62328,-0.380732722,0.203296115,2.785833359,soluble,renal_epithelial,E923,False
IR Epithelial SASP,924,EDIL3,EDIL3,O43854,-0.383091232,0.002862515,0.460957199,soluble,renal_epithelial,E924,False
IR Epithelial SASP,925,PDIA4,PDIA4,P13667,-0.383634625,0.004650636,1.139215589,soluble,renal_epithelial,E925,False
IR Epithelial SASP,926,YWHAE,YWHAE,P62258,-0.384299889,0.003981796,1.199347019,soluble,renal_epithelial,E926,False
IR Epithelial SASP,927,GGH,GGH,Q92820,-0.388750832,6.7e-12,0.213826835,soluble,renal_epithelial,E927,False
IR Epithelial SASP,928,TROVE2,TROVE2,P10155,-0.389101278,0.008181985,0.656367421,soluble,renal_epithelial,E928,False
IR Epithelial SASP,929,CCBL2,CCBL2,Q6YP21,-0.389697474,0.006237125,0.248612508,soluble,renal_epithelial,E929,False
IR Epithelial SASP,930,LAMB1,LAMB1,P07942,-0.390264734,7.23e-12,0.476652592,soluble,renal_epithelial,E930,False
IR Epithelial SASP,931,PNP,PNP,P00491,-0.390279827,4.4e-08,0.387466103,soluble,renal_epithelial,E931,False
IR Epithelial SASP,932,TALDO1,TALDO1,P37837,-0.391938957,0.006600619,0.893530428,soluble,renal_epithelial,E932,False
IR Epithelial SASP,933,NPM1,NPM1,P06748,-0.392719308,1.68e-10,0.228397354,soluble,renal_epithelial,E933,False
IR Epithelial SASP,934,POLR2H,POLR2H,P52434,-0.395035984,0.085751234,1.246499181,soluble,renal_epithelial,E934,False
IR Epithelial SASP,935,C1orf123,C1orf123,Q9NWV4,-0.398876426,0.00643714,0.086452022,soluble,renal_epithelial,E935,False
IR Epithelial SASP,936,LAMC1,LAMC1,P11047,-0.402993505,1.39e-11,0.387774408,soluble,renal_epithelial,E936,False
IR Epithelial SASP,937,TXNDC17,TXNDC17,Q9BRA2,-0.40390898,8.98e-06,0.297736675,soluble,renal_epithelial,E937,False
IR Epithelial SASP,938,LMAN2,LMAN2,Q12907,-0.404252928,0.006414513,0.362840623,soluble,renal_epithelial,E938,False
IR Epithelial SASP,939,HLA-A,HLA-A,P04439;P13746,-0.405696363,0.012073773,0.645761549,soluble,renal_epithelial,E939,False
IR Epithelial SASP,940,CHID1,CHID1,Q9BWS9,-0.405898324,0.005717465,0.068365842,soluble,renal_epithelial,E940,False
IR Epithelial SASP,941,PABPN1,PABPN1,Q86U42,-0.410153493,0.026982995,0.209417194,soluble,renal_epithelial,E941,False
IR Epithelial SASP,942,BUB3,BUB3,O43684,-0.411769108,0.097528154,0.645869493,soluble,renal_epithelial,E942,False
IR Epithelial SASP,943,PSME3,PSME3,P61289,-0.415417959,0.140537409,0.814592838,soluble,renal_epithelial,E943,False
IR Epithelial SASP,944,RPS21,RPS21,P63220,-0.416266049,0.000148,0.233085796,soluble,renal_epithelial,E944,False
IR Epithelial SASP,945,TXNRD1,TXNRD1,Q16881,-0.418146508,7.99e-16,0.273646355,soluble,renal_epithelial,E945,False
IR Epithelial SASP,946,ALDH16A1,ALDH16A1,Q8IZ83,-0.420366011,0.004001094,0.076014072,soluble,renal_epithelial,E946,False
IR Epithelial SASP,947,LAMA4,LAMA4,Q16363,-0.423435898,0.002525706,0.464030087,soluble,renal_epithelial,E947,False
IR Epithelial SASP,948,TSN,TSN,Q15631,-0.423897205,0.000161203,0.374255925,soluble,renal_epithelial,E948,False
IR Epithelial SASP,949,KRT78,KRT78,Q8N1N4,-0.42403608,0.014521713,0.153541148,soluble,renal_epithelial,E949,False
IR Epithelial SASP,950,CPQ,CPQ,Q9Y646,-0.425058144,0.015621352,0.540693104,soluble,renal_epithelial,E950,False
IR Epithelial SASP,951,HEXB,HEXB,P07686,-0.425188705,0.00659536,0.307839066,soluble,renal_epithelial,E951,False
IR Epithelial SASP,952,GPX3,GPX3,P22352,-0.430959963,0.000349414,0.17764838,soluble,renal_epithelial,E952,False
IR Epithelial SASP,953,PTPRF,PTPRF,P10586,-0.431203015,1.08e-14,0.25927633,soluble,renal_epithelial,E953,False
IR Epithelial SASP,954,HADH,HADH,Q16836,-0.431492151,0.001748105,0.42563805,soluble,renal_epithelial,E954,False
IR Epithelial SASP,955,FUS,FUS,P35637,-0.432156524,0.090362346,0.460585922,soluble,renal_epithelial,E955,False
IR Epithelial SASP,956,PSMA5,PSMA5,P28066,-0.433577766,1.73e-05,0.333754778,soluble,renal_epithelial,E956,False
IR Epithelial SASP,957,PSMB9,PSMB9,P28065,-0.436683913,0.000837689,0.334271014,soluble,renal_epithelial,E957,False
IR Epithelial SASP,958,NCL,NCL,P19338,-0.437938704,3.36e-11,0.660966456,soluble,renal_epithelial,E958,False
IR Epithelial SASP,959,GSS,GSS,P48637,-0.43833644,5.84e-07,0.416049272,soluble,renal_epithelial,E959,False
IR Epithelial SASP,960,ITIH2,ITIH2,P19823,-0.443548813,0.138553583,1.341998577,soluble,renal_epithelial,E960,False
IR Epithelial SASP,961,SH3BGRL3,SH3BGRL3,Q9H299,-0.446582412,0.04010847,1.471275568,soluble,renal_epithelial,E961,False
IR Epithelial SASP,962,PEBP1,PEBP1,P30086,-0.452260954,0.002423969,0.779119313,soluble,renal_epithelial,E962,False
IR Epithelial SASP,963,LSM3,LSM3,P62310,-0.452508775,0.003545705,0.381008834,soluble,renal_epithelial,E963,False
IR Epithelial SASP,964,ACAT2,ACAT2,Q9BWD1,-0.455155614,5.86e-08,0.20275189,soluble,renal_epithelial,E964,False
IR Epithelial SASP,965,MOXD1,MOXD1,Q6UVY6,-0.455733191,0.002020357,0.047483038,soluble,renal_epithelial,E965,False
IR Epithelial SASP,966,TPM4,TPM4,P67936,-0.456801034,0.002672425,1.23843801,soluble,renal_epithelial,E966,False
IR Epithelial SASP,967,NUCB1,NUCB1,Q02818,-0.458563231,5.45e-06,0.988739789,soluble,renal_epithelial,E967,False
IR Epithelial SASP,968,MDH1,MDH1,P40925,-0.460258893,6.23e-06,0.386445642,soluble,renal_epithelial,E968,False
IR Epithelial SASP,969,GOT1,GOT1,P17174,-0.461591393,6.2e-10,0.234157383,soluble,renal_epithelial,E969,False
IR Epithelial SASP,970,PPIC,PPIC,P45877,-0.464055677,0.001901844,0.264347434,soluble,renal_epithelial,E970,False
IR Epithelial SASP,971,ERAP1,ERAP1,Q9NZ08,-0.464912278,2.58e-08,0.29142797,soluble,renal_epithelial,E971,False
IR Epithelial SASP,972,ALCAM,ALCAM,Q13740,-0.46856784,5.93e-10,0.477415621,soluble,renal_epithelial,E972,False
IR Epithelial SASP,973,CDV3,CDV3,Q9UKY7,-0.47176402,0.186437641,2.949257374,soluble,renal_epithelial,E973,False
IR Epithelial SASP,974,UBE2K,UBE2K,P61086,-0.471767809,0.042925522,0.488994122,soluble,renal_epithelial,E974,False
IR Epithelial SASP,975,GPC1,GPC1,P35052,-0.473846795,3.52e-05,0.362250924,soluble,renal_epithelial,E975,False
IR Epithelial SASP,976,SF1,SF1,Q15637,-0.475818013,0.007672053,0.117008321,soluble,renal_epithelial,E976,False
IR Epithelial SASP,977,CALM1,CALM1,P62158,-0.47886802,1.05e-07,0.464256346,soluble,renal_epithelial,E977,False
IR Epithelial SASP,978,TBCA,TBCA,O75347,-0.479776918,0.006740939,1.080525517,soluble,renal_epithelial,E978,False
IR Epithelial SASP,979,AP3B1,AP3B1,O00203,-0.485671485,0.099760168,0.630527735,soluble,renal_epithelial,E979,False
IR Epithelial SASP,980,DDB1,DDB1,Q16531,-0.489465783,7.99e-14,0.44979769000000003,soluble,renal_epithelial,E980,False
IR Epithelial SASP,981,C11orf54,C11orf54,Q9H0W9,-0.490354299,0.086513941,1.016875148,soluble,renal_epithelial,E981,False
IR Epithelial SASP,982,APEH,APEH,P13798,-0.492682233,4.79e-07,0.373329073,soluble,renal_epithelial,E982,False
IR Epithelial SASP,983,PEPD,PEPD,P12955,-0.493918693,1.78e-05,0.453435123,soluble,renal_epithelial,E983,False
IR Epithelial SASP,984,LSM8,LSM8,O95777,-0.494924987,0.014538559,0.18685478,soluble,renal_epithelial,E984,False
IR Epithelial SASP,985,LXN,LXN,Q9BS40,-0.496229979,0.096243022,0.929094195,soluble,renal_epithelial,E985,False
IR Epithelial SASP,986,SF3B3,SF3B3,Q15393,-0.499758845,6.21e-08,0.188260764,soluble,renal_epithelial,E986,False
IR Epithelial SASP,987,SUMO3,SUMO3,P55854,-0.50357117,0.211356032,1.38097024,soluble,renal_epithelial,E987,False
IR Epithelial SASP,988,NIF3L1,NIF3L1,Q9GZT8,-0.503997583,0.000197914,0.37348634,soluble,renal_epithelial,E988,False
IR Epithelial SASP,989,HLA-B,HLA-B,P30481;P30483,-0.504492178,0.004982968,1.161822796,soluble,renal_epithelial,E989,False
IR Epithelial SASP,990,LDHAL6B,LDHAL6B,Q9BYZ2,-0.505904073,0.002815862,0.299638987,soluble,renal_epithelial,E990,False
IR Epithelial SASP,991,MANF,MANF,P55145,-0.511551051,1.45e-05,0.24876827,soluble,renal_epithelial,E991,False
IR Epithelial SASP,992,CD44,CD44,P16070,-0.513599891,0.004273605,0.462705404,soluble,renal_epithelial,E992,False
IR Epithelial SASP,993,HNRNPA2B1,HNRNPA2B1,P22626,-0.51378874,2.81e-05,1.103367567,soluble,renal_epithelial,E993,False
IR Epithelial SASP,994,NIPSNAP3A,NIPSNAP3A,Q9UFN0,-0.513793301,0.069140448,0.610095084,soluble,renal_epithelial,E994,False
IR Epithelial SASP,995,HEXA,HEXA,P06865,-0.521052132,2.47e-06,0.366342932,soluble,renal_epithelial,E995,False
IR Epithelial SASP,996,BASP1,BASP1,P80723,-0.521620878,0.019707071,0.719850063,soluble,renal_epithelial,E996,False
IR Epithelial SASP,997,GSR,GSR,P00390,-0.534251738,0.020146469,0.861764312,soluble,renal_epithelial,E997,False
IR Epithelial SASP,998,TNFAIP6,TNFAIP6,P98066,-0.538024931,0.012329662,0.149410322,soluble,renal_epithelial,E998,False
IR Epithelial SASP,999,RAD23B,RAD23B,P54727,-0.5406262,4.72e-07,0.320288002,soluble,renal_epithelial,E999,False
IR Epithelial SASP,1000,HPRT1,HPRT1,P00492,-0.543400489,7.68e-05,0.524465501,soluble,renal_epithelial,E1000,False
IR Epithelial SASP,1001,FH,FH,P07954,-0.545332245,0.003206332,0.712913454,soluble,renal_epithelial,E1001,False
IR Epithelial SASP,1002,UROD,UROD,P06132,-0.550433084,0.000857851,0.518676817,soluble,renal_epithelial,E1002,False
IR Epithelial SASP,1003,B4GAT1,B4GAT1,O43505,-0.550857817,0.002444467,0.294728607,soluble,renal_epithelial,E1003,False
IR Epithelial SASP,1004,RALB,RALB,P11234,-0.551488881,0.126795965,0.920003176,soluble,renal_epithelial,E1004,False
IR Epithelial SASP,1005,HDGF,HDGF,P51858,-0.559521658,2.31e-08,0.35829547,soluble,renal_epithelial,E1005,False
IR Epithelial SASP,1006,SAFB,SAFB,Q15424,-0.55976152,0.018290891,0.538800359,soluble,renal_epithelial,E1006,False
IR Epithelial SASP,1007,BMP1,BMP1,P13497,-0.561813644,0.023141648,0.250965834,soluble,renal_epithelial,E1007,False
IR Epithelial SASP,1008,TAX1BP3,TAX1BP3,O14907,-0.562240633,0.009589035,0.185091004,soluble,renal_epithelial,E1008,False
IR Epithelial SASP,1009,SH3BGRL,SH3BGRL,O75368,-0.565411497,0.110323486,1.255915403,soluble,renal_epithelial,E1009,False
IR Epithelial SASP,1010,KRT2,KRT2,P35908,-0.576644824,0.00077869,0.941455126,soluble,renal_epithelial,E1010,False
IR Epithelial SASP,1011,C1R,C1R,P00736,-0.577015761,1.92e-08,0.340076059,soluble,renal_epithelial,E1011,False
IR Epithelial SASP,1012,HNRNPAB,HNRNPAB,Q99729,-0.577017007,0.000702362,0.400015503,soluble,renal_epithelial,E1012,False
IR Epithelial SASP,1013,TXNDC5,TXNDC5,Q8NBS9,-0.579873651,7e-05,0.786742449,soluble,renal_epithelial,E1013,False
IR Epithelial SASP,1014,HIST2H3A,HIST2H3A,Q71DI3,-0.582208785,0.008252949,0.34741047,soluble,renal_epithelial,E1014,False
IR Epithelial SASP,1015,APP,APP,P05067,-0.584389776,3.71e-09,0.441267401,soluble,renal_epithelial,E1015,False
IR Epithelial SASP,1016,TINAGL1,TINAGL1,Q9GZM7,-0.589444962,4.8e-06,0.413705617,soluble,renal_epithelial,E1016,False
IR Epithelial SASP,1017,HSD17B4,HSD17B4,P51659,-0.597621612,0.069923912,1.17773664,soluble,renal_epithelial,E1017,False
IR Epithelial SASP,1018,APLP2,APLP2,Q06481,-0.629171351,7.08e-09,0.340511918,soluble,renal_epithelial,E1018,False
IR Epithelial SASP,1019,SERPINB7,SERPINB7,O75635,-0.630040177,0.098977154,0.701346576,soluble,renal_epithelial,E1019,False
IR Epithelial SASP,1020,GPI,GPI,P06744,-0.633363316,8.55e-19,0.603802621,soluble,renal_epithelial,E1020,False
IR Epithelial SASP,1021,RBBP4,RBBP4,Q09028,-0.636176791,0.050599772,1.208584189,soluble,renal_epithelial,E1021,False
IR Epithelial SASP,1022,TPM1,TPM1,P09493,-0.639489928,0.012848361,1.389436364,soluble,renal_epithelial,E1022,False
IR Epithelial SASP,1023,ICOSLG,ICOSLG,O75144,-0.641939883,0.018607803,0.273636997,soluble,renal_epithelial,E1023,False
IR Epithelial SASP,1024,SRSF2,SRSF2,Q01130,-0.650774753,5.61e-06,0.196330026,soluble,renal_epithelial,E1024,False
IR Epithelial SASP,1025,LDHB,LDHB,P07195,-0.651724854,1.22e-07,1.222749233,soluble,renal_epithelial,E1025,False
IR Epithelial SASP,1026,CXCL1;CXCL2;CXCL3,,P09341;P19875;P19876,-0.657738213,0.000826579,0.28373754,soluble,renal_epithelial,E1026,False
IR Epithelial SASP,1027,SOD1,SOD1,P00441,-0.660337126,2.17e-05,0.612849832,soluble,renal_epithelial,E1027,False
IR Epithelial SASP,1028,PSMB4,PSMB4,P28070,-0.661586018,0.0162398,0.589680076,soluble,renal_epithelial,E1028,False
IR Epithelial SASP,1029,TGFBI,TGFBI,Q15582,-0.669096647,9.89e-17,0.68751055,soluble,renal_epithelial,E1029,False
IR Epithelial SASP,1030,RPL22,RPL22,P35268,-0.670243722,0.163441411,1.49004674,soluble,renal_epithelial,E1030,False
IR Epithelial SASP,1031,MANBA,MANBA,O00462,-0.679923181,0.056236589,0.86247015,soluble,renal_epithelial,E1031,False
IR Epithelial SASP,1032,HNRNPU,HNRNPU,Q00839,-0.681402375,0.140246154,1.18348372,soluble,renal_epithelial,E1032,False
IR Epithelial SASP,1033,PTGFRN,PTGFRN,Q9P2B2,-0.683932202,6.87e-10,0.411556751,soluble,renal_epithelial,E1033,False
IR Epithelial SASP,1034,APEX1,APEX1,P27695,-0.686968358,9.04e-06,0.640107334,soluble,renal_epithelial,E1034,False
IR Epithelial SASP,1035,CADM4,CADM4,Q8NFZ8,-0.68844991,0.080905543,1.241907716,soluble,renal_epithelial,E1035,False
IR Epithelial SASP,1036,CD81,CD81,P60033,-0.690781443,1.93e-05,0.35636574,soluble,renal_epithelial,E1036,False
IR Epithelial SASP,1037,CALU,CALU,O43852,-0.697581473,0.067704641,2.012560844,soluble,renal_epithelial,E1037,False
IR Epithelial SASP,1038,DBI,DBI,P07108,-0.699012958,5.03e-06,0.194007277,soluble,renal_epithelial,E1038,False
IR Epithelial SASP,1039,SRM,SRM,P19623,-0.699018497,0.130287089,1.133695245,soluble,renal_epithelial,E1039,False
IR Epithelial SASP,1040,CYCS,CYCS,P99999,-0.705716472,6.73e-05,0.356751502,soluble,renal_epithelial,E1040,False
IR Epithelial SASP,1041,SUMO1,SUMO1,P63165,-0.711632815,0.040231762,0.480384409,soluble,renal_epithelial,E1041,False
IR Epithelial SASP,1042,HYPK,HYPK,Q9NX55,-0.715722393,0.032943426,0.401408464,soluble,renal_epithelial,E1042,False
IR Epithelial SASP,1043,SDCBP,SDCBP,O00560,-0.715988559,2.33e-05,0.373199165,soluble,renal_epithelial,E1043,False
IR Epithelial SASP,1044,SRSF7,SRSF7,Q16629,-0.720439401,0.003354914,0.383749485,soluble,renal_epithelial,E1044,False
IR Epithelial SASP,1045,B4GALT1,B4GALT1,P15291,-0.720714681,1.52e-08,0.258548021,soluble,renal_epithelial,E1045,False
IR Epithelial SASP,1046,SERPINE2,SERPINE2,P07093,-0.726671902,1.04e-14,0.221327916,soluble,renal_epithelial,E1046,False
IR Epithelial SASP,1047,LDLR,LDLR,P01130,-0.731810581,0.004076816,0.432584494,soluble,renal_epithelial,E1047,False
IR Epithelial SASP,1048,IGFBP6,IGFBP6,P24592,-0.738114827,6.58e-06,0.087249972,soluble,renal_epithelial,E1048,False
IR Epithelial SASP,1049,NRP1,NRP1,O14786,-0.738467619,9.92e-10,0.309405029,soluble,renal_epithelial,E1049,False
IR Epithelial SASP,1050,PSMB6,PSMB6,P28072,-0.742820418,0.07778198,1.688561916,soluble,renal_epithelial,E1050,False
IR Epithelial SASP,1051,CKAP5,CKAP5,Q14008,-0.74569669,0.179777351,2.26090169,soluble,renal_epithelial,E1051,False
IR Epithelial SASP,1052,DPY30,DPY30,Q9C005,-0.747491208,0.033645446,2.579263449,soluble,renal_epithelial,E1052,False
IR Epithelial SASP,1053,GPD1L,GPD1L,Q8N335,-0.750262453,0.054152743,0.674853265,soluble,renal_epithelial,E1053,False
IR Epithelial SASP,1054,TPM2,TPM2,P07951,-0.750405552,0.031383768,0.763500988,soluble,renal_epithelial,E1054,False
IR Epithelial SASP,1055,LTBP2,LTBP2,Q14767,-0.75161326,0.007224111,0.166921586,soluble,renal_epithelial,E1055,False
IR Epithelial SASP,1056,GFRA1,GFRA1,P56159,-0.751968046,0.024124623,0.286666512,soluble,renal_epithelial,E1056,False
IR Epithelial SASP,1057,KRT10,KRT10,P13645,-0.753558444,1.26e-11,0.829132915,soluble,renal_epithelial,E1057,False
IR Epithelial SASP,1058,CALR,CALR,P27797,-0.754178997,4.67e-08,1.082491636,soluble,renal_epithelial,E1058,False
IR Epithelial SASP,1059,TIMP2,TIMP2,P16035,-0.761217197,2.75e-11,0.262443781,soluble,renal_epithelial,E1059,False
IR Epithelial SASP,1060,RPL10A,RPL10A,P62906,-0.766233851,5.93e-10,0.320542604,soluble,renal_epithelial,E1060,False
IR Epithelial SASP,1061,PRNP,PRNP,P04156,-0.767515318,0.0161892,0.30047664,soluble,renal_epithelial,E1061,False
IR Epithelial SASP,1062,FABP5,FABP5,Q01469,-0.767699051,0.000975278,0.909652293,soluble,renal_epithelial,E1062,False
IR Epithelial SASP,1063,ANP32B,ANP32B,Q92688,-0.776994228,5.5e-07,0.371251076,soluble,renal_epithelial,E1063,False
IR Epithelial SASP,1064,MAN1A1,MAN1A1,P33908,-0.77723566,0.022814583,0.845748723,soluble,renal_epithelial,E1064,False
IR Epithelial SASP,1065,LMNB1,LMNB1,P20700,-0.777888789,0.001535853,0.782830298,soluble,renal_epithelial,E1065,False
IR Epithelial SASP,1066,BHMT,BHMT,Q93088,-0.788115517,0.007581253,0.569306314,soluble,renal_epithelial,E1066,False
IR Epithelial SASP,1067,C14orf166,C14orf166,Q9Y224,-0.795988002,0.092567831,1.015414953,soluble,renal_epithelial,E1067,False
IR Epithelial SASP,1068,TPT1,TPT1,P13693,-0.796921202,1.07e-05,0.564459503,soluble,renal_epithelial,E1068,False
IR Epithelial SASP,1069,HN1,HN1,Q9UK76,-0.803325958,0.06517111,1.568260193,soluble,renal_epithelial,E1069,False
IR Epithelial SASP,1070,SERPING1,SERPING1,P05155,-0.805162705,1.17e-07,0.688386023,soluble,renal_epithelial,E1070,False
IR Epithelial SASP,1071,ANP32A,ANP32A,P39687,-0.815362392,3.04e-05,0.92101413,soluble,renal_epithelial,E1071,False
IR Epithelial SASP,1072,ECM1,ECM1,Q16610,-0.818637992,4.29e-08,0.510438621,soluble,renal_epithelial,E1072,False
IR Epithelial SASP,1073,NEO1,NEO1,Q92859,-0.821189551,0.015430975,0.289249599,soluble,renal_epithelial,E1073,False
IR Epithelial SASP,1074,ATP6AP1,ATP6AP1,Q15904,-0.826609137,5.26e-05,0.16413413,soluble,renal_epithelial,E1074,False
IR Epithelial SASP,1075,PCNA,PCNA,P12004,-0.830784269,0.000946278,0.718239844,soluble,renal_epithelial,E1075,False
IR Epithelial SASP,1076,MET,MET,P08581,-0.832946278,0.111274086,0.891430795,soluble,renal_epithelial,E1076,False
IR Epithelial SASP,1077,SRSF1,SRSF1,Q07955,-0.838056971,4.63e-05,0.480462879,soluble,renal_epithelial,E1077,False
IR Epithelial SASP,1078,SFXN3,SFXN3,Q9BWM7,-0.839832527,0.189150165,1.628102303,soluble,renal_epithelial,E1078,False
IR Epithelial SASP,1079,MYL9,MYL9,P24844,-0.841263544,0.002473109,0.417297214,soluble,renal_epithelial,E1079,False
IR Epithelial SASP,1080,PROS1,PROS1,P07225,-0.843867115,0.001443218,0.481703848,soluble,renal_epithelial,E1080,False
IR Epithelial SASP,1081,GALNT7,GALNT7,Q86SF2,-0.854322006,0.000579493,0.673926532,soluble,renal_epithelial,E1081,False
IR Epithelial SASP,1082,APOC3,APOC3,P02656,-0.85677654,0.106601198,1.187363029,soluble,renal_epithelial,E1082,False
IR Epithelial SASP,1083,FBN1,FBN1,P35555,-0.856911072,5.5e-18,0.675738633,soluble,renal_epithelial,E1083,False
IR Epithelial SASP,1084,DTD1,DTD1,Q8TEA8,-0.865137293,0.013800197,0.296843916,soluble,renal_epithelial,E1084,False
IR Epithelial SASP,1085,STMN1,STMN1,P16949,-0.87282725,2.98e-09,0.403850734,soluble,renal_epithelial,E1085,False
IR Epithelial SASP,1086,ERH,ERH,P84090,-0.876588504,0.003647538,0.543391883,soluble,renal_epithelial,E1086,False
IR Epithelial SASP,1087,PFKL,PFKL,P17858,-0.88185385,0.008590697,1.19633913,soluble,renal_epithelial,E1087,False
IR Epithelial SASP,1088,HN1L,HN1L,Q9H910,-0.88466051,1.54e-08,0.422657996,soluble,renal_epithelial,E1088,False
IR Epithelial SASP,1089,CTSZ,CTSZ,Q9UBR2,-0.884790597,0.009661445,1.570072532,soluble,renal_epithelial,E1089,False
IR Epithelial SASP,1090,FBLN1,FBLN1,P23142,-0.88491929,0.000474173,0.441897035,soluble,renal_epithelial,E1090,False
IR Epithelial SASP,1091,CTGF,CTGF,P29279,-0.885042366,0.003142434,0.535041213,soluble,renal_epithelial,E1091,False
IR Epithelial SASP,1092,UHRF2,UHRF2,Q96PU4,-0.896356175,0.009521295,0.220471382,soluble,renal_epithelial,E1092,False
IR Epithelial SASP,1093,PTK7,PTK7,Q13308,-0.898641027,1.29e-09,0.375376731,soluble,renal_epithelial,E1093,False
IR Epithelial SASP,1094,A1BG,A1BG,P04217,-0.898873516,0.196362951,0.930918992,soluble,renal_epithelial,E1094,False
IR Epithelial SASP,1095,CPSF1,CPSF1,Q10570,-0.904454808,0.050824581,1.049258471,soluble,renal_epithelial,E1095,False
IR Epithelial SASP,1096,IGFBP7,IGFBP7,Q16270,-0.911121808,1.56e-09,0.977546394,soluble,renal_epithelial,E1096,False
IR Epithelial SASP,1097,SIRPA;SIRPB1,,P78324;Q5TFQ8,-0.913809883,0.013720213,0.286211729,soluble,renal_epithelial,E1097,False
IR Epithelial SASP,1098,SIRPB1,SIRPB1,O00241,-0.915794238,0.012734664,0.268440217,soluble,renal_epithelial,E1098,False
IR Epithelial SASP,1099,ATRN,ATRN,O75882,-0.918454182,0.001901844,0.090251915,soluble,renal_epithelial,E1099,False
IR Epithelial SASP,1100,AGRN,AGRN,O00468,-0.925235279,3.1e-25,0.809319854,soluble,renal_epithelial,E1100,False
IR Epithelial SASP,1101,TMSB10,TMSB10,P63313,-0.930582774,0.111065563,2.652124643,soluble,renal_epithelial,E1101,False
IR Epithelial SASP,1102,NPC2,NPC2,P61916,-0.941433402,1.45e-07,0.481816024,soluble,renal_epithelial,E1102,False
IR Epithelial SASP,1103,LRRN4,LRRN4,Q8WUT4,-0.944578693,0.009748198,0.249621496,soluble,renal_epithelial,E1103,False
IR Epithelial SASP,1104,CFI,CFI,P05156,-0.960188169,2.16e-06,0.791953862,soluble,renal_epithelial,E1104,False
IR Epithelial SASP,1105,CFB,CFB,P00751,-0.961682969,0.006239582,0.48528406,soluble,renal_epithelial,E1105,False
IR Epithelial SASP,1106,CBX3,CBX3,Q13185,-0.966548374,2.31e-08,0.32498008,soluble,renal_epithelial,E1106,False
IR Epithelial SASP,1107,BLMH,BLMH,Q13867,-0.968458526,0.005092459,0.177918062,soluble,renal_epithelial,E1107,False
IR Epithelial SASP,1108,VASN,VASN,Q6EMK4,-0.977177825,1.88e-07,0.307870656,soluble,renal_epithelial,E1108,False
IR Epithelial SASP,1109,SMAP,SMAP,O00193,-0.981547898,0.003363186,0.572444499,soluble,renal_epithelial,E1109,False
IR Epithelial SASP,1110,ADAM10,ADAM10,O14672,-0.999121016,0.000752065,0.879716456,soluble,renal_epithelial,E1110,False
IR Epithelial SASP,1111,HIST1H2AG;HIST1H2AD;HIST1H2AH;HIST1H2AJ;H2AFJ,,P0C0S8;P20671;Q96KK5;Q99878;Q9BTM1,-1.000959141,0.015316582,1.083276868,soluble,renal_epithelial,E1111,False
IR Epithelial SASP,1112,THBS1,THBS1,P07996,-1.006112189,3.78e-20,0.972489119,soluble,renal_epithelial,E1112,False
IR Epithelial SASP,1113,GALNT2,GALNT2,Q10471,-1.017248814,2.65e-07,0.806966007,soluble,renal_epithelial,E1113,False
IR Epithelial SASP,1114,DCTPP1,DCTPP1,Q9H773,-1.026664174,0.032203892,0.602218568,soluble,renal_epithelial,E1114,False
IR Epithelial SASP,1115,COL7A1,COL7A1,Q02388,-1.057673291,1.84e-11,0.778847337,soluble,renal_epithelial,E1115,False
IR Epithelial SASP,1116,EPHB2,EPHB2,P29323,-1.061988183,8.98e-06,0.726403058,soluble,renal_epithelial,E1116,False
IR Epithelial SASP,1117,C1S,C1S,P09871,-1.079942786,2.84e-05,0.974227071,soluble,renal_epithelial,E1117,False
IR Epithelial SASP,1118,COL6A1,COL6A1,P12109,-1.083732774,1.97e-09,0.872776806,soluble,renal_epithelial,E1118,False
IR Epithelial SASP,1119,VCAM1,VCAM1,P19320,-1.09244461,8.1e-06,0.793465495,soluble,renal_epithelial,E1119,False
IR Epithelial SASP,1120,FDPS,FDPS,P14324,-1.114410977,6.84e-05,0.781447709,soluble,renal_epithelial,E1120,False
IR Epithelial SASP,1121,THBS2,THBS2,P35442,-1.114842094,1.62e-05,0.586175919,soluble,renal_epithelial,E1121,False
IR Epithelial SASP,1122,CDH6,CDH6,P55285,-1.118073162,1.48e-05,0.396452546,soluble,renal_epithelial,E1122,False
IR Epithelial SASP,1123,SET,SET,Q01105,-1.118230006,7.57e-05,1.117993116,soluble,renal_epithelial,E1123,False
IR Epithelial SASP,1124,PVR,PVR,P15151,-1.118422873,4.39e-05,0.39320305,soluble,renal_epithelial,E1124,False
IR Epithelial SASP,1125,SOD3,SOD3,P08294,-1.1364099539999999,9.79e-05,1.466241002,soluble,renal_epithelial,E1125,False
IR Epithelial SASP,1126,LGALS3BP,LGALS3BP,Q08380,-1.13981706,1.18e-17,0.718713462,soluble,renal_epithelial,E1126,False
IR Epithelial SASP,1127,TXNDC12,TXNDC12,O95881,-1.151703284,0.002398754,0.653916538,soluble,renal_epithelial,E1127,False
IR Epithelial SASP,1128,AP2A2,AP2A2,O94973,-1.152196863,0.044851146,1.061650395,soluble,renal_epithelial,E1128,False
IR Epithelial SASP,1129,TWSG1,TWSG1,Q9GZX9,-1.157502098,0.001231039,0.39916423,soluble,renal_epithelial,E1129,False
IR Epithelial SASP,1130,HIST1H1E;HIST1H1D;HIST1H1C;HIST1H1T;HIST1H1A,,P10412;P16402;P16403;P22492;Q02539,-1.162479559,0.024595608,1.070891023,soluble,renal_epithelial,E1130,False
IR Epithelial SASP,1131,RPS27A,RPS27A,P62979,-1.182265726,8.78e-07,0.861912191,soluble,renal_epithelial,E1131,False
IR Epithelial SASP,1132,F5,F5,P12259,-1.196816983,0.007651093,0.277927458,soluble,renal_epithelial,E1132,False
IR Epithelial SASP,1133,CFDP1,CFDP1,Q9UEE9,-1.214317749,0.03002358,0.541259706,soluble,renal_epithelial,E1133,False
IR Epithelial SASP,1134,DAG1,DAG1,Q14118,-1.220986438,3.32e-05,0.223173469,soluble,renal_epithelial,E1134,False
IR Epithelial SASP,1135,SERPINF2,SERPINF2,P08697,-1.22972573,0.080921726,0.674420774,soluble,renal_epithelial,E1135,False
IR Epithelial SASP,1136,ADAM9,ADAM9,Q13443,-1.239120929,0.075635597,1.15282917,soluble,renal_epithelial,E1136,False
IR Epithelial SASP,1137,SERPINF1,SERPINF1,P36955,-1.247609648,0.000330921,0.939291894,soluble,renal_epithelial,E1137,False
IR Epithelial SASP,1138,DNAJC8,DNAJC8,O75937,-1.252860565,0.002423969,0.970627427,soluble,renal_epithelial,E1138,False
IR Epithelial SASP,1139,SPOCK1,SPOCK1,Q08629,-1.281999028,0.000701476,0.069018975,soluble,renal_epithelial,E1139,False
IR Epithelial SASP,1140,GOLM1,GOLM1,Q8NBJ4,-1.304720023,0.003829361,0.540081084,soluble,renal_epithelial,E1140,False
IR Epithelial SASP,1141,NID1,NID1,P14543,-1.332018133,4.84e-08,0.909739077,soluble,renal_epithelial,E1141,False
IR Epithelial SASP,1142,PTPRK,PTPRK,Q15262,-1.346182437,1.12e-09,0.244605452,soluble,renal_epithelial,E1142,False
IR Epithelial SASP,1143,COL4A2,COL4A2,P08572,-1.355994255,1.92e-11,0.943399608,soluble,renal_epithelial,E1143,False
IR Epithelial SASP,1144,TAGLN,TAGLN,Q01995,-1.360326924,1.88e-08,0.930575669,soluble,renal_epithelial,E1144,False
IR Epithelial SASP,1145,LUM,LUM,P51884,-1.38270128,7.56e-08,0.792032123,soluble,renal_epithelial,E1145,False
IR Epithelial SASP,1146,HLA-C,HLA-C,P10321,-1.386070114,4.73e-11,0.373853266,soluble,renal_epithelial,E1146,False
IR Epithelial SASP,1147,CBX5,CBX5,P45973,-1.386187317,0.004921667,0.246362209,soluble,renal_epithelial,E1147,False
IR Epithelial SASP,1148,VCAN,VCAN,P13611,-1.392987131,7.58e-16,0.984571874,soluble,renal_epithelial,E1148,False
IR Epithelial SASP,1149,NASP,NASP,P49321,-1.420900064,4.87e-06,0.555840671,soluble,renal_epithelial,E1149,False
IR Epithelial SASP,1150,LOXL2,LOXL2,Q9Y4K0,-1.469530602,1.05e-06,1.43225944,soluble,renal_epithelial,E1150,False
IR Epithelial SASP,1151,GC,GC,P02774,-1.481240846,0.044434119,1.584736109,soluble,renal_epithelial,E1151,False
IR Epithelial SASP,1152,COL1A1,COL1A1,P02452,-1.534331389,1.59e-13,0.581079125,soluble,renal_epithelial,E1152,False
IR Epithelial SASP,1153,COL4A1,COL4A1,P02462,-1.552490559,0.001044093,1.614635229,soluble,renal_epithelial,E1153,False
IR Epithelial SASP,1154,PROCR,PROCR,Q9UNN8,-1.572344493,5.93e-10,0.364729047,soluble,renal_epithelial,E1154,False
IR Epithelial SASP,1155,PCBD1,PCBD1,P61457,-1.575264611,0.006806967,0.318806142,soluble,renal_epithelial,E1155,False
IR Epithelial SASP,1156,RBM8A,RBM8A,Q9Y5S9,-1.602978279,0.145841059,3.363844395,soluble,renal_epithelial,E1156,False
IR Epithelial SASP,1157,FN1,FN1,P02751,-1.658775712,5.29e-138,1.038366556,soluble,renal_epithelial,E1157,False
IR Epithelial SASP,1158,MYO1F,MYO1F,O00160,-1.77055795,0.025035916,0.880810916,soluble,renal_epithelial,E1158,False
IR Epithelial SASP,1159,NLN,NLN,Q9BYT8,-1.772866332,0.012848361,1.200095773,soluble,renal_epithelial,E1159,False
IR Epithelial SASP,1160,FSTL1,FSTL1,Q12841,-1.81327243,6.14e-07,0.863232613,soluble,renal_epithelial,E1160,False
IR Epithelial SASP,1161,TIMP1,TIMP1,P01033,-1.840001095,3.79e-15,0.454649836,soluble,renal_epithelial,E1161,False
IR Epithelial SASP,1162,IGFBP4,IGFBP4,P22692,-1.863173144,1.33e-07,0.782924175,soluble,renal_epithelial,E1162,False
IR Epithelial SASP,1163,B2M,B2M,P61769,-1.900964793,0.000305455,1.533552408,soluble,renal_epithelial,E1163,False
IR Epithelial SASP,1164,SERPINE1,SERPINE1,P05121,-1.915083085,0.000358983,1.845552444,soluble,renal_epithelial,E1164,False
IR Epithelial SASP,1165,A2M,A2M,P01023,-1.921787947,0.033842392,1.552300334,soluble,renal_epithelial,E1165,False
IR Epithelial SASP,1166,PTGDS,PTGDS,P41222,-1.938194848,0.000244097,0.057691928,soluble,renal_epithelial,E1166,False
IR Epithelial SASP,1167,PTMS,PTMS,P20962,-2.030153025,0.052419893,2.1205616,soluble,renal_epithelial,E1167,False
IR Epithelial SASP,1168,ALB,ALB,P02768,-2.042689195,8.26e-41,1.074251652,soluble,renal_epithelial,E1168,False
IR Epithelial SASP,1169,AEBP1,AEBP1,Q8IUX7,-2.04861117,0.011228386,2.393668652,soluble,renal_epithelial,E1169,False
IR Epithelial SASP,1170,MMP9,MMP9,P14780,-2.066467899,7.93e-14,0.791948855,soluble,renal_epithelial,E1170,False
IR Epithelial SASP,1171,FXYD2,FXYD2,P54710,-2.067939013,0.009144594,1.161519289,soluble,renal_epithelial,E1171,False
IR Epithelial SASP,1172,AFM,AFM,P43652,-2.145364291,0.11449597,1.295039177,soluble,renal_epithelial,E1172,False
IR Epithelial SASP,1173,SPARC,SPARC,P09486,-2.152074077,7.78e-22,0.60020113,soluble,renal_epithelial,E1173,False
IR Epithelial SASP,1174,TF,TF,P02787,-2.25838325,1.03e-51,1.190644741,soluble,renal_epithelial,E1174,False
IR Epithelial SASP,1175,SERPINC1,SERPINC1,P01008,-2.274193449,0.079067406,1.684631228,soluble,renal_epithelial,E1175,False
IR Epithelial SASP,1176,LTF,LTF,P02788,-2.504506003,0.001589182,1.096363306,soluble,renal_epithelial,E1176,False
IR Epithelial SASP,1177,AXL,AXL,P30530,-2.522601114,0.006793507,0.432735622,soluble,renal_epithelial,E1177,False
IR Epithelial SASP,1178,RARRES2,RARRES2,Q99969,-2.674915496,1.56e-07,0.439829409,soluble,renal_epithelial,E1178,False
IR Epithelial SASP,1179,PZP,PZP,P20742,-2.689638223,0.028136615,0.989925742,soluble,renal_epithelial,E1179,False
IR Epithelial SASP,1180,SERPINA7,SERPINA7,P05543,-2.761957508,0.054619442,1.571095467,soluble,renal_epithelial,E1180,False
IR Epithelial SASP,1181,ENDOD1,ENDOD1,O94919,-2.798529135,0.205329882,1.880595684,soluble,renal_epithelial,E1181,False
IR Epithelial SASP,1182,SERPINA1,SERPINA1,P01009,-2.927586714,4.9e-29,1.400196433,soluble,renal_epithelial,E1182,False
IR Epithelial SASP,1183,MT2A,MT2A,P02795,-4.564125205,0.05950815,3.158760786,soluble,renal_epithelial,E1183,False
IR Exosome SASP,4,GUK1,GUK1,Q16774,6.134018421,0.003412396,1.648064137,extracellular_vesicle,IMR90_fibroblast,E4,False
IR Exosome SASP,5,GTPBP3,GTPBP3,Q969Y2,5.017054081,0.000415917,0.723694205,extracellular_vesicle,IMR90_fibroblast,E5,False
IR Exosome SASP,6,HIVEP2,HIVEP2,P31629,4.988615513,0.003979936,1.406933665,extracellular_vesicle,IMR90_fibroblast,E6,False
IR Exosome SASP,7,CRIP1,CRIP1,P50238,4.677066803,0.002982617,1.211305499,extracellular_vesicle,IMR90_fibroblast,E7,False
IR Exosome SASP,8,PQBP1,PQBP1,O60828,4.428281784,0.006853283,1.529179096,extracellular_vesicle,IMR90_fibroblast,E8,False
IR Exosome SASP,9,TOP2A,TOP2A,P11388,4.22844553,0.010879444,1.769418001,extracellular_vesicle,IMR90_fibroblast,E9,False
IR Exosome SASP,10,SLC1A5,SLC1A5,Q15758,3.71,6.55e-06,1.457159042,extracellular_vesicle,IMR90_fibroblast,E10,False
IR Exosome SASP,11,ITGB4,ITGB4,P16144,3.673203468,0.010840305,1.534006357,extracellular_vesicle,IMR90_fibroblast,E11,False
IR Exosome SASP,12,POR,POR,P16435,3.568969965,0.002326145,0.85840863,extracellular_vesicle,IMR90_fibroblast,E12,False
IR Exosome SASP,13,DIEXF,DIEXF,Q68CQ4,3.555514336,0.026129366,2.11608386,extracellular_vesicle,IMR90_fibroblast,E13,False
IR Exosome SASP,14,MYO9B,MYO9B,Q13459,3.510552645,0.007582362,1.265271902,extracellular_vesicle,IMR90_fibroblast,E14,False
IR Exosome SASP,15,DCP1B,DCP1B,Q8IZD4,3.506407499,0.000310461,0.465862274,extracellular_vesicle,IMR90_fibroblast,E15,False
IR Exosome SASP,16,SLC9A3R2,SLC9A3R2,Q15599,3.456372976,0.048169516,2.742280006,extracellular_vesicle,IMR90_fibroblast,E16,False
IR Exosome SASP,17,NAGA,NAGA,P17050,3.438541651,3.55e-06,0.132900357,extracellular_vesicle,IMR90_fibroblast,E17,False
IR Exosome SASP,18,NaN,NaN,P01763,3.413152218,0.012296657,1.495488524,extracellular_vesicle,IMR90_fibroblast,E18,False
IR Exosome SASP,19,FGA,FGA,P02671,3.356457233,0.002059909,0.778553545,extracellular_vesicle,IMR90_fibroblast,E19,False
IR Exosome SASP,20,DGAT1,DGAT1,O75907,3.322922707,0.010954387,1.39862144,extracellular_vesicle,IMR90_fibroblast,E20,False
IR Exosome SASP,21,OXR1,OXR1,Q8N573,3.266360044,0.01001676,1.321221828,extracellular_vesicle,IMR90_fibroblast,E21,False
IR Exosome SASP,22,NF1,NF1,P21359,3.246855974,0.022973546,1.829394817,extracellular_vesicle,IMR90_fibroblast,E22,False
IR Exosome SASP,23,CARS2,CARS2,Q9HA77,3.178870678,0.019133612,1.654733777,extracellular_vesicle,IMR90_fibroblast,E23,False
IR Exosome SASP,24,C6orf132,C6orf132,Q5T0Z8,3.155594826,0.014066597,1.454028249,extracellular_vesicle,IMR90_fibroblast,E24,False
IR Exosome SASP,25,GNL3,GNL3,Q9BVP2,3.10580945,0.026571082,1.861466646,extracellular_vesicle,IMR90_fibroblast,E25,False
IR Exosome SASP,26,C1RL,C1RL,Q9NZP8,3.051241636,0.040426743,2.223482132,extracellular_vesicle,IMR90_fibroblast,E26,False
IR Exosome SASP,27,ACOX1,ACOX1,Q15067,3.044545889,0.003497791,0.824559271,extracellular_vesicle,IMR90_fibroblast,E27,False
IR Exosome SASP,28,AHSA1,AHSA1,O95433,2.940826654,0.083605628,3.188707352,extracellular_vesicle,IMR90_fibroblast,E28,False
IR Exosome SASP,29,TRAPPC6B,TRAPPC6B,Q86SZ2,2.994506121,0.030793327,1.922959447,extracellular_vesicle,IMR90_fibroblast,E29,False
IR Exosome SASP,30,UPF1,UPF1,Q92900,2.724807501,0.034076361,1.823322773,extracellular_vesicle,IMR90_fibroblast,E30,False
IR Exosome SASP,31,COL1A1,COL1A1,P02452,2.723394632,2.78e-36,2.200333834,extracellular_vesicle,IMR90_fibroblast,E31,False
IR Exosome SASP,32,SUGT1,SUGT1,Q9Y2Z0,2.720611572,0.008305843,1.021211267,extracellular_vesicle,IMR90_fibroblast,E32,False
IR Exosome SASP,33,COL14A1,COL14A1,Q05707,2.705379248,0.007608542,0.977113664,extracellular_vesicle,IMR90_fibroblast,E33,False
IR Exosome SASP,34,PPP4R4,PPP4R4,Q6NUP7,2.669254065,0.143520462,4.290146351,extracellular_vesicle,IMR90_fibroblast,E34,False
IR Exosome SASP,35,LGALS3BP,LGALS3BP,Q08380,2.673738956,8.74e-26,2.006095409,extracellular_vesicle,IMR90_fibroblast,E35,False
IR Exosome SASP,36,DDX19A;DDX25,,Q9NUU7;Q9UHL0,2.633096933,0.083550391,2.309469938,extracellular_vesicle,IMR90_fibroblast,E36,False
IR Exosome SASP,37,LAMC1,LAMC1,P11047,2.662850618,8.65e-60,1.843280077,extracellular_vesicle,IMR90_fibroblast,E37,False
IR Exosome SASP,38,MTG1,MTG1,Q9BT17,2.549707651,0.105486315,3.221695662,extracellular_vesicle,IMR90_fibroblast,E38,False
IR Exosome SASP,39,CCDC88B,CCDC88B,A6NC98,2.586071968,0.00505168,0.788262784,extracellular_vesicle,IMR90_fibroblast,E39,False
IR Exosome SASP,40,TMED7,TMED7,Q9Y3B3,2.520641088,0.022453557,1.396842003,extracellular_vesicle,IMR90_fibroblast,E40,False
IR Exosome SASP,41,HDLBP,HDLBP,Q00341,2.507096052,0.017673881,1.250666857,extracellular_vesicle,IMR90_fibroblast,E41,False
IR Exosome SASP,42,CRABP1,CRABP1,P29762,2.495926619,0.022973546,1.407777429,extracellular_vesicle,IMR90_fibroblast,E42,False
IR Exosome SASP,43,DOCK2,DOCK2,Q92608,2.494535446,0.036541701,3.107459068,extracellular_vesicle,IMR90_fibroblast,E43,False
IR Exosome SASP,44,VCAN,VCAN,P13611,2.492891312,7.45e-19,1.981376648,extracellular_vesicle,IMR90_fibroblast,E44,False
IR Exosome SASP,45,COL1A2,COL1A2,P08123,2.454764843,5.31e-39,1.834641457,extracellular_vesicle,IMR90_fibroblast,E45,False
IR Exosome SASP,46,SUGP2,SUGP2,Q8IX01,2.485618591,0.064863164,2.3177948,extracellular_vesicle,IMR90_fibroblast,E46,False
IR Exosome SASP,47,PZP,PZP,P20742,2.437140942,0.017990282,3.256135464,extracellular_vesicle,IMR90_fibroblast,E47,False
IR Exosome SASP,48,PSMB6,PSMB6,P28072,2.429502487,5.65e-07,0.924801886,extracellular_vesicle,IMR90_fibroblast,E48,False
IR Exosome SASP,49,PCOLCE,PCOLCE,Q15113,2.425550938,0.000137056,1.551645517,extracellular_vesicle,IMR90_fibroblast,E49,False
IR Exosome SASP,50,IGFBP7,IGFBP7,Q16270,2.308440924,9.33e-09,1.192079186,extracellular_vesicle,IMR90_fibroblast,E50,False
IR Exosome SASP,51,YBX1,YBX1,P67809,2.29796195,0.017691163,1.147702456,extracellular_vesicle,IMR90_fibroblast,E51,False
IR Exosome SASP,52,WDR62,WDR62,O43379,2.353337288,0.097763118,2.813257217,extracellular_vesicle,IMR90_fibroblast,E52,False
IR Exosome SASP,53,NOTCH3,NOTCH3,Q9UM47,2.336507082,0.149137264,3.881421566,extracellular_vesicle,IMR90_fibroblast,E53,False
IR Exosome SASP,54,GREM1;GREM2,,O60565;Q9H772,2.295539618,0.022765295,0.934625208,extracellular_vesicle,IMR90_fibroblast,E54,False
IR Exosome SASP,55,LAMA4,LAMA4,Q16363,2.289909601,1.87e-43,1.602144837,extracellular_vesicle,IMR90_fibroblast,E55,False
IR Exosome SASP,56,COL5A2,COL5A2,P05997,2.271299362,3.02e-08,1.487177968,extracellular_vesicle,IMR90_fibroblast,E56,False
IR Exosome SASP,57,MKI67,MKI67,P46013,2.262851238,0.04797005,1.787871838,extracellular_vesicle,IMR90_fibroblast,E57,False
IR Exosome SASP,58,FAM50A,FAM50A,Q14320,2.13941741,0.025972581,1.269940853,extracellular_vesicle,IMR90_fibroblast,E58,False
IR Exosome SASP,59,CKAP5,CKAP5,Q14008,2.124367237,0.010742115,0.882285118,extracellular_vesicle,IMR90_fibroblast,E59,False
IR Exosome SASP,60,HK1,HK1,P19367,2.18707633,0.064177635,2.028486013,extracellular_vesicle,IMR90_fibroblast,E60,False
IR Exosome SASP,61,CLUH,CLUH,O75153,2.151533842,0.056091977,1.847468257,extracellular_vesicle,IMR90_fibroblast,E61,False
IR Exosome SASP,62,NID1,NID1,P14543,2.091674089,2.69e-21,1.937075377,extracellular_vesicle,IMR90_fibroblast,E62,False
IR Exosome SASP,63,C1R,C1R,P00736,2.077202559,3.85e-15,1.882269144,extracellular_vesicle,IMR90_fibroblast,E63,False
IR Exosome SASP,64,APOM,APOM,O95445,2.076836109,0.022113257,1.141837478,extracellular_vesicle,IMR90_fibroblast,E64,False
IR Exosome SASP,65,TAOK2,TAOK2,Q9UL54,2.027994156,0.00505168,1.475090146,extracellular_vesicle,IMR90_fibroblast,E65,False
IR Exosome SASP,66,TGFBI,TGFBI,Q15582,1.989852786,5.94e-35,1.798057318,extracellular_vesicle,IMR90_fibroblast,E66,False
IR Exosome SASP,67,BCAT1,BCAT1,P54687,1.98064518,0.038758862,2.527460098,extracellular_vesicle,IMR90_fibroblast,E67,False
IR Exosome SASP,68,MMP2,MMP2,P08253,2.005286455,0.065124077,1.873995066,extracellular_vesicle,IMR90_fibroblast,E68,False
IR Exosome SASP,69,LTA4H,LTA4H,P09960,1.947269678,0.038302299,1.375267506,extracellular_vesicle,IMR90_fibroblast,E69,False
IR Exosome SASP,70,ARFGEF2,ARFGEF2,Q9Y6D5,1.981772065,0.073349977,1.975890517,extracellular_vesicle,IMR90_fibroblast,E70,False
IR Exosome SASP,71,FBN1,FBN1,P35555,1.939766288,2.33e-15,1.3184551,extracellular_vesicle,IMR90_fibroblast,E71,False
IR Exosome SASP,72,PAM16,PAM16,Q9Y3D7,1.947328091,0.121780574,2.717617035,extracellular_vesicle,IMR90_fibroblast,E72,False
IR Exosome SASP,73,FBLN1,FBLN1,P23142,1.928571939,3.22e-14,1.670792937,extracellular_vesicle,IMR90_fibroblast,E73,False
IR Exosome SASP,74,ESYT1,ESYT1,Q9BSJ8,1.915043831,0.008898752,0.741288424,extracellular_vesicle,IMR90_fibroblast,E74,False
IR Exosome SASP,75,KIF13B,KIF13B,Q9NQT8,1.932388544,0.104310568,2.422178268,extracellular_vesicle,IMR90_fibroblast,E75,False
IR Exosome SASP,76,COL3A1,COL3A1,P02461,1.905908942,2.35e-08,2.533432484,extracellular_vesicle,IMR90_fibroblast,E76,False
IR Exosome SASP,77,DCN,DCN,P07585,1.888522625,2.78e-10,1.890198231,extracellular_vesicle,IMR90_fibroblast,E77,False
IR Exosome SASP,78,RCN1,RCN1,Q15293,1.887678742,0.000208833,1.906664848,extracellular_vesicle,IMR90_fibroblast,E78,False
IR Exosome SASP,79,LAMB1,LAMB1,P07942,1.874866843,1.66e-50,1.753366828,extracellular_vesicle,IMR90_fibroblast,E79,False
IR Exosome SASP,80,ANP32B,ANP32B,Q92688,1.873860717,0.046442717,1.457010984,extracellular_vesicle,IMR90_fibroblast,E80,False
IR Exosome SASP,81,TIMP2,TIMP2,P16035,1.870750904,1.73e-05,1.777181625,extracellular_vesicle,IMR90_fibroblast,E81,False
IR Exosome SASP,82,FN1,FN1,P02751,1.821802497,1.66e-109,1.706192255,extracellular_vesicle,IMR90_fibroblast,E82,False
IR Exosome SASP,83,RFC3,RFC3,P40938,1.873731613,0.061030136,1.689700961,extracellular_vesicle,IMR90_fibroblast,E83,False
IR Exosome SASP,84,ANXA2,ANXA2,P07355,1.82,3.63e-16,1.03,extracellular_vesicle,IMR90_fibroblast,E84,False
IR Exosome SASP,85,ARHGEF17,ARHGEF17,Q96PE2,1.805338264,0.003966724,0.507569134,extracellular_vesicle,IMR90_fibroblast,E85,False
IR Exosome SASP,86,ERAP2,ERAP2,Q6P179,1.810012937,0.146377937,2.956747532,extracellular_vesicle,IMR90_fibroblast,E86,False
IR Exosome SASP,87,HSP90AB4P,HSP90AB4P,Q58FF6,1.803379655,0.007351661,0.64079231,extracellular_vesicle,IMR90_fibroblast,E87,False
IR Exosome SASP,88,PTX3,PTX3,P26022,1.789975166,1.56e-06,1.254796982,extracellular_vesicle,IMR90_fibroblast,E88,False
IR Exosome SASP,89,SDHAF4,SDHAF4,Q5VUM1,1.781834722,0.029090373,1.114705682,extracellular_vesicle,IMR90_fibroblast,E89,False
IR Exosome SASP,90,CLU,CLU,P10909,1.762975335,5.01e-07,1.96107471,extracellular_vesicle,IMR90_fibroblast,E90,False
IR Exosome SASP,91,GPCPD1,GPCPD1,Q9NPB8,1.771252632,0.091435431,2.024176121,extracellular_vesicle,IMR90_fibroblast,E91,False
IR Exosome SASP,92,AGRN,AGRN,O00468,1.747169495,6.75e-18,1.980176449,extracellular_vesicle,IMR90_fibroblast,E92,False
IR Exosome SASP,93,KLF4,KLF4,O43474,1.757899046,0.154043124,3.02336812,extracellular_vesicle,IMR90_fibroblast,E93,False
IR Exosome SASP,94,VPS11,VPS11,Q9H270,1.735893846,0.013785519,0.792313874,extracellular_vesicle,IMR90_fibroblast,E94,False
IR Exosome SASP,95,NUDT19,NUDT19,A8MXV4,1.712970257,0.028875607,1.067527056,extracellular_vesicle,IMR90_fibroblast,E95,False
IR Exosome SASP,96,NID2,NID2,Q14112,1.710319877,3.06e-20,1.727670312,extracellular_vesicle,IMR90_fibroblast,E96,False
IR Exosome SASP,97,LCAT,LCAT,P04180,1.704363346,0.007454184,0.609317899,extracellular_vesicle,IMR90_fibroblast,E97,False
IR Exosome SASP,98,COL4A2,COL4A2,P08572,1.699594617,2.65e-06,1.765173793,extracellular_vesicle,IMR90_fibroblast,E98,False
IR Exosome SASP,99,DAB2IP,DAB2IP,Q5VWQ8,1.697014689,0.041378574,2.216487885,extracellular_vesicle,IMR90_fibroblast,E99,False
IR Exosome SASP,100,QSOX1,QSOX1,O00391,1.685899258,6.77e-18,1.456064939,extracellular_vesicle,IMR90_fibroblast,E100,False
IR Exosome SASP,101,ITGA2B,ITGA2B,P08514,1.695206881,0.054866299,1.427993417,extracellular_vesicle,IMR90_fibroblast,E101,False
IR Exosome SASP,102,A2M,A2M,P01023,1.679118872,0.000568075,3.202100277,extracellular_vesicle,IMR90_fibroblast,E102,False
IR Exosome SASP,103,PRPF8,PRPF8,Q6P2Q9,1.675529718,0.0066724,0.571694851,extracellular_vesicle,IMR90_fibroblast,E103,False
IR Exosome SASP,104,MCM3,MCM3,P25205,1.675620198,0.090462395,1.903346777,extracellular_vesicle,IMR90_fibroblast,E104,False
IR Exosome SASP,105,ACO2,ACO2,Q99798,1.656574011,0.036889999,1.149815559,extracellular_vesicle,IMR90_fibroblast,E105,False
IR Exosome SASP,106,C1S,C1S,P09871,1.620295763,8.56e-08,2.171849012,extracellular_vesicle,IMR90_fibroblast,E106,False
IR Exosome SASP,107,SQRDL,SQRDL,Q9Y6N5,1.650316358,0.093523068,1.912423849,extracellular_vesicle,IMR90_fibroblast,E107,False
IR Exosome SASP,108,SMARCA2,SMARCA2,P51531,1.594068885,0.011675898,0.686373174,extracellular_vesicle,IMR90_fibroblast,E108,False
IR Exosome SASP,109,RNF213,RNF213,Q63HN8,1.608732343,0.077562347,1.6546819209999999,extracellular_vesicle,IMR90_fibroblast,E109,False
IR Exosome SASP,110,MAGEA1;MAGEA4;MAGEA8,,P43355;P43358;P43361,1.582783222,0.041947121,0.902829647,extracellular_vesicle,IMR90_fibroblast,E110,False
IR Exosome SASP,111,DNMT1,DNMT1,P26358,1.59237361,0.178826736,3.1634821889999998,extracellular_vesicle,IMR90_fibroblast,E111,False
IR Exosome SASP,112,MLYCD,MLYCD,O95822,1.580383182,0.047605809,1.243648052,extracellular_vesicle,IMR90_fibroblast,E112,False
IR Exosome SASP,113,COL12A1,COL12A1,Q99715,1.565989852,1.05e-37,1.906390429,extracellular_vesicle,IMR90_fibroblast,E113,False
IR Exosome SASP,114,SMC3,SMC3,Q9UQE7,1.55918622,0.038418896,1.107019067,extracellular_vesicle,IMR90_fibroblast,E114,False
IR Exosome SASP,115,MED14,MED14,O60244,1.561950803,0.061837527,1.4180094,extracellular_vesicle,IMR90_fibroblast,E115,False
IR Exosome SASP,116,EXOC3L4,EXOC3L4,Q17RC7,1.538612366,0.010742115,0.638741195,extracellular_vesicle,IMR90_fibroblast,E116,False
IR Exosome SASP,117,TOP2B,TOP2B,Q02880,1.557862043,0.097763118,1.863903284,extracellular_vesicle,IMR90_fibroblast,E117,False
IR Exosome SASP,118,GPX3,GPX3,P22352,1.557769656,0.055830659,1.331800938,extracellular_vesicle,IMR90_fibroblast,E118,False
IR Exosome SASP,119,ENO3,ENO3,P13929,1.52,0.005094085,1.2,extracellular_vesicle,IMR90_fibroblast,E119,False
IR Exosome SASP,120,ECM1,ECM1,Q16610,1.498278737,3.16e-07,1.512311578,extracellular_vesicle,IMR90_fibroblast,E120,False
IR Exosome SASP,121,THBS1,THBS1,P07996,1.492870569,8.62e-17,2.01525712,extracellular_vesicle,IMR90_fibroblast,E121,False
IR Exosome SASP,122,PANK1;PANK2,,Q8TE04;Q9BZ23,1.483997703,0.084509189,1.321668148,extracellular_vesicle,IMR90_fibroblast,E122,False
IR Exosome SASP,123,CAND1,CAND1,Q86VP6,1.483485818,0.029240036,0.930956066,extracellular_vesicle,IMR90_fibroblast,E123,False
IR Exosome SASP,124,F3,F3,P13726,1.480110049,0.000959999,0.809978068,extracellular_vesicle,IMR90_fibroblast,E124,False
IR Exosome SASP,125,DHX15,DHX15,O43143,1.47569561,0.055775503,1.260139942,extracellular_vesicle,IMR90_fibroblast,E125,False
IR Exosome SASP,126,CAB39,CAB39,Q9Y376,1.470497608,0.17573753,2.864857435,extracellular_vesicle,IMR90_fibroblast,E126,False
IR Exosome SASP,127,LOX,LOX,P28300,1.4694364069999999,0.10604345,1.863897085,extracellular_vesicle,IMR90_fibroblast,E127,False
IR Exosome SASP,128,GPC1,GPC1,P35052,1.4530971049999999,8.95e-06,1.477741361,extracellular_vesicle,IMR90_fibroblast,E128,False
IR Exosome SASP,129,IARS,IARS,P41252,1.445486426,0.020190352,0.767662644,extracellular_vesicle,IMR90_fibroblast,E129,False
IR Exosome SASP,130,HSP90AB2P,HSP90AB2P,Q58FF8,1.434509754,0.025251144,1.586863518,extracellular_vesicle,IMR90_fibroblast,E130,False
IR Exosome SASP,131,DDX46,DDX46,Q7L014,1.42566061,0.191109042,3.054082155,extracellular_vesicle,IMR90_fibroblast,E131,False
IR Exosome SASP,132,P04083,P04083,Annexin A1,1.43,4.78e-07,0.75,extracellular_vesicle,IMR90_fibroblast,E132,False
IR Exosome SASP,133,ITIH2,ITIH2,P19823,1.421875119,0.000302992,1.68178463,extracellular_vesicle,IMR90_fibroblast,E133,False
IR Exosome SASP,134,PSMA5,PSMA5,P28066,1.405398011,1.1e-05,1.586487651,extracellular_vesicle,IMR90_fibroblast,E134,False
IR Exosome SASP,135,RPL10A,RPL10A,P62906,1.400870085,0.013482323,1.745934963,extracellular_vesicle,IMR90_fibroblast,E135,False
IR Exosome SASP,136,COL5A1,COL5A1,P20908,1.39843297,5.51e-08,1.195062876,extracellular_vesicle,IMR90_fibroblast,E136,False
IR Exosome SASP,137,CCT6A,CCT6A,P40227,1.387856007,0.066625144,3.318566561,extracellular_vesicle,IMR90_fibroblast,E137,False
IR Exosome SASP,138,HBA1,HBA1,P69905,1.397566795,0.000443118,1.711345434,extracellular_vesicle,IMR90_fibroblast,E138,False
IR Exosome SASP,139,KIAA1671,KIAA1671,Q9BY89,1.375777364,0.071409299,1.346655607,extracellular_vesicle,IMR90_fibroblast,E139,False
IR Exosome SASP,140,RBPJ,RBPJ,Q06330,1.382483482,0.022765295,0.773423135,extracellular_vesicle,IMR90_fibroblast,E140,False
IR Exosome SASP,141,PLOD1,PLOD1,Q02809,1.370651007,2.38e-16,1.614637733,extracellular_vesicle,IMR90_fibroblast,E141,False
IR Exosome SASP,142,MFGE8,MFGE8,Q08431,1.332852244,7.04e-14,1.342100024,extracellular_vesicle,IMR90_fibroblast,E142,False
IR Exosome SASP,143,MEP1A,MEP1A,Q16819,1.303922415,0.166227851,2.394048929,extracellular_vesicle,IMR90_fibroblast,E143,False
IR Exosome SASP,144,HLA-C,HLA-C,Q95604,1.298939586,0.067961645,0.990009189,extracellular_vesicle,IMR90_fibroblast,E144,False
IR Exosome SASP,145,LTBP1,LTBP1,Q14766,1.312990904,0.005094085,1.882444263,extracellular_vesicle,IMR90_fibroblast,E145,False
IR Exosome SASP,146,PSMA1,PSMA1,P25786,1.278886199,1.37e-06,2.005634069,extracellular_vesicle,IMR90_fibroblast,E146,False
IR Exosome SASP,147,PSMA6,PSMA6,P60900,1.274201512,6.8e-06,1.620284796,extracellular_vesicle,IMR90_fibroblast,E147,False
IR Exosome SASP,148,PXDN,PXDN,Q92626,1.2728626730000001,4.48e-06,1.774030805,extracellular_vesicle,IMR90_fibroblast,E148,False
IR Exosome SASP,149,CSPG4,CSPG4,Q6UVK1,1.268876791,9.61e-12,1.21117413,extracellular_vesicle,IMR90_fibroblast,E149,False
IR Exosome SASP,150,EMILIN1,EMILIN1,Q9Y6C2,1.259469867,7.39e-07,1.995176315,extracellular_vesicle,IMR90_fibroblast,E150,False
IR Exosome SASP,151,PSMD9,PSMD9,O00233,1.253232002,0.122566173,1.759166598,extracellular_vesicle,IMR90_fibroblast,E151,False
IR Exosome SASP,152,SLC2A3;SLC2A14,,P11169;Q8TDB8,1.25199306,0.083960276,1.109730363,extracellular_vesicle,IMR90_fibroblast,E152,False
IR Exosome SASP,153,PSMA4,PSMA4,P25789,1.254781604,2.88e-05,1.627493858,extracellular_vesicle,IMR90_fibroblast,E153,False
IR Exosome SASP,154,AOC3,AOC3,Q16853,1.248513579,0.035338823,0.847740233,extracellular_vesicle,IMR90_fibroblast,E154,False
IR Exosome SASP,155,TBR1,TBR1,Q16650,1.239721417,0.062602125,1.133165359,extracellular_vesicle,IMR90_fibroblast,E155,False
IR Exosome SASP,156,ABLIM1,ABLIM1,O14639,1.231503367,0.205289008,2.910395384,extracellular_vesicle,IMR90_fibroblast,E156,False
IR Exosome SASP,157,PSMA2,PSMA2,P25787,1.242155075,2.96e-05,1.92824769,extracellular_vesicle,IMR90_fibroblast,E157,False
IR Exosome SASP,158,PPIB,PPIB,P23284,1.223634481,2.85e-05,1.796430945,extracellular_vesicle,IMR90_fibroblast,E158,False
IR Exosome SASP,159,PRPF19,PRPF19,Q9UMS4,1.220031977,0.032627553,0.801550508,extracellular_vesicle,IMR90_fibroblast,E159,False
IR Exosome SASP,160,TSPAN4,TSPAN4,O14817,1.211602807,0.006509649,1.289636493,extracellular_vesicle,IMR90_fibroblast,E160,False
IR Exosome SASP,161,DOCK10,DOCK10,Q96BY6,1.210430384,0.037352247,0.844800889,extracellular_vesicle,IMR90_fibroblast,E161,False
IR Exosome SASP,162,AHNAK2,AHNAK2,Q8IVF2,1.21,0.017990282,0.539845586,extracellular_vesicle,IMR90_fibroblast,E162,False
IR Exosome SASP,163,CLIC4,CLIC4,Q9Y696,1.207206368,0.017934097,1.605622768,extracellular_vesicle,IMR90_fibroblast,E163,False
IR Exosome SASP,164,MAMDC2,MAMDC2,Q7Z304,1.202756763,0.033203684,0.795810223,extracellular_vesicle,IMR90_fibroblast,E164,False
IR Exosome SASP,165,CD9,CD9,P21926,1.201434135,0.008743685,1.368637919,extracellular_vesicle,IMR90_fibroblast,E165,False
IR Exosome SASP,166,GPX1,GPX1,P07203,1.201236844,0.008305843,0.450785011,extracellular_vesicle,IMR90_fibroblast,E166,False
IR Exosome SASP,167,F2,F2,P00734,1.200548887,0.000315116,1.714932084,extracellular_vesicle,IMR90_fibroblast,E167,False
IR Exosome SASP,168,COL4A1,COL4A1,P02462,1.200536609,0.009436742,1.932765007,extracellular_vesicle,IMR90_fibroblast,E168,False
IR Exosome SASP,169,PLCB3,PLCB3,Q01970,1.188775063,0.082188761,1.26710999,extracellular_vesicle,IMR90_fibroblast,E169,False
IR Exosome SASP,170,ARF4,ARF4,P18085,1.179510355,0.177812732,2.326151609,extracellular_vesicle,IMR90_fibroblast,E170,False
IR Exosome SASP,171,ABCB6,ABCB6,Q9NP58,1.162439823,0.069942942,1.124141812,extracellular_vesicle,IMR90_fibroblast,E171,False
IR Exosome SASP,172,ITGA2,ITGA2,P17301,1.195304394,1.87e-10,1.417238355,extracellular_vesicle,IMR90_fibroblast,E172,False
IR Exosome SASP,173,SLC2A1,SLC2A1,P11166,1.191492677,0.01096264,1.429172873,extracellular_vesicle,IMR90_fibroblast,E173,False
IR Exosome SASP,174,PVR,PVR,P15151,1.159410834,0.035921091,0.792271972,extracellular_vesicle,IMR90_fibroblast,E174,False
IR Exosome SASP,175,PSMB7,PSMB7,Q99436,1.154928088,0.010060366,1.640488267,extracellular_vesicle,IMR90_fibroblast,E175,False
IR Exosome SASP,176,VPS13D,VPS13D,Q5THJ4,1.132779837,0.050966166,0.922303379,extracellular_vesicle,IMR90_fibroblast,E176,False
IR Exosome SASP,177,TOR1B,TOR1B,O14657,1.131748676,0.054866299,0.955441952,extracellular_vesicle,IMR90_fibroblast,E177,False
IR Exosome SASP,178,FKBP10,FKBP10,Q96AY3,1.151717544,0.000478763,1.42090106,extracellular_vesicle,IMR90_fibroblast,E178,False
IR Exosome SASP,179,SNX8,SNX8,Q9Y5X2,1.122967601,0.21468544,2.826690674,extracellular_vesicle,IMR90_fibroblast,E179,False
IR Exosome SASP,180,UBE3C,UBE3C,Q15386,1.118091941,0.170502218,2.12195611,extracellular_vesicle,IMR90_fibroblast,E180,False
IR Exosome SASP,181,CD248,CD248,Q9HCU0,1.117409706,0.094473841,1.308402777,extracellular_vesicle,IMR90_fibroblast,E181,False
IR Exosome SASP,182,RPL13A;RPL13AP3,,P40429;Q6NVV1,1.116075993,0.088424708,1.022260427,extracellular_vesicle,IMR90_fibroblast,E182,False
IR Exosome SASP,183,TIMP1,TIMP1,P01033,1.150681138,0.006505901,1.918782949,extracellular_vesicle,IMR90_fibroblast,E183,False
IR Exosome SASP,184,SERPINF2,SERPINF2,P08697,1.112107754,0.056046349,1.632109284,extracellular_vesicle,IMR90_fibroblast,E184,False
IR Exosome SASP,185,ARPC4,ARPC4,P59998,1.129742622,0.028266798,1.295476198,extracellular_vesicle,IMR90_fibroblast,E185,False
IR Exosome SASP,186,WNT5A,WNT5A,P41221,1.114371777,0.004708369,0.33165437,extracellular_vesicle,IMR90_fibroblast,E186,False
IR Exosome SASP,187,PSMB8,PSMB8,P28062,1.08795929,0.050194147,1.524703026,extracellular_vesicle,IMR90_fibroblast,E187,False
IR Exosome SASP,188,RPA3,RPA3,P35244,1.085063338,0.107508585,1.388573289,extracellular_vesicle,IMR90_fibroblast,E188,False
IR Exosome SASP,189,CEMIP,CEMIP,Q8WUJ3,1.080138683,0.072628161,1.070659757,extracellular_vesicle,IMR90_fibroblast,E189,False
IR Exosome SASP,190,MAP2K1,MAP2K1,Q02750,1.076265574,0.153992618,1.845195055,extracellular_vesicle,IMR90_fibroblast,E190,False
IR Exosome SASP,191,ALDH1A1,ALDH1A1,P00352,1.072213769,0.207835093,2.568130255,extracellular_vesicle,IMR90_fibroblast,E191,False
IR Exosome SASP,192,S100A13,S100A13,Q99584,1.10955286,0.01728867,0.549475074,extracellular_vesicle,IMR90_fibroblast,E192,False
IR Exosome SASP,193,BGN,BGN,P21810,1.088858604,0.010914935,1.572974443,extracellular_vesicle,IMR90_fibroblast,E193,False
IR Exosome SASP,194,COL18A1,COL18A1,P39060,1.067537069,0.022973546,1.819029927,extracellular_vesicle,IMR90_fibroblast,E194,False
IR Exosome SASP,195,IMMT,IMMT,Q16891,1.066418529,0.168052671,1.9842875,extracellular_vesicle,IMR90_fibroblast,E195,False
IR Exosome SASP,196,PSMB3,PSMB3,P49720,1.065802574,0.006619477,1.782869339,extracellular_vesicle,IMR90_fibroblast,E196,False
IR Exosome SASP,197,PSMB5,PSMB5,P28074,1.064741015,0.00055479,2.024684429,extracellular_vesicle,IMR90_fibroblast,E197,False
IR Exosome SASP,198,CALU,CALU,O43852,1.064689994,0.000726778,1.635620475,extracellular_vesicle,IMR90_fibroblast,E198,False
IR Exosome SASP,199,FBN2,FBN2,P35556,1.061969161,0.021713165,0.580205441,extracellular_vesicle,IMR90_fibroblast,E199,False
IR Exosome SASP,200,LMNB1,LMNB1,P20700,1.056599379,0.036190836,1.214495182,extracellular_vesicle,IMR90_fibroblast,E200,False
IR Exosome SASP,201,HMGA1,HMGA1,P17096,1.053196311,0.130980327,1.565530181,extracellular_vesicle,IMR90_fibroblast,E201,False
IR Exosome SASP,202,EIF4E,EIF4E,P06730,1.043343306,0.168171466,1.946870565,extracellular_vesicle,IMR90_fibroblast,E202,False
IR Exosome SASP,203,MGLL,MGLL,Q99685,1.04045701,0.046635685,0.810718119,extracellular_vesicle,IMR90_fibroblast,E203,False
IR Exosome SASP,204,YKT6,YKT6,O15498,1.036266685,0.130980327,1.536212921,extracellular_vesicle,IMR90_fibroblast,E204,False
IR Exosome SASP,205,LAS1L,LAS1L,Q9Y4W2,1.036186099,0.211482409,2.547696114,extracellular_vesicle,IMR90_fibroblast,E205,False
IR Exosome SASP,206,ACLY,ACLY,P53396,1.035260797,0.000953933,2.338657379,extracellular_vesicle,IMR90_fibroblast,E206,False
IR Exosome SASP,207,UACA,UACA,Q9BZF9,1.027651191,0.246374556,3.274482727,extracellular_vesicle,IMR90_fibroblast,E207,False
IR Exosome SASP,208,ECE1,ECE1,P42892,1.025760174,0.007111194,1.115229726,extracellular_vesicle,IMR90_fibroblast,E208,False
IR Exosome SASP,209,TFEC,TFEC,O14948,1.021881223,0.04797005,0.806946695,extracellular_vesicle,IMR90_fibroblast,E209,False
IR Exosome SASP,210,APOO,APOO,Q9BUR5,1.018033981,0.124902791,1.444524407,extracellular_vesicle,IMR90_fibroblast,E210,False
IR Exosome SASP,211,ADAM9,ADAM9,Q13443,1.012629509,0.028314554,1.164203644,extracellular_vesicle,IMR90_fibroblast,E211,False
IR Exosome SASP,212,ITGA3,ITGA3,P26006,1.012044549,0.002406937,1.621715069,extracellular_vesicle,IMR90_fibroblast,E212,False
IR Exosome SASP,213,PSMA3,PSMA3,P25788,1.011087298,1.14e-05,1.237390041,extracellular_vesicle,IMR90_fibroblast,E213,False
IR Exosome SASP,214,GANAB,GANAB,Q14697,1.004388452,0.00505168,1.605144262,extracellular_vesicle,IMR90_fibroblast,E214,False
IR Exosome SASP,215,TNC,TNC,P24821,1.00156498,4.1e-11,1.303631783,extracellular_vesicle,IMR90_fibroblast,E215,False
IR Exosome SASP,216,TRRAP,TRRAP,Q9Y4A5,0.993899405,0.101689215,1.224040747,extracellular_vesicle,IMR90_fibroblast,E216,False
IR Exosome SASP,217,CALR,CALR,P27797,0.992309868,0.000276349,1.949948311,extracellular_vesicle,IMR90_fibroblast,E217,False
IR Exosome SASP,218,DIP2B,DIP2B,Q9P265,0.991194844,0.047033539,0.775669873,extracellular_vesicle,IMR90_fibroblast,E218,False
IR Exosome SASP,219,PRKCI,PRKCI,P41743,0.989162564,0.120820331,1.373415709,extracellular_vesicle,IMR90_fibroblast,E219,False
IR Exosome SASP,220,MVP,MVP,Q14764,0.98394531,1.06e-13,1.654286981,extracellular_vesicle,IMR90_fibroblast,E220,False
IR Exosome SASP,221,GFPT1,GFPT1,Q06210,0.981608331,0.020877953,1.023260236,extracellular_vesicle,IMR90_fibroblast,E221,False
IR Exosome SASP,222,LMNB2,LMNB2,Q03252,0.98120153,0.130980327,1.456096411,extracellular_vesicle,IMR90_fibroblast,E222,False
IR Exosome SASP,223,GOLIM4,GOLIM4,O00461,0.974143624,0.117010873,1.323890567,extracellular_vesicle,IMR90_fibroblast,E223,False
IR Exosome SASP,224,NEFL,NEFL,P07196,0.964752793,0.0804462,1.01358223,extracellular_vesicle,IMR90_fibroblast,E224,False
IR Exosome SASP,225,HSPG2,HSPG2,P98160,0.964721084,1.68e-17,1.661691308,extracellular_vesicle,IMR90_fibroblast,E225,False
IR Exosome SASP,226,AK1,AK1,P00568,0.959254503,0.217619989,2.464944124,extracellular_vesicle,IMR90_fibroblast,E226,False
IR Exosome SASP,227,TPT1,TPT1,P13693,0.958539009,0.082057192,1.018681645,extracellular_vesicle,IMR90_fibroblast,E227,False
IR Exosome SASP,228,CLTB,CLTB,P09497,0.955800593,0.056154159,0.823586166,extracellular_vesicle,IMR90_fibroblast,E228,False
IR Exosome SASP,229,LEPRE1,LEPRE1,Q32P28,0.955016196,0.0804462,1.003709078,extracellular_vesicle,IMR90_fibroblast,E229,False
IR Exosome SASP,230,RPL11,RPL11,P62913,0.946982205,0.056154159,1.393835187,extracellular_vesicle,IMR90_fibroblast,E230,False
IR Exosome SASP,231,PSMB1,PSMB1,P20618,0.939218044,2.63e-07,1.259765506,extracellular_vesicle,IMR90_fibroblast,E231,False
IR Exosome SASP,232,P4HA1,P4HA1,P13674,0.933423519,0.077562347,1.585077405,extracellular_vesicle,IMR90_fibroblast,E232,False
IR Exosome SASP,233,VTN,VTN,P04004,0.931024611,0.022635995,1.31482327,extracellular_vesicle,IMR90_fibroblast,E233,False
IR Exosome SASP,234,SCRN1,SCRN1,Q12765,0.9267838,0.149508508,1.543230772,extracellular_vesicle,IMR90_fibroblast,E234,False
IR Exosome SASP,235,LUM,LUM,P51884,0.911783934,0.008385154,2.018139124,extracellular_vesicle,IMR90_fibroblast,E235,False
IR Exosome SASP,236,MAP3K2,MAP3K2,Q9Y2U5,0.908886135,0.111513259,1.194323421,extracellular_vesicle,IMR90_fibroblast,E236,False
IR Exosome SASP,237,TYMS,TYMS,P04818,0.908566236,0.241200867,2.778616428,extracellular_vesicle,IMR90_fibroblast,E237,False
IR Exosome SASP,238,PSMA7,PSMA7,O14818,0.900904,0.000102725,1.720879078,extracellular_vesicle,IMR90_fibroblast,E238,False
IR Exosome SASP,239,LRP1,LRP1,Q07954,0.888699472,1.61e-08,1.594572425,extracellular_vesicle,IMR90_fibroblast,E239,False
IR Exosome SASP,240,RUVBL2,RUVBL2,Q9Y230,0.882060111,0.023232237,0.500250161,extracellular_vesicle,IMR90_fibroblast,E240,False
IR Exosome SASP,241,ATRN,ATRN,O75882,0.879872441,0.059215899,1.701458693,extracellular_vesicle,IMR90_fibroblast,E241,False
IR Exosome SASP,242,RPL35A,RPL35A,P18077,0.874498248,0.130980327,2.033596992,extracellular_vesicle,IMR90_fibroblast,E242,False
IR Exosome SASP,243,KRT8,KRT8,P05787,0.871504188,0.237733555,2.602735043,extracellular_vesicle,IMR90_fibroblast,E243,False
IR Exosome SASP,244,NSF,NSF,P46459,0.864623427,0.130085578,1.268001437,extracellular_vesicle,IMR90_fibroblast,E244,False
IR Exosome SASP,245,CDC16,CDC16,Q13042,0.851435721,0.139842267,2.077564478,extracellular_vesicle,IMR90_fibroblast,E245,False
IR Exosome SASP,246,ALDOA,ALDOA,P04075,0.849060178,9.24e-12,1.324637771,extracellular_vesicle,IMR90_fibroblast,E246,False
IR Exosome SASP,247,GC,GC,P02774,0.843722224,0.153643994,2.222776413,extracellular_vesicle,IMR90_fibroblast,E247,False
IR Exosome SASP,248,PSMD13,PSMD13,Q9UNM6,0.842562437,0.046023063,0.652230263,extracellular_vesicle,IMR90_fibroblast,E248,False
IR Exosome SASP,249,TBK1,TBK1,Q9UHD2,0.838824213,0.194725815,1.847916007,extracellular_vesicle,IMR90_fibroblast,E249,False
IR Exosome SASP,250,CD46,CD46,P15529,0.832879066,0.036393672,0.574295759,extracellular_vesicle,IMR90_fibroblast,E250,False
IR Exosome SASP,251,ICAM1,ICAM1,P05362,0.829710722,0.09360028,2.321562767,extracellular_vesicle,IMR90_fibroblast,E251,False
IR Exosome SASP,252,SAE1,SAE1,Q9UBE0,0.819127917,0.129319097,1.87195158,extracellular_vesicle,IMR90_fibroblast,E252,False
IR Exosome SASP,253,SMARCA5,SMARCA5,O60264,0.817030847,0.142601005,1.304341555,extracellular_vesicle,IMR90_fibroblast,E253,False
IR Exosome SASP,254,COLGALT1,COLGALT1,Q8NBJ5,0.813716292,0.167689875,1.510591626,extracellular_vesicle,IMR90_fibroblast,E254,False
IR Exosome SASP,255,PITRM1,PITRM1,Q5JRX3,0.806940973,0.194688996,2.686849594,extracellular_vesicle,IMR90_fibroblast,E255,False
IR Exosome SASP,256,HEXA,HEXA,P06865,0.801196337,0.214035013,3.014718294,extracellular_vesicle,IMR90_fibroblast,E256,False
IR Exosome SASP,257,UGP2,UGP2,Q16851,0.795945048,0.049920285,1.927705169,extracellular_vesicle,IMR90_fibroblast,E257,False
IR Exosome SASP,258,TMSB10,TMSB10,P63313,0.793132722,0.092787138,1.879943609,extracellular_vesicle,IMR90_fibroblast,E258,False
IR Exosome SASP,259,TUBB8,TUBB8,Q3ZCM7,0.778808475,0.037934343,1.519748092,extracellular_vesicle,IMR90_fibroblast,E259,False
IR Exosome SASP,260,RPS23,RPS23,P62266,0.77506429,0.254044265,2.629406929,extracellular_vesicle,IMR90_fibroblast,E260,False
IR Exosome SASP,261,TPD52,TPD52,P55327,0.774719596,0.259568627,2.744255781,extracellular_vesicle,IMR90_fibroblast,E261,False
IR Exosome SASP,262,THUMPD1,THUMPD1,Q9NXG2,0.774518669,0.249119476,2.523326159,extracellular_vesicle,IMR90_fibroblast,E262,False
IR Exosome SASP,263,NT5E,NT5E,P21589,0.768786848,4.36e-06,1.603245735,extracellular_vesicle,IMR90_fibroblast,E263,False
IR Exosome SASP,264,RPLP2,RPLP2,P05387,0.765428424,0.026765807,1.136040092,extracellular_vesicle,IMR90_fibroblast,E264,False
IR Exosome SASP,265,TUBB1,TUBB1,Q9H4B7,0.763365209,0.141547248,1.878342867,extracellular_vesicle,IMR90_fibroblast,E265,False
IR Exosome SASP,266,NCKAP1,NCKAP1,Q9Y2A7,0.761732936,0.173789237,1.470623136,extracellular_vesicle,IMR90_fibroblast,E266,False
IR Exosome SASP,267,VARS2,VARS2,Q5ST30,0.760874391,0.186856294,1.592050552,extracellular_vesicle,IMR90_fibroblast,E267,False
IR Exosome SASP,268,RETSAT,RETSAT,Q6NUM9,0.759181201,0.018770778,0.392295033,extracellular_vesicle,IMR90_fibroblast,E268,False
IR Exosome SASP,269,BMP1,BMP1,P13497,0.755494475,0.211482409,1.859205127,extracellular_vesicle,IMR90_fibroblast,E269,False
IR Exosome SASP,270,RCN3,RCN3,Q96D15,0.755118132,0.250075877,2.490949631,extracellular_vesicle,IMR90_fibroblast,E270,False
IR Exosome SASP,271,MYL12B;MYL12A,,O14950;P19105,0.75361532,0.111293538,1.570627689,extracellular_vesicle,IMR90_fibroblast,E271,False
IR Exosome SASP,272,ADH5,ADH5,P11766,0.753188431,0.197331012,3.173544168,extracellular_vesicle,IMR90_fibroblast,E272,False
IR Exosome SASP,273,GALNT2,GALNT2,Q10471,0.747004867,0.083605628,1.32316494,extracellular_vesicle,IMR90_fibroblast,E273,False
IR Exosome SASP,274,THY1,THY1,P04216,0.746165514,0.014066113,1.442365408,extracellular_vesicle,IMR90_fibroblast,E274,False
IR Exosome SASP,275,MARK3,MARK3,P27448,0.732788444,0.154043124,1.259519935,extracellular_vesicle,IMR90_fibroblast,E275,False
IR Exosome SASP,276,ATP6V1B2,ATP6V1B2,P21281,0.726698935,0.225636344,1.97578764,extracellular_vesicle,IMR90_fibroblast,E276,False
IR Exosome SASP,277,POSTN,POSTN,Q15063,0.726075649,0.041603362,2.287026644,extracellular_vesicle,IMR90_fibroblast,E277,False
IR Exosome SASP,278,NCAPG2,NCAPG2,Q86XI2,0.713082373,0.296714571,3.694185972,extracellular_vesicle,IMR90_fibroblast,E278,False
IR Exosome SASP,279,ACTN1,ACTN1,P12814,0.704225838,6.68e-11,1.539430857,extracellular_vesicle,IMR90_fibroblast,E279,False
IR Exosome SASP,280,PDIA3,PDIA3,P30101,0.696381509,5.66e-08,1.357709646,extracellular_vesicle,IMR90_fibroblast,E280,False
IR Exosome SASP,281,MYDGF,MYDGF,Q969H8,0.691536367,0.143169755,2.161502838,extracellular_vesicle,IMR90_fibroblast,E281,False
IR Exosome SASP,282,SHMT1,SHMT1,P34896,0.691091239,0.225279263,1.871836901,extracellular_vesicle,IMR90_fibroblast,E282,False
IR Exosome SASP,283,PLD3,PLD3,Q8IV08,0.685312331,0.068635212,1.098745465,extracellular_vesicle,IMR90_fibroblast,E283,False
IR Exosome SASP,284,PFKL,PFKL,P17858,0.683817804,0.210130997,1.664491653,extracellular_vesicle,IMR90_fibroblast,E284,False
IR Exosome SASP,285,CLTC,CLTC,Q00610,0.68293494,8.55e-12,1.588892221,extracellular_vesicle,IMR90_fibroblast,E285,False
IR Exosome SASP,286,CYB5R3,CYB5R3,P00387,0.678749979,0.130002705,1.959924221,extracellular_vesicle,IMR90_fibroblast,E286,False
IR Exosome SASP,287,SERPINF1,SERPINF1,P36955,0.669433475,0.009526154,1.079851508,extracellular_vesicle,IMR90_fibroblast,E287,False
IR Exosome SASP,288,DNAJA3,DNAJA3,Q96EY1,0.667533338,0.155813665,1.160050273,extracellular_vesicle,IMR90_fibroblast,E288,False
IR Exosome SASP,289,PAFAH1B1,PAFAH1B1,P43034,0.665639699,0.076496862,0.678562522,extracellular_vesicle,IMR90_fibroblast,E289,False
IR Exosome SASP,290,SWAP70,SWAP70,Q9UH65,0.663979411,0.272885878,2.648132086,extracellular_vesicle,IMR90_fibroblast,E290,False
IR Exosome SASP,291,SNRPB;SNRPN,,P14678;P63162,0.660890996,0.19805593,1.979237318,extracellular_vesicle,IMR90_fibroblast,E291,False
IR Exosome SASP,292,VWF,VWF,P04275,0.659340441,0.18544211,2.596672297,extracellular_vesicle,IMR90_fibroblast,E292,False
IR Exosome SASP,293,SHMT2,SHMT2,P34897,0.655833542,0.159081351,1.159888864,extracellular_vesicle,IMR90_fibroblast,E293,False
IR Exosome SASP,294,L1CAM,L1CAM,P32004,0.646849871,0.228755713,1.800668955,extracellular_vesicle,IMR90_fibroblast,E294,False
IR Exosome SASP,295,RPS3A,RPS3A,P61247,0.638780415,0.056154159,1.62070477,extracellular_vesicle,IMR90_fibroblast,E295,False
IR Exosome SASP,296,ARPC1B,ARPC1B,O15143,0.636102557,0.055039161,1.190533161,extracellular_vesicle,IMR90_fibroblast,E296,False
IR Exosome SASP,297,ACTN4,ACTN4,O43707,0.635177076,1.77e-05,1.307258606,extracellular_vesicle,IMR90_fibroblast,E297,False
IR Exosome SASP,298,SEC22B,SEC22B,O75396,0.632524133,0.115756541,1.7039361,extracellular_vesicle,IMR90_fibroblast,E298,False
IR Exosome SASP,299,JMY,JMY,Q8N9B5,0.627401948,0.276310373,2.583307505,extracellular_vesicle,IMR90_fibroblast,E299,False
IR Exosome SASP,300,RRAS2,RRAS2,P62070,0.624871552,0.170755281,1.815901875,extracellular_vesicle,IMR90_fibroblast,E300,False
IR Exosome SASP,301,SNRPF,SNRPF,P62306,0.62209487,0.236244555,1.833686352,extracellular_vesicle,IMR90_fibroblast,E301,False
IR Exosome SASP,302,PSMB4,PSMB4,P28070,0.618869901,0.048367874,1.786498427,extracellular_vesicle,IMR90_fibroblast,E302,False
IR Exosome SASP,303,NDUFC2-KCTD14;NDUFC2,,E9PQ53;O95298,0.618067443,0.267569367,2.047875643,extracellular_vesicle,IMR90_fibroblast,E303,False
IR Exosome SASP,304,AP2A1,AP2A1,O95782,0.614226401,0.168327506,1.147792697,extracellular_vesicle,IMR90_fibroblast,E304,False
IR Exosome SASP,305,ITGA5,ITGA5,P08648,0.585390925,0.007111194,1.331344485,extracellular_vesicle,IMR90_fibroblast,E305,False
IR Exosome SASP,306,LDHAL6B,LDHAL6B,Q9BYZ2,0.597893655,0.09360028,1.121940494,extracellular_vesicle,IMR90_fibroblast,E306,False
IR Exosome SASP,307,CDCP1,CDCP1,Q9H5V8,0.59483552,0.107508585,1.79919529,extracellular_vesicle,IMR90_fibroblast,E307,False
IR Exosome SASP,308,HRNR,HRNR,Q86YZ3,0.592982411,0.212292795,3.195789814,extracellular_vesicle,IMR90_fibroblast,E308,False
IR Exosome SASP,309,SERPING1,SERPING1,P05155,0.592948616,0.20347726,2.085573196,extracellular_vesicle,IMR90_fibroblast,E309,False
IR Exosome SASP,310,YWHAG,YWHAG,P61981,-0.595410466,0.038308905,1.166585207,extracellular_vesicle,IMR90_fibroblast,E310,False
IR Exosome SASP,311,RAB1B,RAB1B,Q9H0U4,0.580660343,0.211482409,1.428994536,extracellular_vesicle,IMR90_fibroblast,E311,False
IR Exosome SASP,312,EGFR,EGFR,P00533,0.57930696,0.057981426,1.886613727,extracellular_vesicle,IMR90_fibroblast,E312,False
IR Exosome SASP,313,IGFBP4,IGFBP4,P22692,0.579119384,0.21654177,2.759270906,extracellular_vesicle,IMR90_fibroblast,E313,False
IR Exosome SASP,314,MYH10,MYH10,P35580,0.579007089,0.204073194,1.16821754,extracellular_vesicle,IMR90_fibroblast,E314,False
IR Exosome SASP,315,B2M,B2M,P61769,0.571516633,0.183150182,1.166665077,extracellular_vesicle,IMR90_fibroblast,E315,False
IR Exosome SASP,316,RPS4X,RPS4X,P62701,0.567632198,0.062389303,1.324023366,extracellular_vesicle,IMR90_fibroblast,E316,False
IR Exosome SASP,317,PSMC5,PSMC5,P62195,0.566862583,0.101689215,1.120315433,extracellular_vesicle,IMR90_fibroblast,E317,False
IR Exosome SASP,318,GSTO1,GSTO1,P78417,0.5654881,0.127273675,1.886950374,extracellular_vesicle,IMR90_fibroblast,E318,False
IR Exosome SASP,319,FSTL1,FSTL1,Q12841,0.559653044,0.082305615,1.467103124,extracellular_vesicle,IMR90_fibroblast,E319,False
IR Exosome SASP,320,RPL38,RPL38,P63173,0.55944097,0.148031637,1.428342104,extracellular_vesicle,IMR90_fibroblast,E320,False
IR Exosome SASP,321,RPS15A,RPS15A,P62244,0.554458439,0.107508585,0.709551215,extracellular_vesicle,IMR90_fibroblast,E321,False
IR Exosome SASP,322,PSMD10,PSMD10,O75832,0.551210642,0.183721058,1.129327059,extracellular_vesicle,IMR90_fibroblast,E322,False
IR Exosome SASP,323,ARPC1A,ARPC1A,Q92747,0.536986649,0.154043124,0.922181547,extracellular_vesicle,IMR90_fibroblast,E323,False
IR Exosome SASP,324,SERPINB6,SERPINB6,P35237,0.529993117,0.110343137,0.691408575,extracellular_vesicle,IMR90_fibroblast,E324,False
IR Exosome SASP,325,IMP4,IMP4,Q96G21,0.529707491,0.236142883,1.558526039,extracellular_vesicle,IMR90_fibroblast,E325,False
IR Exosome SASP,326,POTEF,POTEF,A5A3E0,0.528950334,0.217894357,1.931275964,extracellular_vesicle,IMR90_fibroblast,E326,False
IR Exosome SASP,327,SERPINC1,SERPINC1,P01008,0.526332259,0.183046768,2.373400927,extracellular_vesicle,IMR90_fibroblast,E327,False
IR Exosome SASP,328,LTF,LTF,P02788,0.525060356,0.183150182,1.63020885,extracellular_vesicle,IMR90_fibroblast,E328,False
IR Exosome SASP,329,P4HB,P4HB,P07237,0.518701136,0.005198412,1.908440709,extracellular_vesicle,IMR90_fibroblast,E329,False
IR Exosome SASP,330,ERP29,ERP29,P30040,0.517927706,0.144078586,1.295839548,extracellular_vesicle,IMR90_fibroblast,E330,False
IR Exosome SASP,331,LIG4,LIG4,P49917,0.517679334,0.228556011,1.437154412,extracellular_vesicle,IMR90_fibroblast,E331,False
IR Exosome SASP,332,NOP16,NOP16,Q9Y3C1,0.516859531,0.318894732,3.571744919,extracellular_vesicle,IMR90_fibroblast,E332,False
IR Exosome SASP,333,MRPL53,MRPL53,Q96EL3,0.51115942,0.221586446,1.350474477,extracellular_vesicle,IMR90_fibroblast,E333,False
IR Exosome SASP,334,PTCD3,PTCD3,Q96EY7,0.507104576,0.294244037,3.730576277,extracellular_vesicle,IMR90_fibroblast,E334,False
IR Exosome SASP,335,IGF2R,IGF2R,P11717,0.497208834,0.133975529,1.477723956,extracellular_vesicle,IMR90_fibroblast,E335,False
IR Exosome SASP,336,ALDH5A1,ALDH5A1,P51649,0.490616739,0.262006228,1.788938522,extracellular_vesicle,IMR90_fibroblast,E336,False
IR Exosome SASP,337,HLA-A,HLA-A,P01892,0.489520013,0.042151187,1.601982355,extracellular_vesicle,IMR90_fibroblast,E337,False
IR Exosome SASP,338,POLE3,POLE3,Q9NRF9,0.48308,0.249662924,1.586832166,extracellular_vesicle,IMR90_fibroblast,E338,False
IR Exosome SASP,339,ARPC2,ARPC2,O15144,0.477341264,0.13608294,1.677372575,extracellular_vesicle,IMR90_fibroblast,E339,False
IR Exosome SASP,340,IDE,IDE,P14735,0.462672204,0.246374556,1.476577878,extracellular_vesicle,IMR90_fibroblast,E340,False
IR Exosome SASP,341,RNF40,RNF40,O75150,0.46243453,0.217199328,1.183592677,extracellular_vesicle,IMR90_fibroblast,E341,False
IR Exosome SASP,342,CPB2,CPB2,Q96IY4,0.460257947,0.207473336,1.099555016,extracellular_vesicle,IMR90_fibroblast,E342,False
IR Exosome SASP,343,TCEB3,TCEB3,Q14241,0.4552508,0.306842417,2.658321142,extracellular_vesicle,IMR90_fibroblast,E343,False
IR Exosome SASP,344,GTPBP6,GTPBP6,O43824,0.450280219,0.324947163,3.37728548,extracellular_vesicle,IMR90_fibroblast,E344,False
IR Exosome SASP,345,RPL29,RPL29,P47914,0.444606304,0.237733555,1.978600025,extracellular_vesicle,IMR90_fibroblast,E345,False
IR Exosome SASP,346,SLC39A10,SLC39A10,Q9ULF5,0.441934079,0.249560804,1.445991278,extracellular_vesicle,IMR90_fibroblast,E346,False
IR Exosome SASP,347,MDH2,MDH2,P40926,0.440162182,0.106655505,1.91388309,extracellular_vesicle,IMR90_fibroblast,E347,False
IR Exosome SASP,348,ACTA2,ACTA2,P62736,0.43560949,0.130830329,1.005333304,extracellular_vesicle,IMR90_fibroblast,E348,False
IR Exosome SASP,349,EIF3I,EIF3I,Q13347,0.432983398,0.293982788,2.149407864,extracellular_vesicle,IMR90_fibroblast,E349,False
IR Exosome SASP,350,PSMB2,PSMB2,P49721,0.431417435,0.130893092,2.114558935,extracellular_vesicle,IMR90_fibroblast,E350,False
IR Exosome SASP,351,BRD4;BRD3,,O60885;Q15059,0.417941839,0.316591279,2.439927101,extracellular_vesicle,IMR90_fibroblast,E351,False
IR Exosome SASP,352,RFTN1,RFTN1,Q14699,0.417619616,0.107956409,1.266607165,extracellular_vesicle,IMR90_fibroblast,E352,False
IR Exosome SASP,353,CYFIP1,CYFIP1,Q7L576,0.417241246,0.229593071,1.756201148,extracellular_vesicle,IMR90_fibroblast,E353,False
IR Exosome SASP,354,COPB1,COPB1,P53618,0.414851516,0.185240035,1.62999928,extracellular_vesicle,IMR90_fibroblast,E354,False
IR Exosome SASP,355,PRKCSH,PRKCSH,P14314,0.412473112,0.101965959,1.213847995,extracellular_vesicle,IMR90_fibroblast,E355,False
IR Exosome SASP,356,SPTAN1,SPTAN1,Q13813,0.407134652,0.230374424,2.491150141,extracellular_vesicle,IMR90_fibroblast,E356,False
IR Exosome SASP,357,TPBG,TPBG,Q13641,0.405464411,0.088424708,1.491654754,extracellular_vesicle,IMR90_fibroblast,E357,False
IR Exosome SASP,358,SDCBP,SDCBP,O00560,0.397079021,0.017252825,1.443667293,extracellular_vesicle,IMR90_fibroblast,E358,False
IR Exosome SASP,359,C7,C7,P10643,0.394530416,0.30532684,2.257799625,extracellular_vesicle,IMR90_fibroblast,E359,False
IR Exosome SASP,360,BSG,BSG,P35613,0.392480969,0.074722021,1.608660579,extracellular_vesicle,IMR90_fibroblast,E360,False
IR Exosome SASP,361,FKBP9,FKBP9,O95302,0.392013341,0.149137264,0.651264668,extracellular_vesicle,IMR90_fibroblast,E361,False
IR Exosome SASP,362,GPI,GPI,P06744,0.388412029,0.03838353,1.560352921,extracellular_vesicle,IMR90_fibroblast,E362,False
IR Exosome SASP,363,SRXN1,SRXN1,Q9BYN0,0.383317828,0.289263408,1.79965198,extracellular_vesicle,IMR90_fibroblast,E363,False
IR Exosome SASP,364,TPM1,TPM1,P09493,0.382879555,0.102791457,0.999944031,extracellular_vesicle,IMR90_fibroblast,E364,False
IR Exosome SASP,365,LTBP4,LTBP4,Q8N2S1,0.381904632,0.236142883,1.122986794,extracellular_vesicle,IMR90_fibroblast,E365,False
IR Exosome SASP,366,RABL3,RABL3,Q5HYI8,0.378218502,0.307315688,2.222955942,extracellular_vesicle,IMR90_fibroblast,E366,False
IR Exosome SASP,367,CORO1B,CORO1B,Q9BR76,0.377329707,0.260824097,2.003041506,extracellular_vesicle,IMR90_fibroblast,E367,False
IR Exosome SASP,368,ITGB1,ITGB1,P05556,0.375195026,0.055775503,2.060575485,extracellular_vesicle,IMR90_fibroblast,E368,False
IR Exosome SASP,369,EEF1G,EEF1G,P26641,0.373212874,0.150775423,1.59566617,extracellular_vesicle,IMR90_fibroblast,E369,False
IR Exosome SASP,370,LAMA1,LAMA1,P25391,0.364813685,0.188202506,1.458167791,extracellular_vesicle,IMR90_fibroblast,E370,False
IR Exosome SASP,371,CHMP2A,CHMP2A,O43633,0.362877041,0.254519359,1.236048937,extracellular_vesicle,IMR90_fibroblast,E371,False
IR Exosome SASP,372,ROCK1,ROCK1,Q13464,0.358196408,0.32638079,2.783275366,extracellular_vesicle,IMR90_fibroblast,E372,False
IR Exosome SASP,373,GNAQ,GNAQ,P50148,0.358064443,0.263774797,1.323631287,extracellular_vesicle,IMR90_fibroblast,E373,False
IR Exosome SASP,374,MFAP4,MFAP4,P55083,0.356483489,0.246374556,2.105953217,extracellular_vesicle,IMR90_fibroblast,E374,False
IR Exosome SASP,375,MCAM,MCAM,P43121,0.351024032,0.18178212,0.70808965,extracellular_vesicle,IMR90_fibroblast,E375,False
IR Exosome SASP,376,COL15A1,COL15A1,P39059,0.343445122,0.143169755,1.802483559,extracellular_vesicle,IMR90_fibroblast,E376,False
IR Exosome SASP,377,HSP90AA1,HSP90AA1,P07900,0.340700001,0.097763118,1.741704464,extracellular_vesicle,IMR90_fibroblast,E377,False
IR Exosome SASP,378,STIM2,STIM2,Q9P246,0.332540572,0.308884464,2.009892464,extracellular_vesicle,IMR90_fibroblast,E378,False
IR Exosome SASP,379,TMED10,TMED10,P49755,0.332405448,0.163858549,1.157524109,extracellular_vesicle,IMR90_fibroblast,E379,False
IR Exosome SASP,380,CD44,CD44,P16070,0.33107689,0.10002866,1.392161131,extracellular_vesicle,IMR90_fibroblast,E380,False
IR Exosome SASP,381,BLMH,BLMH,Q13867,0.330754638,0.262006228,2.2195189,extracellular_vesicle,IMR90_fibroblast,E381,False
IR Exosome SASP,382,THG1L,THG1L,Q9NWX6,0.329487115,0.219813042,0.859690547,extracellular_vesicle,IMR90_fibroblast,E382,False
IR Exosome SASP,383,DDX20,DDX20,Q9UHI6,0.328397334,0.152161669,0.556632638,extracellular_vesicle,IMR90_fibroblast,E383,False
IR Exosome SASP,384,MYL1;MYL3,,P05976;P08590,0.325951278,0.163858549,0.796212614,extracellular_vesicle,IMR90_fibroblast,E384,False
IR Exosome SASP,385,RPL17,RPL17,P18621,0.32182011,0.295083426,1.625054359,extracellular_vesicle,IMR90_fibroblast,E385,False
IR Exosome SASP,386,UBR4,UBR4,Q5T4S7,0.320798934,0.32638079,2.528360128,extracellular_vesicle,IMR90_fibroblast,E386,False
IR Exosome SASP,387,YWHAQ,YWHAQ,P27348,0.315941215,0.239721238,1.772152781,extracellular_vesicle,IMR90_fibroblast,E387,False
IR Exosome SASP,388,A1BG,A1BG,P04217,0.310674429,0.318894732,2.151497602,extracellular_vesicle,IMR90_fibroblast,E388,False
IR Exosome SASP,389,APEH,APEH,P13798,0.309810728,0.153253845,1.192523241,extracellular_vesicle,IMR90_fibroblast,E389,False
IR Exosome SASP,390,CD81,CD81,P60033,0.307872057,0.120571167,1.335270405,extracellular_vesicle,IMR90_fibroblast,E390,False
IR Exosome SASP,391,PLOD3,PLOD3,O60568,0.303349793,0.216047791,1.676812291,extracellular_vesicle,IMR90_fibroblast,E391,False
IR Exosome SASP,392,CAD,CAD,P27708,0.300170243,0.191650116,1.758586645,extracellular_vesicle,IMR90_fibroblast,E392,False
IR Exosome SASP,393,IGFBP5,IGFBP5,P24593,0.29551366,0.292623105,2.135837317,extracellular_vesicle,IMR90_fibroblast,E393,False
IR Exosome SASP,394,GARS,GARS,P41250,0.289161533,0.154073736,1.122906804,extracellular_vesicle,IMR90_fibroblast,E394,False
IR Exosome SASP,395,CFL1,CFL1,P23528,0.288859218,0.150775423,1.575300813,extracellular_vesicle,IMR90_fibroblast,E395,False
IR Exosome SASP,396,CD59,CD59,P13987,0.28870216,0.143835194,1.521446228,extracellular_vesicle,IMR90_fibroblast,E396,False
IR Exosome SASP,397,RAN,RAN,P62826,0.288494587,0.2429256,1.92227447,extracellular_vesicle,IMR90_fibroblast,E397,False
IR Exosome SASP,398,NANS,NANS,Q9NR45,0.286368251,0.210130997,0.696863651,extracellular_vesicle,IMR90_fibroblast,E398,False
IR Exosome SASP,399,SIPA1L3,SIPA1L3,O60292,0.283409357,0.334840494,2.594715118,extracellular_vesicle,IMR90_fibroblast,E399,False
IR Exosome SASP,400,CTSB,CTSB,P07858,0.281519175,0.208303206,2.372363567,extracellular_vesicle,IMR90_fibroblast,E400,False
IR Exosome SASP,401,NRP1,NRP1,O14786,0.277848512,0.220470331,1.58093524,extracellular_vesicle,IMR90_fibroblast,E401,False
IR Exosome SASP,402,USP11,USP11,P51784,0.277239501,0.316257021,1.835098267,extracellular_vesicle,IMR90_fibroblast,E402,False
IR Exosome SASP,403,DDB1,DDB1,Q16531,0.276674211,0.210873041,1.475476027,extracellular_vesicle,IMR90_fibroblast,E403,False
IR Exosome SASP,404,PGD,PGD,P52209,0.275904626,0.172928246,1.012980342,extracellular_vesicle,IMR90_fibroblast,E404,False
IR Exosome SASP,405,RPL7A,RPL7A,P62424,0.274786502,0.249662924,1.937872887,extracellular_vesicle,IMR90_fibroblast,E405,False
IR Exosome SASP,406,CTNND1,CTNND1,O60716,0.272009373,0.13500568,1.366254687,extracellular_vesicle,IMR90_fibroblast,E406,False
IR Exosome SASP,407,P4HA2,P4HA2,O15460,0.271658361,0.249662924,0.891311228,extracellular_vesicle,IMR90_fibroblast,E407,False
IR Exosome SASP,408,RPSA,RPSA,P08865,0.270197213,0.13257509,1.155835032,extracellular_vesicle,IMR90_fibroblast,E408,False
IR Exosome SASP,409,RPS5,RPS5,P46782,0.268510878,0.257574323,1.727502823,extracellular_vesicle,IMR90_fibroblast,E409,False
IR Exosome SASP,410,FGFR1OP2,FGFR1OP2,Q9NVK5,0.265571088,0.322592768,1.929425597,extracellular_vesicle,IMR90_fibroblast,E410,False
IR Exosome SASP,411,ACTB;ACTG1,,P60709;P63261,0.255167603,0.042596032,1.499238253,extracellular_vesicle,IMR90_fibroblast,E411,False
IR Exosome SASP,412,HSP90B1,HSP90B1,P14625,0.253403485,0.152104053,1.854368091,extracellular_vesicle,IMR90_fibroblast,E412,False
IR Exosome SASP,413,PLBD2,PLBD2,Q8NHP8,0.252129316,0.315990285,1.660129786,extracellular_vesicle,IMR90_fibroblast,E413,False
IR Exosome SASP,414,LAP3,LAP3,P28838,0.251655608,0.32501923,3.442959785,extracellular_vesicle,IMR90_fibroblast,E414,False
IR Exosome SASP,415,EIF4A1,EIF4A1,P60842,0.247219712,0.125338197,1.319428802,extracellular_vesicle,IMR90_fibroblast,E415,False
IR Exosome SASP,416,CCT7,CCT7,Q99832,0.246177465,0.228829542,0.689217687,extracellular_vesicle,IMR90_fibroblast,E416,False
IR Exosome SASP,417,UBE2N;UBE2NL,,P61088;Q5JXB2,0.245526224,0.326042898,2.462157726,extracellular_vesicle,IMR90_fibroblast,E417,False
IR Exosome SASP,418,SMAD4,SMAD4,Q13485,0.243637681,0.286530879,1.09818542,extracellular_vesicle,IMR90_fibroblast,E418,False
IR Exosome SASP,419,SERPINH1,SERPINH1,P50454,0.242864698,0.154043124,1.665150523,extracellular_vesicle,IMR90_fibroblast,E419,False
IR Exosome SASP,420,SNX18,SNX18,Q96RF0,0.239824548,0.279948258,1.501392245,extracellular_vesicle,IMR90_fibroblast,E420,False
IR Exosome SASP,421,HSPA5,HSPA5,P11021,0.236179411,0.042593793,1.510459542,extracellular_vesicle,IMR90_fibroblast,E421,False
IR Exosome SASP,422,GLG1,GLG1,Q92896,0.23360306,0.250075877,1.654986382,extracellular_vesicle,IMR90_fibroblast,E422,False
IR Exosome SASP,423,PDIA4,PDIA4,P13667,0.230972841,0.211166421,2.076757908,extracellular_vesicle,IMR90_fibroblast,E423,False
IR Exosome SASP,424,MSN,MSN,P26038,0.226236179,0.063846541,1.574058533,extracellular_vesicle,IMR90_fibroblast,E424,False
IR Exosome SASP,425,EEF1D,EEF1D,P29692,0.223054171,0.284573666,1.461559057,extracellular_vesicle,IMR90_fibroblast,E425,False
IR Exosome SASP,426,DBN1,DBN1,Q16643,0.221703827,0.299969501,1.184476852,extracellular_vesicle,IMR90_fibroblast,E426,False
IR Exosome SASP,427,HEXB,HEXB,P07686,0.221662462,0.167653572,1.033284903,extracellular_vesicle,IMR90_fibroblast,E427,False
IR Exosome SASP,428,QPCT,QPCT,Q16769,0.215533733,0.348631192,2.624300718,extracellular_vesicle,IMR90_fibroblast,E428,False
IR Exosome SASP,429,PRAF2,PRAF2,O60831,0.214600921,0.28852311,0.996744156,extracellular_vesicle,IMR90_fibroblast,E429,False
IR Exosome SASP,430,GLUD1,GLUD1,P00367,0.212710425,0.199367976,1.609027624,extracellular_vesicle,IMR90_fibroblast,E430,False
IR Exosome SASP,431,ARL6IP5,ARL6IP5,O75915,0.207989827,0.18178212,0.639041841,extracellular_vesicle,IMR90_fibroblast,E431,False
IR Exosome SASP,432,RPL36,RPL36,Q9Y3U8,0.202803403,0.288089687,0.934047341,extracellular_vesicle,IMR90_fibroblast,E432,False
IR Exosome SASP,433,HSP90AB1,HSP90AB1,P08238,0.198880449,0.061577201,1.135630608,extracellular_vesicle,IMR90_fibroblast,E433,False
IR Exosome SASP,434,TUBB4B,TUBB4B,P68371,0.196526989,0.047345892,1.387027502,extracellular_vesicle,IMR90_fibroblast,E434,False
IR Exosome SASP,435,TLN1,TLN1,Q9Y490,0.195311397,0.083605628,1.45449996,extracellular_vesicle,IMR90_fibroblast,E435,False
IR Exosome SASP,436,COPA,COPA,P53621,0.193676516,0.191650116,1.620586991,extracellular_vesicle,IMR90_fibroblast,E436,False
IR Exosome SASP,437,EPHA2,EPHA2,P29317,0.187659398,0.261879706,1.563418865,extracellular_vesicle,IMR90_fibroblast,E437,False
IR Exosome SASP,438,ADAM10,ADAM10,O14672,0.186180592,0.295083426,1.713486433,extracellular_vesicle,IMR90_fibroblast,E438,False
IR Exosome SASP,439,VCP,VCP,P55072,0.184099942,0.176479378,1.471904755,extracellular_vesicle,IMR90_fibroblast,E439,False
IR Exosome SASP,440,RAB5C,RAB5C,P51148,0.183461189,0.286648042,1.893159389,extracellular_vesicle,IMR90_fibroblast,E440,False
IR Exosome SASP,441,ACO1,ACO1,P21399,0.181837171,0.18178212,1.006144762,extracellular_vesicle,IMR90_fibroblast,E441,False
IR Exosome SASP,442,PLXNB2,PLXNB2,O15031,0.178606912,0.274175678,1.54057169,extracellular_vesicle,IMR90_fibroblast,E442,False
IR Exosome SASP,443,GAPDH,GAPDH,P04406,0.17223309,0.131834564,1.671282887,extracellular_vesicle,IMR90_fibroblast,E443,False
IR Exosome SASP,444,ACTR3,ACTR3,P61158,0.17104046,0.188659882,1.144089937,extracellular_vesicle,IMR90_fibroblast,E444,False
IR Exosome SASP,445,MCCC2,MCCC2,Q9HCC0,0.169574305,0.311199298,1.052397251,extracellular_vesicle,IMR90_fibroblast,E445,False
IR Exosome SASP,446,LOXL2,LOXL2,Q9Y4K0,0.166964799,0.296138148,2.224823236,extracellular_vesicle,IMR90_fibroblast,E446,False
IR Exosome SASP,447,PEPD,PEPD,P12955,0.166480482,0.32638079,1.311901569,extracellular_vesicle,IMR90_fibroblast,E447,False
IR Exosome SASP,448,NME2,NME2,P22392,0.164442509,0.264447642,1.740566492,extracellular_vesicle,IMR90_fibroblast,E448,False
IR Exosome SASP,449,SUMO3;SUMO2;SUMO4,,P55854;P61956;Q6EEV6,0.162617594,0.354486158,1.987033963,extracellular_vesicle,IMR90_fibroblast,E449,False
IR Exosome SASP,450,LCP1,LCP1,P13796,0.159411609,0.334840494,2.151712656,extracellular_vesicle,IMR90_fibroblast,E450,False
IR Exosome SASP,451,CPSF2,CPSF2,Q9P2I0,0.154276773,0.34533795,1.732245326,extracellular_vesicle,IMR90_fibroblast,E451,False
IR Exosome SASP,452,IGFBP3,IGFBP3,P17936,0.152570099,0.306612566,1.612573266,extracellular_vesicle,IMR90_fibroblast,E452,False
IR Exosome SASP,453,HLA-C,HLA-C,P30499,0.151970372,0.308208765,0.790301502,extracellular_vesicle,IMR90_fibroblast,E453,False
IR Exosome SASP,454,ARF1,ARF1,P84077,0.150695369,0.292476875,1.752862692,extracellular_vesicle,IMR90_fibroblast,E454,False
IR Exosome SASP,455,ILK,ILK,Q13418,0.150156647,0.296714571,1.413878679,extracellular_vesicle,IMR90_fibroblast,E455,False
IR Exosome SASP,456,PSAP,PSAP,P07602,0.14481537,0.290695029,1.269422293,extracellular_vesicle,IMR90_fibroblast,E456,False
IR Exosome SASP,457,AHSG,AHSG,P02765,0.144258305,0.302112951,1.166628003,extracellular_vesicle,IMR90_fibroblast,E457,False
IR Exosome SASP,458,CDH13,CDH13,P55290,0.142248511,0.308708148,1.552372575,extracellular_vesicle,IMR90_fibroblast,E458,False
IR Exosome SASP,459,URB1,URB1,O60287,0.139105514,0.28852311,0.648411632,extracellular_vesicle,IMR90_fibroblast,E459,False
IR Exosome SASP,460,DARS,DARS,P14868,0.132284358,0.312565921,1.22851336,extracellular_vesicle,IMR90_fibroblast,E460,False
IR Exosome SASP,461,PDCD6IP,PDCD6IP,Q8WUM4,0.130537793,0.197466423,1.636439204,extracellular_vesicle,IMR90_fibroblast,E461,False
IR Exosome SASP,462,DOCK7,DOCK7,Q96N67,0.1302412,0.358364995,3.193153381,extracellular_vesicle,IMR90_fibroblast,E462,False
IR Exosome SASP,463,TXNDC5,TXNDC5,Q8NBS9,0.127226293,0.290410728,1.709244967,extracellular_vesicle,IMR90_fibroblast,E463,False
IR Exosome SASP,464,CAMK2D,CAMK2D,Q13557,0.124773391,0.308884464,1.045908928,extracellular_vesicle,IMR90_fibroblast,E464,False
IR Exosome SASP,465,CAT,CAT,P04040,0.12284635,0.330236608,1.529071808,extracellular_vesicle,IMR90_fibroblast,E465,False
IR Exosome SASP,466,PDCD6,PDCD6,O75340,0.118596531,0.288089687,1.158333421,extracellular_vesicle,IMR90_fibroblast,E466,False
IR Exosome SASP,467,ATP2B4,ATP2B4,P23634,0.118273698,0.282926007,1.585726261,extracellular_vesicle,IMR90_fibroblast,E467,False
IR Exosome SASP,468,SPARC,SPARC,P09486,0.107364498,0.271567416,1.577788591,extracellular_vesicle,IMR90_fibroblast,E468,False
IR Exosome SASP,469,F5,F5,P12259,0.103893518,0.333954896,0.935787141,extracellular_vesicle,IMR90_fibroblast,E469,False
IR Exosome SASP,470,FLNC,FLNC,Q14315,0.10224735,0.235981411,1.643231273,extracellular_vesicle,IMR90_fibroblast,E470,False
IR Exosome SASP,471,ZCCHC8,ZCCHC8,Q6NZY4,0.100637026,0.368562924,3.730282784,extracellular_vesicle,IMR90_fibroblast,E471,False
IR Exosome SASP,472,MMAA,MMAA,Q8IVH4,0.099966809,0.358113178,1.618181944,extracellular_vesicle,IMR90_fibroblast,E472,False
IR Exosome SASP,473,TUBB2A;TUBB2B,,Q13885;Q9BVA1,0.098297097,0.349034558,1.955008507,extracellular_vesicle,IMR90_fibroblast,E473,False
IR Exosome SASP,474,CCT4,CCT4,P50991,0.098282471,0.299969501,0.527218938,extracellular_vesicle,IMR90_fibroblast,E474,False
IR Exosome SASP,475,C3,C3,P01024,0.097613648,0.343958874,2.504474878,extracellular_vesicle,IMR90_fibroblast,E475,False
IR Exosome SASP,476,PAFAH1B2,PAFAH1B2,P68402,0.094224431,0.367287608,2.178128958,extracellular_vesicle,IMR90_fibroblast,E476,False
IR Exosome SASP,477,MYH14,MYH14,Q7Z406,0.08375632,0.334840494,1.401182175,extracellular_vesicle,IMR90_fibroblast,E477,False
IR Exosome SASP,478,RALA,RALA,P11233,0.078994133,0.339222948,1.747553706,extracellular_vesicle,IMR90_fibroblast,E478,False
IR Exosome SASP,479,PSMC1,PSMC1,P62191,0.07340727,0.358322115,1.785331249,extracellular_vesicle,IMR90_fibroblast,E479,False
IR Exosome SASP,480,IGLL5;IGLC6;IGLC1;IGLC2;IGLC3,,B9A064;P0CF74;P0CG04;P0CG05;P0CG06,0.073362067,0.370760887,1.855638623,extracellular_vesicle,IMR90_fibroblast,E480,False
IR Exosome SASP,481,VPS28,VPS28,Q9UK41,0.072651818,0.332636816,0.64056313,extracellular_vesicle,IMR90_fibroblast,E481,False
IR Exosome SASP,482,ACOT7,ACOT7,O00154,0.069210202,0.358143674,1.652943254,extracellular_vesicle,IMR90_fibroblast,E482,False
IR Exosome SASP,483,GNA11,GNA11,P29992,0.068497755,0.356672221,1.896164417,extracellular_vesicle,IMR90_fibroblast,E483,False
IR Exosome SASP,484,NUP85,NUP85,Q9BW27,0.059325036,0.369123076,1.562947273,extracellular_vesicle,IMR90_fibroblast,E484,False
IR Exosome SASP,485,EIF5A;EIF5AL1;EIF5A2,,P63241;Q6IS14;Q9GZV4,0.055786781,0.356527937,1.088599682,extracellular_vesicle,IMR90_fibroblast,E485,False
IR Exosome SASP,486,LAMP2,LAMP2,P13473,0.049434613,0.369527616,1.960162044,extracellular_vesicle,IMR90_fibroblast,E486,False
IR Exosome SASP,487,LGALS1,LGALS1,P09382,0.045848671,0.34452833,1.696035385,extracellular_vesicle,IMR90_fibroblast,E487,False
IR Exosome SASP,488,STMN1;STMN2;STMN4,,P16949;Q93045;Q9H169,0.042984918,0.36818114,0.92642045,extracellular_vesicle,IMR90_fibroblast,E488,False
IR Exosome SASP,489,ALDOC,ALDOC,P09972,0.040388085,0.358322115,1.726318002,extracellular_vesicle,IMR90_fibroblast,E489,False
IR Exosome SASP,490,C14orf166,C14orf166,Q9Y224,0.036422815,0.377312934,1.766666174,extracellular_vesicle,IMR90_fibroblast,E490,False
IR Exosome SASP,491,CA1,CA1,P00915,0.032937407,0.376534858,1.442278266,extracellular_vesicle,IMR90_fibroblast,E491,False
IR Exosome SASP,492,CNBP,CNBP,P62633,0.030715594,0.376830595,1.399291158,extracellular_vesicle,IMR90_fibroblast,E492,False
IR Exosome SASP,493,SERPINA7,SERPINA7,P05543,0.026271453,0.378630998,1.716365933,extracellular_vesicle,IMR90_fibroblast,E493,False
IR Exosome SASP,494,SPRR2E;SPRR2D;SPRR2B;SPRR2A;SPRR2G,,P22531;P22532;P35325;P35326;Q9BYE4,0.024680331,0.382029493,3.204040527,extracellular_vesicle,IMR90_fibroblast,E494,False
IR Exosome SASP,495,RALB,RALB,P11234,0.021150768,0.362044176,0.404838383,extracellular_vesicle,IMR90_fibroblast,E495,False
IR Exosome SASP,496,GCN1L1,GCN1L1,Q92616,0.020667912,0.378630998,2.300517321,extracellular_vesicle,IMR90_fibroblast,E496,False
IR Exosome SASP,497,CLTA,CLTA,P09496,0.020087367,0.378104528,1.572272658,extracellular_vesicle,IMR90_fibroblast,E497,False
IR Exosome SASP,498,TALDO1,TALDO1,P37837,0.016955398,0.377312934,1.219749331,extracellular_vesicle,IMR90_fibroblast,E498,False
IR Exosome SASP,499,PLOD2,PLOD2,O00469,0.015544372,0.378114405,2.005816936,extracellular_vesicle,IMR90_fibroblast,E499,False
IR Exosome SASP,500,PSMD7,PSMD7,P51665,0.011067322,0.378630998,1.311888814,extracellular_vesicle,IMR90_fibroblast,E500,False
IR Exosome SASP,501,CANX,CANX,P27824,0.009535873,0.380523472,2.411667109,extracellular_vesicle,IMR90_fibroblast,E501,False
IR Exosome SASP,502,TBCA,TBCA,O75347,0.002504008,0.383872272,0.622283101,extracellular_vesicle,IMR90_fibroblast,E502,False
IR Exosome SASP,503,UBE2D3;UBE2D2,,P61077;P62837,0.001813851,0.382029493,0.192405403,extracellular_vesicle,IMR90_fibroblast,E503,False
IR Exosome SASP,505,PLEC,PLEC,Q15149,-0.002432583,0.383872272,2.070804358,extracellular_vesicle,IMR90_fibroblast,E505,False
IR Exosome SASP,506,PSAT1,PSAT1,Q9Y617,-0.004524348,0.382029493,1.428992629,extracellular_vesicle,IMR90_fibroblast,E506,False
IR Exosome SASP,507,TCP1,TCP1,P17987,-0.008070452,0.380523472,1.272120714,extracellular_vesicle,IMR90_fibroblast,E507,False
IR Exosome SASP,508,MRC2,MRC2,Q9UBG0,-0.008488831,0.380433859,1.656630158,extracellular_vesicle,IMR90_fibroblast,E508,False
IR Exosome SASP,509,CD276,CD276,Q5ZPR3,-0.013938509,0.378630998,1.330178738,extracellular_vesicle,IMR90_fibroblast,E509,False
IR Exosome SASP,510,LDHB,LDHB,P07195,-0.017755324,0.368562924,1.169607878,extracellular_vesicle,IMR90_fibroblast,E510,False
IR Exosome SASP,511,SERPINB12,SERPINB12,Q96P63,-0.017818859,0.375307987,0.673853755,extracellular_vesicle,IMR90_fibroblast,E511,False
IR Exosome SASP,512,MDH1,MDH1,P40925,-0.017917858,0.376534858,1.143589973,extracellular_vesicle,IMR90_fibroblast,E512,False
IR Exosome SASP,513,PRKAR1A,PRKAR1A,P10644,-0.024140486,0.375307987,1.329636693,extracellular_vesicle,IMR90_fibroblast,E513,False
IR Exosome SASP,514,FLG2,FLG2,Q5D862,-0.029594608,0.376534858,2.644511461,extracellular_vesicle,IMR90_fibroblast,E514,False
IR Exosome SASP,515,SERBP1,SERBP1,Q8NC51,-0.039221123,0.378627544,2.303936958,extracellular_vesicle,IMR90_fibroblast,E515,False
IR Exosome SASP,516,43719,43719,Q9NVA2,-0.045171086,0.358653429,1.389927745,extracellular_vesicle,IMR90_fibroblast,E516,False
IR Exosome SASP,517,CACNA2D1,CACNA2D1,P54289,-0.045224547,0.356527937,1.227988958,extracellular_vesicle,IMR90_fibroblast,E517,False
IR Exosome SASP,518,RPLP1,RPLP1,P05386,-0.045461569,0.359493494,1.450790286,extracellular_vesicle,IMR90_fibroblast,E518,False
IR Exosome SASP,519,ENG,ENG,P17813,-0.046147354,0.359366304,1.457002878,extracellular_vesicle,IMR90_fibroblast,E519,False
IR Exosome SASP,520,RPS16,RPS16,P62249,-0.046567399,0.35802656,2.089811563,extracellular_vesicle,IMR90_fibroblast,E520,False
IR Exosome SASP,521,CPNE3,CPNE3,O75131,-0.052555524,0.35007497,1.36037457,extracellular_vesicle,IMR90_fibroblast,E521,False
IR Exosome SASP,522,S100A11,S100A11,P31949,-0.055133857,0.347333927,1.681596279,extracellular_vesicle,IMR90_fibroblast,E522,False
IR Exosome SASP,523,CSTF2;CSTF2T,,P33240;Q9H0L4,-0.055606417,0.356672221,0.747722864,extracellular_vesicle,IMR90_fibroblast,E523,False
IR Exosome SASP,524,ATP1B3,ATP1B3,P54709,-0.056067552,0.352073327,0.740565896,extracellular_vesicle,IMR90_fibroblast,E524,False
IR Exosome SASP,525,MARCKSL1,MARCKSL1,P49006,-0.059633758,0.367745183,1.417661071,extracellular_vesicle,IMR90_fibroblast,E525,False
IR Exosome SASP,526,HIST1H2AG;HIST1H2AD;HIST2H2AC;HIST2H2AA3;HIST1H2AH;HIST1H2AJ;H2AFJ,,P0C0S8;P20671;Q16777;Q6FI13;Q96KK5;Q99878;Q9BTM1,-0.059911706,0.356895239,1.498876333,extracellular_vesicle,IMR90_fibroblast,E526,False
IR Exosome SASP,527,SEC23A,SEC23A,Q15436,-0.061333422,0.375634875,2.404115915,extracellular_vesicle,IMR90_fibroblast,E527,False
IR Exosome SASP,528,PFN1,PFN1,P07737,-0.064184278,0.327109908,1.645168424,extracellular_vesicle,IMR90_fibroblast,E528,False
IR Exosome SASP,529,KATNAL2,KATNAL2,Q8IYT4,-0.067563757,0.365413154,1.452237368,extracellular_vesicle,IMR90_fibroblast,E529,False
IR Exosome SASP,530,RPL4,RPL4,P36578,-0.068160444,0.329592627,1.196705818,extracellular_vesicle,IMR90_fibroblast,E530,False
IR Exosome SASP,531,RPS25,RPS25,P62851,-0.068501025,0.326042898,0.959066331,extracellular_vesicle,IMR90_fibroblast,E531,False
IR Exosome SASP,532,B4GALT1,B4GALT1,P15291,-0.077938065,0.356672221,1.193503261,extracellular_vesicle,IMR90_fibroblast,E532,False
IR Exosome SASP,533,TUBA4A,TUBA4A,P68366,-0.081065945,0.330236608,1.781919718,extracellular_vesicle,IMR90_fibroblast,E533,False
IR Exosome SASP,534,RPS10,RPS10,P46783,-0.083393529,0.362044176,1.602099061,extracellular_vesicle,IMR90_fibroblast,E534,False
IR Exosome SASP,535,TUBB3,TUBB3,Q13509,-0.083943687,0.32638079,1.556424379,extracellular_vesicle,IMR90_fibroblast,E535,False
IR Exosome SASP,536,GNB2L1,GNB2L1,P63244,-0.084915161,0.302206177,1.411608815,extracellular_vesicle,IMR90_fibroblast,E536,False
IR Exosome SASP,537,HLA-B,HLA-B,P30466;P30479,-0.08901386,0.34607736,1.647686958,extracellular_vesicle,IMR90_fibroblast,E537,False
IR Exosome SASP,538,PKM,PKM,P14618,-0.095226616,0.18625617,1.416049242,extracellular_vesicle,IMR90_fibroblast,E538,False
IR Exosome SASP,539,TKT,TKT,P29401,-0.098901667,0.302666474,1.851902008,extracellular_vesicle,IMR90_fibroblast,E539,False
IR Exosome SASP,540,ITGB5,ITGB5,P18084,-0.100291714,0.311199298,1.616765618,extracellular_vesicle,IMR90_fibroblast,E540,False
IR Exosome SASP,541,CCT2,CCT2,P78371,-0.10282816,0.32638079,1.469204187,extracellular_vesicle,IMR90_fibroblast,E541,False
IR Exosome SASP,542,SCARB1,SCARB1,Q8WTV0,-0.107453287,0.33635356,1.015736699,extracellular_vesicle,IMR90_fibroblast,E542,False
IR Exosome SASP,543,ACTBL2,ACTBL2,Q562R1,-0.107780926,0.284573666,1.448129535,extracellular_vesicle,IMR90_fibroblast,E543,False
IR Exosome SASP,544,ARIH1,ARIH1,Q9Y4X5,-0.111359425,0.314420356,1.055473804,extracellular_vesicle,IMR90_fibroblast,E544,False
IR Exosome SASP,545,ALCAM,ALCAM,Q13740,-0.111942351,0.299969501,1.696568489,extracellular_vesicle,IMR90_fibroblast,E545,False
IR Exosome SASP,546,43710,43710,Q15019,-0.113984421,0.299969501,1.116838694,extracellular_vesicle,IMR90_fibroblast,E546,False
IR Exosome SASP,547,MED11,MED11,Q9P086,-0.114649028,0.373372681,3.78976965,extracellular_vesicle,IMR90_fibroblast,E547,False
IR Exosome SASP,548,ASNS,ASNS,P08243,-0.116670884,0.355742092,1.691336036,extracellular_vesicle,IMR90_fibroblast,E548,False
IR Exosome SASP,549,SRPR,SRPR,P08240,-0.117928676,0.345743095,1.339449406,extracellular_vesicle,IMR90_fibroblast,E549,False
IR Exosome SASP,550,ALB,ALB,P02768,-0.119648695,0.28852311,1.883482456,extracellular_vesicle,IMR90_fibroblast,E550,False
IR Exosome SASP,551,ITGAV,ITGAV,P06756,-0.12046627,0.200113805,1.301340222,extracellular_vesicle,IMR90_fibroblast,E551,False
IR Exosome SASP,552,RAB21,RAB21,Q9UL25,-0.123286478,0.31835588,1.237172365,extracellular_vesicle,IMR90_fibroblast,E552,False
IR Exosome SASP,553,HSPA8,HSPA8,P11142,-0.123991847,0.208999286,1.667050481,extracellular_vesicle,IMR90_fibroblast,E553,False
IR Exosome SASP,554,HSPA4,HSPA4,P34932,-0.132310078,0.316591279,1.610180378,extracellular_vesicle,IMR90_fibroblast,E554,False
IR Exosome SASP,555,TRIM4,TRIM4,Q9C037,-0.133798942,0.348631192,1.629882336,extracellular_vesicle,IMR90_fibroblast,E555,False
IR Exosome SASP,556,RRAS,RRAS,P10301,-0.137467116,0.260824097,1.298120975,extracellular_vesicle,IMR90_fibroblast,E556,False
IR Exosome SASP,557,VAMP2;VAMP3,,P63027;Q15836,-0.141298562,0.316591279,0.823195696,extracellular_vesicle,IMR90_fibroblast,E557,False
IR Exosome SASP,558,MPZL1,MPZL1,O95297,-0.14239113,0.327109908,1.68238616,extracellular_vesicle,IMR90_fibroblast,E558,False
IR Exosome SASP,559,SEMG2,SEMG2,Q02383,-0.142463669,0.326956808,1.137758851,extracellular_vesicle,IMR90_fibroblast,E559,False
IR Exosome SASP,560,XP32,XP32,Q5T750,-0.149306118,0.355742092,2.159543514,extracellular_vesicle,IMR90_fibroblast,E560,False
IR Exosome SASP,561,DYNLL1;DYNLL2,,P63167;Q96FJ2,-0.158041582,0.325073192,1.044485211,extracellular_vesicle,IMR90_fibroblast,E561,False
IR Exosome SASP,562,SLC7A5,SLC7A5,Q01650,-0.160783723,0.306842417,1.709671974,extracellular_vesicle,IMR90_fibroblast,E562,False
IR Exosome SASP,563,CAPN2,CAPN2,P17655,-0.161880851,0.254735041,1.330736279,extracellular_vesicle,IMR90_fibroblast,E563,False
IR Exosome SASP,564,EHD2,EHD2,Q9NZN4,-0.165454417,0.21468544,1.593356133,extracellular_vesicle,IMR90_fibroblast,E564,False
IR Exosome SASP,565,ERP44,ERP44,Q9BS26,-0.167217001,0.177162053,0.626284122,extracellular_vesicle,IMR90_fibroblast,E565,False
IR Exosome SASP,566,SRI,SRI,P30626,-0.167498425,0.261879706,1.600650191,extracellular_vesicle,IMR90_fibroblast,E566,False
IR Exosome SASP,567,TMSB4X,TMSB4X,P62328,-0.167571589,0.296714571,1.832515597,extracellular_vesicle,IMR90_fibroblast,E567,False
IR Exosome SASP,568,HTRA1,HTRA1,Q92743,-0.170562968,0.32638079,1.329803467,extracellular_vesicle,IMR90_fibroblast,E568,False
IR Exosome SASP,569,CLEC11A,CLEC11A,Q9Y240,-0.171019554,0.356527937,3.719536066,extracellular_vesicle,IMR90_fibroblast,E569,False
IR Exosome SASP,570,COTL1,COTL1,Q14019,-0.177265927,0.296376021,1.658532977,extracellular_vesicle,IMR90_fibroblast,E570,False
IR Exosome SASP,571,TUBA1A,TUBA1A,Q71U36,-0.179122001,0.126051471,1.678191781,extracellular_vesicle,IMR90_fibroblast,E571,False
IR Exosome SASP,572,PNO1,PNO1,Q9NRX1,-0.180869043,0.367745183,4.335969925,extracellular_vesicle,IMR90_fibroblast,E572,False
IR Exosome SASP,573,SLC3A2,SLC3A2,P08195,-0.181359664,0.186935787,1.598907113,extracellular_vesicle,IMR90_fibroblast,E573,False
IR Exosome SASP,574,COMT,COMT,P21964,-0.184016585,0.207917815,0.441330373,extracellular_vesicle,IMR90_fibroblast,E574,False
IR Exosome SASP,575,CORO1C,CORO1C,Q9ULV4,-0.185857892,0.257312842,1.384336948,extracellular_vesicle,IMR90_fibroblast,E575,False
IR Exosome SASP,576,RAB1A,RAB1A,P62820,-0.186512128,0.282926007,1.938407898,extracellular_vesicle,IMR90_fibroblast,E576,False
IR Exosome SASP,577,METTL15;METTL15P1,,A6NJ78;P0C7V9,-0.186546937,0.339222948,1.641505599,extracellular_vesicle,IMR90_fibroblast,E577,False
IR Exosome SASP,578,NUTF2,NUTF2,P61970,-0.187551349,0.338230138,1.831479192,extracellular_vesicle,IMR90_fibroblast,E578,False
IR Exosome SASP,579,FLNB,FLNB,O75369,-0.187689543,0.303341526,2.489352226,extracellular_vesicle,IMR90_fibroblast,E579,False
IR Exosome SASP,580,RPL10,RPL10,P27635,-0.193505406,0.304966654,2.00298214,extracellular_vesicle,IMR90_fibroblast,E580,False
IR Exosome SASP,581,SNAP23,SNAP23,O00161,-0.194019839,0.302037,1.063115716,extracellular_vesicle,IMR90_fibroblast,E581,False
IR Exosome SASP,582,SPATA5L1,SPATA5L1,Q9BVQ7,-0.197795391,0.308884464,1.192096829,extracellular_vesicle,IMR90_fibroblast,E582,False
IR Exosome SASP,583,RPS18,RPS18,P62269,-0.203323871,0.228829542,1.514598966,extracellular_vesicle,IMR90_fibroblast,E583,False
IR Exosome SASP,584,FLOT2,FLOT2,Q14254,-0.206033006,0.290582626,1.794865012,extracellular_vesicle,IMR90_fibroblast,E584,False
IR Exosome SASP,585,CDH17,CDH17,Q12864,-0.206628531,0.132539257,0.309894979,extracellular_vesicle,IMR90_fibroblast,E585,False
IR Exosome SASP,586,HNRNPCL2;HNRNPCL3;HNRNPCL1;HNRNPC;HNRNPCL4,,B2RXH8;B7ZW38;O60812;P07910;P0DMR1,-0.20932734,0.339222948,1.840287089,extracellular_vesicle,IMR90_fibroblast,E586,False
IR Exosome SASP,587,PDIA6,PDIA6,Q15084,-0.212432116,0.217373273,1.58175385,extracellular_vesicle,IMR90_fibroblast,E587,False
IR Exosome SASP,588,TF,TF,P02787,-0.212463632,0.311748002,1.328696489,extracellular_vesicle,IMR90_fibroblast,E588,False
IR Exosome SASP,589,CTSC,CTSC,P53634,-0.214101315,0.228829542,1.45437479,extracellular_vesicle,IMR90_fibroblast,E589,False
IR Exosome SASP,590,CLIC1,CLIC1,O00299,-0.218714833,0.214035013,1.467844009,extracellular_vesicle,IMR90_fibroblast,E590,False
IR Exosome SASP,591,FLNA,FLNA,P21333,-0.218805596,0.010954387,1.554889679,extracellular_vesicle,IMR90_fibroblast,E591,False
IR Exosome SASP,592,CFAP36,CFAP36,Q96G28,-0.219194114,0.263409898,0.807378232,extracellular_vesicle,IMR90_fibroblast,E592,False
IR Exosome SASP,593,RAB13,RAB13,P51153,-0.22534886,0.338230138,2.206165314,extracellular_vesicle,IMR90_fibroblast,E593,False
IR Exosome SASP,594,CPNE1,CPNE1,Q99829,-0.228529185,0.236244555,1.793183088,extracellular_vesicle,IMR90_fibroblast,E594,False
IR Exosome SASP,595,RAB3B;RAB3C,,P20337;Q96E17,-0.229331553,0.294244037,0.998057723,extracellular_vesicle,IMR90_fibroblast,E595,False
IR Exosome SASP,596,SMG8,SMG8,Q8ND04,-0.229641795,0.130766458,0.338045359,extracellular_vesicle,IMR90_fibroblast,E596,False
IR Exosome SASP,597,CLINT1,CLINT1,Q14677,-0.230419025,0.326042898,1.768805385,extracellular_vesicle,IMR90_fibroblast,E597,False
IR Exosome SASP,598,SEPT7;SEPT14,,Q16181;Q6ZU15,-0.236661717,0.225636344,0.555765927,extracellular_vesicle,IMR90_fibroblast,E598,False
IR Exosome SASP,599,TUBB6,TUBB6,Q9BUF5,-0.239394471,0.18178212,1.888958812,extracellular_vesicle,IMR90_fibroblast,E599,False
IR Exosome SASP,600,TM9SF2,TM9SF2,Q99805,-0.243887842,0.247769015,1.169610143,extracellular_vesicle,IMR90_fibroblast,E600,False
IR Exosome SASP,601,TSC1,TSC1,Q92574,-0.245119557,0.299969501,1.310800195,extracellular_vesicle,IMR90_fibroblast,E601,False
IR Exosome SASP,602,YWHAZ,YWHAZ,P63104,-0.254809439,0.138440643,1.384109974,extracellular_vesicle,IMR90_fibroblast,E602,False
IR Exosome SASP,603,PSMC2,PSMC2,P35998,-0.264693141,0.290695029,2.316040754,extracellular_vesicle,IMR90_fibroblast,E603,False
IR Exosome SASP,604,GNAZ,GNAZ,P19086,-0.264761418,0.287644173,1.207018375,extracellular_vesicle,IMR90_fibroblast,E604,False
IR Exosome SASP,605,PGK1,PGK1,P00558,-0.265746236,0.057635983,1.578248858,extracellular_vesicle,IMR90_fibroblast,E605,False
IR Exosome SASP,606,PWP2,PWP2,Q15269,-0.26583463,0.295083426,1.343568563,extracellular_vesicle,IMR90_fibroblast,E606,False
IR Exosome SASP,607,EDIL3,EDIL3,O43854,-0.267042816,0.099834159,0.875018716,extracellular_vesicle,IMR90_fibroblast,E607,False
IR Exosome SASP,608,KRT13,KRT13,P13646,-0.268212825,0.290779736,2.591490746,extracellular_vesicle,IMR90_fibroblast,E608,False
IR Exosome SASP,609,DDX5,DDX5,P17844,-0.270598054,0.330236608,2.290210962,extracellular_vesicle,IMR90_fibroblast,E609,False
IR Exosome SASP,610,RPS6,RPS6,P62753,-0.273164064,0.248318538,1.899366856,extracellular_vesicle,IMR90_fibroblast,E610,False
IR Exosome SASP,611,PSMC6,PSMC6,P62333,-0.273762107,0.16221624,1.103608251,extracellular_vesicle,IMR90_fibroblast,E611,False
IR Exosome SASP,612,PLSCR3,PLSCR3,Q9NRY6,-0.274686754,0.28852311,1.278769374,extracellular_vesicle,IMR90_fibroblast,E612,False
IR Exosome SASP,613,AHNAK,AHNAK,Q09666,-0.27517274,0.004368874,1.540996909,extracellular_vesicle,IMR90_fibroblast,E613,False
IR Exosome SASP,614,TUBGCP3,TUBGCP3,Q96CW5,-0.276565671,0.307337291,2.396613836,extracellular_vesicle,IMR90_fibroblast,E614,False
IR Exosome SASP,615,FSCN1,FSCN1,Q16658,-0.280188173,0.082860469,0.832156241,extracellular_vesicle,IMR90_fibroblast,E615,False
IR Exosome SASP,616,MRPL4,MRPL4,Q9BYD3,-0.282135069,0.246351982,0.897270381,extracellular_vesicle,IMR90_fibroblast,E616,False
IR Exosome SASP,617,TFRC,TFRC,P02786,-0.282283843,0.261879706,1.886310339,extracellular_vesicle,IMR90_fibroblast,E617,False
IR Exosome SASP,618,EEF2,EEF2,P13639,-0.282505751,0.051978293,1.470248342,extracellular_vesicle,IMR90_fibroblast,E618,False
IR Exosome SASP,619,TUBB4A,TUBB4A,P04350,-0.285881251,0.271325782,1.119440079,extracellular_vesicle,IMR90_fibroblast,E619,False
IR Exosome SASP,620,MYL9,MYL9,P24844,-0.291746259,0.288089687,1.337487578,extracellular_vesicle,IMR90_fibroblast,E620,False
IR Exosome SASP,621,ACTR1B;ACTR1A,,P42025;P61163,-0.292134494,0.259038473,0.895142496,extracellular_vesicle,IMR90_fibroblast,E621,False
IR Exosome SASP,622,CCT6B,CCT6B,Q92526,-0.297149241,0.266038762,1.116735339,extracellular_vesicle,IMR90_fibroblast,E622,False
IR Exosome SASP,623,RPL27A,RPL27A,P46776,-0.298254609,0.245684775,1.403305292,extracellular_vesicle,IMR90_fibroblast,E623,False
IR Exosome SASP,624,ACTC1,ACTC1,P68032,-0.298697561,0.026765807,1.772896409,extracellular_vesicle,IMR90_fibroblast,E624,False
IR Exosome SASP,625,SERPINB1,SERPINB1,P30740,-0.305841029,0.243394122,0.95287776,extracellular_vesicle,IMR90_fibroblast,E625,False
IR Exosome SASP,626,RARS,RARS,P54136,-0.309632778,0.271229259,1.787954211,extracellular_vesicle,IMR90_fibroblast,E626,False
IR Exosome SASP,627,HLA-DRA,HLA-DRA,P01903,-0.31054467,0.31835588,2.1269755359999998,extracellular_vesicle,IMR90_fibroblast,E627,False
IR Exosome SASP,628,GDI2,GDI2,P50395,-0.313942164,0.088225124,1.526050329,extracellular_vesicle,IMR90_fibroblast,E628,False
IR Exosome SASP,629,CSNK2B,CSNK2B,P67870,-0.314081669,0.288089687,1.443779349,extracellular_vesicle,IMR90_fibroblast,E629,False
IR Exosome SASP,630,RPL7,RPL7,P18124,-0.31422925,0.170755281,1.49934113,extracellular_vesicle,IMR90_fibroblast,E630,False
IR Exosome SASP,631,CASP2,CASP2,P42575,-0.319828361,0.192248857,0.69212985,extracellular_vesicle,IMR90_fibroblast,E631,False
IR Exosome SASP,632,S100A6,S100A6,P06703,-0.320501447,0.249119476,1.553560972,extracellular_vesicle,IMR90_fibroblast,E632,False
IR Exosome SASP,633,BASP1,BASP1,P80723,-0.327314377,0.097790208,1.528128386,extracellular_vesicle,IMR90_fibroblast,E633,False
IR Exosome SASP,634,IGSF8,IGSF8,Q969P0,-0.328669608,0.228556011,1.698491454,extracellular_vesicle,IMR90_fibroblast,E634,False
IR Exosome SASP,635,AGT,AGT,P01019,-0.329885364,0.261879706,1.193336964,extracellular_vesicle,IMR90_fibroblast,E635,False
IR Exosome SASP,636,IQGAP2,IQGAP2,Q13576,-0.332917064,0.191650116,0.717351139,extracellular_vesicle,IMR90_fibroblast,E636,False
IR Exosome SASP,637,CRYZ,CRYZ,Q08257,-0.333290219,0.296714571,1.726499677,extracellular_vesicle,IMR90_fibroblast,E637,False
IR Exosome SASP,638,YWHAE,YWHAE,P62258,-0.339047402,0.104655536,1.139080524,extracellular_vesicle,IMR90_fibroblast,E638,False
IR Exosome SASP,639,RAB23,RAB23,Q9ULC3,-0.343113482,0.282926007,1.49744308,extracellular_vesicle,IMR90_fibroblast,E639,False
IR Exosome SASP,640,AP2B1,AP2B1,P63010,-0.343650371,0.272885878,1.371293306,extracellular_vesicle,IMR90_fibroblast,E640,False
IR Exosome SASP,641,UCHL1,UCHL1,P09936,-0.345639765,0.149137264,1.301118016,extracellular_vesicle,IMR90_fibroblast,E641,False
IR Exosome SASP,642,MYL6,MYL6,P60660,-0.346460909,0.158051126,1.916799784,extracellular_vesicle,IMR90_fibroblast,E642,False
IR Exosome SASP,643,RP2,RP2,O75695,-0.347836614,0.072628161,0.344782948,extracellular_vesicle,IMR90_fibroblast,E643,False
IR Exosome SASP,644,TSG101,TSG101,Q99816,-0.34825778,0.178000862,1.049025536,extracellular_vesicle,IMR90_fibroblast,E644,False
IR Exosome SASP,645,EXOC1,EXOC1,Q9NV70,-0.350657552,0.30532684,2.948354721,extracellular_vesicle,IMR90_fibroblast,E645,False
IR Exosome SASP,646,ATP1A1,ATP1A1,P05023,-0.35406366,0.058752283,1.790866494,extracellular_vesicle,IMR90_fibroblast,E646,False
IR Exosome SASP,647,PRDX6,PRDX6,P30041,-0.356005758,0.083650351,1.277678847,extracellular_vesicle,IMR90_fibroblast,E647,False
IR Exosome SASP,648,CHMP4B,CHMP4B,Q9H444,-0.358548969,0.272984497,1.434405208,extracellular_vesicle,IMR90_fibroblast,E648,False
IR Exosome SASP,649,RPL27,RPL27,P61353,-0.3605012,0.16533727,1.263502479,extracellular_vesicle,IMR90_fibroblast,E649,False
IR Exosome SASP,650,SNRPD1,SNRPD1,P62314,-0.361724108,0.260261855,1.288227201,extracellular_vesicle,IMR90_fibroblast,E650,False
IR Exosome SASP,651,UTRN,UTRN,P46939,-0.364446163,0.271440185,2.625575542,extracellular_vesicle,IMR90_fibroblast,E651,False
IR Exosome SASP,652,PADI1,PADI1,Q9ULC6,-0.365915924,0.28852311,1.703528762,extracellular_vesicle,IMR90_fibroblast,E652,False
IR Exosome SASP,653,ZFAND6,ZFAND6,Q6FIF0,-0.366476178,0.290410728,1.739533544,extracellular_vesicle,IMR90_fibroblast,E653,False
IR Exosome SASP,654,ATL3,ATL3,Q6DD88,-0.368640274,0.163858549,1.497717023,extracellular_vesicle,IMR90_fibroblast,E654,False
IR Exosome SASP,655,DSTN,DSTN,P60981,-0.370223045,0.2081373,1.339318514,extracellular_vesicle,IMR90_fibroblast,E655,False
IR Exosome SASP,656,CAP1,CAP1,Q01518,-0.374806434,0.09360028,1.416039705,extracellular_vesicle,IMR90_fibroblast,E656,False
IR Exosome SASP,657,SRSF2;SRSF8,,Q01130;Q9BRL6,-0.38133797,0.323995343,2.468213797,extracellular_vesicle,IMR90_fibroblast,E657,False
IR Exosome SASP,658,RUVBL1,RUVBL1,Q9Y265,-0.382577866,0.204073194,0.898356855,extracellular_vesicle,IMR90_fibroblast,E658,False
IR Exosome SASP,659,FERMT2,FERMT2,Q96AC1,-0.383155882,0.125227456,0.856696725,extracellular_vesicle,IMR90_fibroblast,E659,False
IR Exosome SASP,660,LMAN1,LMAN1,P49257,-0.383409679,0.243099509,2.204481125,extracellular_vesicle,IMR90_fibroblast,E660,False
IR Exosome SASP,661,AP2S1,AP2S1,P53680,-0.390076131,0.261879706,1.413834333,extracellular_vesicle,IMR90_fibroblast,E661,False
IR Exosome SASP,662,PSMD11,PSMD11,O00231,-0.390997052,0.276310373,2.94799614,extracellular_vesicle,IMR90_fibroblast,E662,False
IR Exosome SASP,663,FASN,FASN,P49327,-0.393654615,0.226538323,2.335272789,extracellular_vesicle,IMR90_fibroblast,E663,False
IR Exosome SASP,664,VARS,VARS,P26640,-0.396138698,0.32091517,2.810771227,extracellular_vesicle,IMR90_fibroblast,E664,False
IR Exosome SASP,665,CNDP1,CNDP1,Q96KN2,-0.397642702,0.331883796,3.45900178,extracellular_vesicle,IMR90_fibroblast,E665,False
IR Exosome SASP,666,PRMT5,PRMT5,O14744,-0.399578512,0.232708105,2.13116169,extracellular_vesicle,IMR90_fibroblast,E666,False
IR Exosome SASP,667,YWHAH,YWHAH,Q04917,-0.404029161,0.279685071,1.703709006,extracellular_vesicle,IMR90_fibroblast,E667,False
IR Exosome SASP,668,DBI,DBI,P07108,-0.404708922,0.282926007,1.760909915,extracellular_vesicle,IMR90_fibroblast,E668,False
IR Exosome SASP,669,NPC1,NPC1,O15118,-0.405054718,0.2429256,1.868241429,extracellular_vesicle,IMR90_fibroblast,E669,False
IR Exosome SASP,670,TTYH3,TTYH3,Q9C0H2,-0.405549228,0.130980327,1.717647433,extracellular_vesicle,IMR90_fibroblast,E670,False
IR Exosome SASP,671,RPS2,RPS2,P15880,-0.413737416,0.078162353,1.058912039,extracellular_vesicle,IMR90_fibroblast,E671,False
IR Exosome SASP,672,VPS33A,VPS33A,Q96AX1,-0.419014603,0.314792523,2.719316483,extracellular_vesicle,IMR90_fibroblast,E672,False
IR Exosome SASP,673,EEF1A1;EEF1A1P5,,P68104;Q5VTE0,-0.41911754,0.024849816,1.71226275,extracellular_vesicle,IMR90_fibroblast,E673,False
IR Exosome SASP,674,MYO6,MYO6,Q9UM54,-0.424851745,0.326956808,3.38259387,extracellular_vesicle,IMR90_fibroblast,E674,False
IR Exosome SASP,675,GNAS,GNAS,P63092;Q5JWF2,-0.42560184,0.154283134,1.468257427,extracellular_vesicle,IMR90_fibroblast,E675,False
IR Exosome SASP,676,PABPC1;PABPC3,,P11940;Q9H361,-0.426415682,0.236142883,1.650999665,extracellular_vesicle,IMR90_fibroblast,E676,False
IR Exosome SASP,677,UBA1,UBA1,P22314,-0.427789301,0.09360028,1.616515279,extracellular_vesicle,IMR90_fibroblast,E677,False
IR Exosome SASP,678,SNW1,SNW1,Q13573,-0.42866987,0.236252403,1.266214848,extracellular_vesicle,IMR90_fibroblast,E678,False
IR Exosome SASP,679,ITGA6,ITGA6,P23229,-0.430825114,0.215080533,1.087517977,extracellular_vesicle,IMR90_fibroblast,E679,False
IR Exosome SASP,680,DLST,DLST,P36957,-0.431398898,0.280204863,1.834026217,extracellular_vesicle,IMR90_fibroblast,E680,False
IR Exosome SASP,681,MYH9,MYH9,P35579,-0.432107121,5.22e-05,1.859173536,extracellular_vesicle,IMR90_fibroblast,E681,False
IR Exosome SASP,682,UTS2,UTS2,O95399,-0.434022307,0.271325782,1.697817326,extracellular_vesicle,IMR90_fibroblast,E682,False
IR Exosome SASP,683,BANF1,BANF1,O75531,-0.434581697,0.152104053,1.868642092,extracellular_vesicle,IMR90_fibroblast,E683,False
IR Exosome SASP,684,TRAP1,TRAP1,Q12931,-0.434956223,0.052235297,0.618586421,extracellular_vesicle,IMR90_fibroblast,E684,False
IR Exosome SASP,685,RPL6,RPL6,Q02878,-0.437623113,0.093830527,1.527223706,extracellular_vesicle,IMR90_fibroblast,E685,False
IR Exosome SASP,686,CS,CS,O75390,-0.448201209,0.292206582,2.182610035,extracellular_vesicle,IMR90_fibroblast,E686,False
IR Exosome SASP,687,MAP1B,MAP1B,P46821,-0.453832507,0.083605628,0.803674161,extracellular_vesicle,IMR90_fibroblast,E687,False
IR Exosome SASP,688,MTPAP,MTPAP,Q9NVV4,-0.45794338,0.254044265,1.553696394,extracellular_vesicle,IMR90_fibroblast,E688,False
IR Exosome SASP,689,SPTBN1,SPTBN1,Q01082,-0.458612949,0.096717266,0.877527952,extracellular_vesicle,IMR90_fibroblast,E689,False
IR Exosome SASP,690,TUBB,TUBB,P07437,-0.46178329,0.083429046,1.377178669,extracellular_vesicle,IMR90_fibroblast,E690,False
IR Exosome SASP,691,TAGLN,TAGLN,Q01995,-0.461819977,0.084509189,1.393550992,extracellular_vesicle,IMR90_fibroblast,E691,False
IR Exosome SASP,692,LAMB2,LAMB2,P55268,-0.463964492,0.169670583,1.673963308,extracellular_vesicle,IMR90_fibroblast,E692,False
IR Exosome SASP,693,DHFR;DHFRL1,,P00374;Q86XF0,-0.46611768,0.23491932,1.174332857,extracellular_vesicle,IMR90_fibroblast,E693,False
IR Exosome SASP,694,ADD3,ADD3,Q9UEY8,-0.4689475,0.202513317,1.086473346,extracellular_vesicle,IMR90_fibroblast,E694,False
IR Exosome SASP,695,FGR,FGR,P09769,-0.470569074,0.246374556,2.110531807,extracellular_vesicle,IMR90_fibroblast,E695,False
IR Exosome SASP,696,CGN,CGN,Q9P2M7,-0.470766276,0.272374567,1.865901113,extracellular_vesicle,IMR90_fibroblast,E696,False
IR Exosome SASP,697,RAB35,RAB35,Q15286,-0.47169143,0.157574543,0.826449811,extracellular_vesicle,IMR90_fibroblast,E697,False
IR Exosome SASP,698,ARHGAP33,ARHGAP33,O14559,-0.472476304,0.272984497,1.892283082,extracellular_vesicle,IMR90_fibroblast,E698,False
IR Exosome SASP,699,DIAPH2,DIAPH2,O60879,-0.475827396,0.202365277,1.10067749,extracellular_vesicle,IMR90_fibroblast,E699,False
IR Exosome SASP,700,FAM129B,FAM129B,Q96TA1,-0.476388991,0.091883405,1.124048471,extracellular_vesicle,IMR90_fibroblast,E700,False
IR Exosome SASP,701,ERGIC1,ERGIC1,Q969X5,-0.47856304,0.194049945,1.587961912,extracellular_vesicle,IMR90_fibroblast,E701,False
IR Exosome SASP,702,PARP4,PARP4,Q9UKK3,-0.480596423,0.138988598,1.466455221,extracellular_vesicle,IMR90_fibroblast,E702,False
IR Exosome SASP,703,RAP1B,RAP1B,P61224,-0.486105084,0.025394609,1.255984664,extracellular_vesicle,IMR90_fibroblast,E703,False
IR Exosome SASP,704,ERAP1,ERAP1,Q9NZ08,-0.489660174,0.281252596,2.099855661,extracellular_vesicle,IMR90_fibroblast,E704,False
IR Exosome SASP,705,CKAP4,CKAP4,Q07065,-0.49013868,0.117453176,2.098936796,extracellular_vesicle,IMR90_fibroblast,E705,False
IR Exosome SASP,706,VIM,VIM,P08670,-0.490714788,3.39e-05,1.396766186,extracellular_vesicle,IMR90_fibroblast,E706,False
IR Exosome SASP,707,PSMD2,PSMD2,Q13200,-0.490839839,0.18544211,2.251843929,extracellular_vesicle,IMR90_fibroblast,E707,False
IR Exosome SASP,708,NPEPPS,NPEPPS,P55786,-0.49655503,0.229498835,2.086945772,extracellular_vesicle,IMR90_fibroblast,E708,False
IR Exosome SASP,709,RPL23,RPL23,P62829,-0.496883512,0.192407482,2.035718679,extracellular_vesicle,IMR90_fibroblast,E709,False
IR Exosome SASP,710,RPL32,RPL32,P62910,-0.49688527,0.250888798,1.650054097,extracellular_vesicle,IMR90_fibroblast,E710,False
IR Exosome SASP,711,RPS13,RPS13,P62277,-0.497311324,0.232708105,2.1336658,extracellular_vesicle,IMR90_fibroblast,E711,False
IR Exosome SASP,712,EPB41L2,EPB41L2,O43491,-0.498066962,0.099053387,1.440851808,extracellular_vesicle,IMR90_fibroblast,E712,False
IR Exosome SASP,713,EPRS,EPRS,P07814,-0.499102741,0.228556011,2.071836472,extracellular_vesicle,IMR90_fibroblast,E713,False
IR Exosome SASP,714,FERMT3,FERMT3,Q86UX7,-0.501345992,0.272374567,1.988046169,extracellular_vesicle,IMR90_fibroblast,E714,False
IR Exosome SASP,715,MMP14,MMP14,P50281,-0.502980232,0.141817102,1.24082911,extracellular_vesicle,IMR90_fibroblast,E715,False
IR Exosome SASP,716,RRS1,RRS1,Q15050,-0.507123768,0.255417891,1.742737055,extracellular_vesicle,IMR90_fibroblast,E716,False
IR Exosome SASP,717,RHOA,RHOA,P61586,-0.507263601,0.017990282,1.21089673,extracellular_vesicle,IMR90_fibroblast,E717,False
IR Exosome SASP,718,FTL,FTL,P02792,-0.508245945,0.120809905,1.112195134,extracellular_vesicle,IMR90_fibroblast,E718,False
IR Exosome SASP,719,ATXN2L,ATXN2L,Q8WWM7,-0.510721743,0.074722021,0.514479995,extracellular_vesicle,IMR90_fibroblast,E719,False
IR Exosome SASP,720,SDC4,SDC4,P31431,-0.516711414,0.222924616,2.062329054,extracellular_vesicle,IMR90_fibroblast,E720,False
IR Exosome SASP,721,ANXA7,ANXA7,P20073,-0.516835093,0.059844339,1.341511965,extracellular_vesicle,IMR90_fibroblast,E721,False
IR Exosome SASP,722,APAF1,APAF1,O14727,-0.517427623,0.246334496,1.643426776,extracellular_vesicle,IMR90_fibroblast,E722,False
IR Exosome SASP,723,ANXA1,ANXA1,P04083,-0.521133125,7.34e-05,1.475198627,extracellular_vesicle,IMR90_fibroblast,E723,False
IR Exosome SASP,724,EHD3,EHD3,Q9NZN3,-0.525094211,0.157811791,0.921627462,extracellular_vesicle,IMR90_fibroblast,E724,False
IR Exosome SASP,725,FGG,FGG,P02679,-0.534802854,0.226538323,1.462668657,extracellular_vesicle,IMR90_fibroblast,E725,False
IR Exosome SASP,726,RPL18,RPL18,Q07020,-0.534840941,0.050270443,1.29979372,extracellular_vesicle,IMR90_fibroblast,E726,False
IR Exosome SASP,727,NUP54,NUP54,Q7Z3B4,-0.536525428,0.105591519,0.678699493,extracellular_vesicle,IMR90_fibroblast,E727,False
IR Exosome SASP,728,PFKFB2,PFKFB2,O60825,-0.539217114,0.032167051,0.352137297,extracellular_vesicle,IMR90_fibroblast,E728,False
IR Exosome SASP,729,PCBP3;PCBP2,,P57721;Q15366,-0.539869189,0.093097703,0.511221826,extracellular_vesicle,IMR90_fibroblast,E729,False
IR Exosome SASP,730,GALE,GALE,Q14376,-0.541630328,0.290695029,2.593503952,extracellular_vesicle,IMR90_fibroblast,E730,False
IR Exosome SASP,731,UPF2,UPF2,Q9HAU5,-0.542635202,0.146377937,0.886558473,extracellular_vesicle,IMR90_fibroblast,E731,False
IR Exosome SASP,732,PTGES3,PTGES3,Q15185,-0.545915961,0.257574323,1.906799316,extracellular_vesicle,IMR90_fibroblast,E732,False
IR Exosome SASP,733,ENO1,ENO1,P06733,-0.546470702,2.73e-05,1.235061288,extracellular_vesicle,IMR90_fibroblast,E733,False
IR Exosome SASP,734,ALPP;ALPI,,P05187;P09923,-0.548094273,0.321320463,3.425262928,extracellular_vesicle,IMR90_fibroblast,E734,False
IR Exosome SASP,735,SLC16A3,SLC16A3,O15427,-0.548524797,0.224457706,1.476870537,extracellular_vesicle,IMR90_fibroblast,E735,False
IR Exosome SASP,736,ATIC,ATIC,P31939,-0.552601457,0.04281492,0.413898975,extracellular_vesicle,IMR90_fibroblast,E736,False
IR Exosome SASP,737,SEC31A,SEC31A,O94979,-0.557516277,0.22326108,2.230822325,extracellular_vesicle,IMR90_fibroblast,E737,False
IR Exosome SASP,738,RPS9,RPS9,P46781,-0.562624931,0.068391104,1.840913296,extracellular_vesicle,IMR90_fibroblast,E738,False
IR Exosome SASP,739,TXNDC17,TXNDC17,Q9BRA2,-0.562803864,0.224441556,1.513627887,extracellular_vesicle,IMR90_fibroblast,E739,False
IR Exosome SASP,740,CTNNA1,CTNNA1,P35221,-0.563847959,0.130830329,2.15894866,extracellular_vesicle,IMR90_fibroblast,E740,False
IR Exosome SASP,741,VCL,VCL,P18206,-0.572772563,3.1e-05,1.411555767,extracellular_vesicle,IMR90_fibroblast,E741,False
IR Exosome SASP,742,EIF3E,EIF3E,P60228,-0.573281169,0.284129718,2.52815938,extracellular_vesicle,IMR90_fibroblast,E742,False
IR Exosome SASP,743,IMPDH2,IMPDH2,P12268,-0.577277482,0.216047791,1.465812445,extracellular_vesicle,IMR90_fibroblast,E743,False
IR Exosome SASP,744,NPM1,NPM1,P06748,-0.577471673,0.130085578,1.670036077,extracellular_vesicle,IMR90_fibroblast,E744,False
IR Exosome SASP,745,DLG1;DLG2,,Q12959;Q15700,-0.580946863,0.217894357,1.29042697,extracellular_vesicle,IMR90_fibroblast,E745,False
IR Exosome SASP,746,ARPC5,ARPC5,O15511,-0.581500173,0.118178033,0.795916498,extracellular_vesicle,IMR90_fibroblast,E746,False
IR Exosome SASP,747,TMEM59,TMEM59,Q9BXS4,-0.588404119,0.0964627,0.697362065,extracellular_vesicle,IMR90_fibroblast,E747,False
IR Exosome SASP,748,NBAS,NBAS,A2RRP1,-0.592179954,0.141743456,0.939278364,extracellular_vesicle,IMR90_fibroblast,E748,False
IR Exosome SASP,749,RAC1,RAC1,P63000,-0.60759896,0.002148893,1.040889382,extracellular_vesicle,IMR90_fibroblast,E749,False
IR Exosome SASP,750,PLS3,PLS3,P13797,-0.595952511,0.083960276,0.649176478,extracellular_vesicle,IMR90_fibroblast,E750,False
IR Exosome SASP,751,ACTR2,ACTR2,P61160,-0.599911809,0.194040367,1.988909125,extracellular_vesicle,IMR90_fibroblast,E751,False
IR Exosome SASP,752,PPIA,PPIA,P62937,-0.608897805,0.001760003,1.401015997,extracellular_vesicle,IMR90_fibroblast,E752,False
IR Exosome SASP,753,GNB2,GNB2,P62879,-0.629431009,0.020839679,1.651580095,extracellular_vesicle,IMR90_fibroblast,E753,False
IR Exosome SASP,754,TPM4,TPM4,P67936,-0.629716218,0.005685654,1.53891027,extracellular_vesicle,IMR90_fibroblast,E754,False
IR Exosome SASP,755,TLN2,TLN2,Q9Y4G6,-0.617121816,0.254044265,2.088939428,extracellular_vesicle,IMR90_fibroblast,E755,False
IR Exosome SASP,756,TSPAN9,TSPAN9,O75954,-0.626753747,0.107643087,1.280426741,extracellular_vesicle,IMR90_fibroblast,E756,False
IR Exosome SASP,757,RAB15,RAB15,P59190,-0.628412247,0.115765407,0.848148465,extracellular_vesicle,IMR90_fibroblast,E757,False
IR Exosome SASP,758,LDHA,LDHA,P00338,-0.630215704,0.001889141,1.519187808,extracellular_vesicle,IMR90_fibroblast,E758,False
IR Exosome SASP,759,CTNNB1,CTNNB1,P35222,-0.639387548,0.008113938,1.218593121,extracellular_vesicle,IMR90_fibroblast,E759,False
IR Exosome SASP,760,RPS8,RPS8,P62241,-0.643122733,0.009307375,1.35762465,extracellular_vesicle,IMR90_fibroblast,E760,False
IR Exosome SASP,761,RAB2A,RAB2A,P61019,-0.658418477,0.029444785,1.512972355,extracellular_vesicle,IMR90_fibroblast,E761,False
IR Exosome SASP,762,RPL18A,RPL18A,Q02543,-0.640279651,0.088424708,1.485042572,extracellular_vesicle,IMR90_fibroblast,E762,False
IR Exosome SASP,763,YWHAB,YWHAB,P31946,-0.64083302,0.072477707,1.791594863,extracellular_vesicle,IMR90_fibroblast,E763,False
IR Exosome SASP,764,HMGB1,HMGB1,P09429,-0.642630637,0.243099509,1.99480617,extracellular_vesicle,IMR90_fibroblast,E764,False
IR Exosome SASP,765,RPS20,RPS20,P60866,-0.661522686,0.044999554,1.364292264,extracellular_vesicle,IMR90_fibroblast,E765,False
IR Exosome SASP,766,USP5,USP5,P45974,-0.650613546,0.130893092,0.960914016,extracellular_vesicle,IMR90_fibroblast,E766,False
IR Exosome SASP,767,KPNB1,KPNB1,Q14974,-0.653699279,0.138440643,1.988196731,extracellular_vesicle,IMR90_fibroblast,E767,False
IR Exosome SASP,768,GLIPR2,GLIPR2,Q9H4G4,-0.669895887,0.027376168,0.761967301,extracellular_vesicle,IMR90_fibroblast,E768,False
IR Exosome SASP,769,GRN,GRN,P28799,-0.674797714,0.027248533,1.200144172,extracellular_vesicle,IMR90_fibroblast,E769,False
IR Exosome SASP,770,CD47,CD47,Q08722,-0.661542237,0.054050894,1.226922631,extracellular_vesicle,IMR90_fibroblast,E770,False
IR Exosome SASP,771,LRBA,LRBA,P50851,-0.664410412,0.214035013,2.499561071,extracellular_vesicle,IMR90_fibroblast,E771,False
IR Exosome SASP,772,HERC2,HERC2,O95714,-0.667246342,0.266439786,2.517343044,extracellular_vesicle,IMR90_fibroblast,E772,False
IR Exosome SASP,773,DECR1,DECR1,Q16698,-0.667246461,0.261879706,2.42531395,extracellular_vesicle,IMR90_fibroblast,E773,False
IR Exosome SASP,774,ANXA6,ANXA6,P08133,-0.684999049,2.13e-15,1.496539593,extracellular_vesicle,IMR90_fibroblast,E774,False
IR Exosome SASP,775,LAMA5,LAMA5,O15230,-0.66999805,0.228829542,1.872402191,extracellular_vesicle,IMR90_fibroblast,E775,False
IR Exosome SASP,776,L3MBTL3,L3MBTL3,Q96JM7,-0.689193726,0.022973546,0.388970077,extracellular_vesicle,IMR90_fibroblast,E776,False
IR Exosome SASP,777,RPL13,RPL13,P26373,-0.67892909,0.169188996,1.952454925,extracellular_vesicle,IMR90_fibroblast,E777,False
IR Exosome SASP,778,EIF2S1,EIF2S1,P05198,-0.682881892,0.130980327,1.013086557,extracellular_vesicle,IMR90_fibroblast,E778,False
IR Exosome SASP,779,PKP1,PKP1,Q13835,-0.683969557,0.140324349,1.076075196,extracellular_vesicle,IMR90_fibroblast,E779,False
IR Exosome SASP,780,HSPB1,HSPB1,P04792,-0.706001759,0.022973546,1.658949018,extracellular_vesicle,IMR90_fibroblast,E780,False
IR Exosome SASP,781,RPS11,RPS11,P62280,-0.687128305,0.1018021,2.019829988,extracellular_vesicle,IMR90_fibroblast,E781,False
IR Exosome SASP,782,SYPL1,SYPL1,Q16563,-0.687135816,0.074722021,0.691725492,extracellular_vesicle,IMR90_fibroblast,E782,False
IR Exosome SASP,783,DYNC1H1,DYNC1H1,Q14204,-0.706940413,0.016841428,2.559243441,extracellular_vesicle,IMR90_fibroblast,E783,False
IR Exosome SASP,784,RPS3,RPS3,P23396,-0.694120526,0.054470462,2.373261213,extracellular_vesicle,IMR90_fibroblast,E784,False
IR Exosome SASP,785,LMAN2,LMAN2,Q12907,-0.695275962,0.121780574,1.529838085,extracellular_vesicle,IMR90_fibroblast,E785,False
IR Exosome SASP,786,RAB14,RAB14,P61106,-0.713868201,0.04458567,0.956204951,extracellular_vesicle,IMR90_fibroblast,E786,False
IR Exosome SASP,787,RAB8A,RAB8A,P61006,-0.706654072,0.201430215,1.624844909,extracellular_vesicle,IMR90_fibroblast,E787,False
IR Exosome SASP,788,RHOC,RHOC,P08134,-0.720375538,0.006909648,0.249623328,extracellular_vesicle,IMR90_fibroblast,E788,False
IR Exosome SASP,789,CAPN1,CAPN1,P07384,-0.707689524,0.058122586,1.356978297,extracellular_vesicle,IMR90_fibroblast,E789,False
IR Exosome SASP,790,H2AFX;HIST1H2AA,,P16104;Q96QV6,-0.708214521,0.126431991,1.395117164,extracellular_vesicle,IMR90_fibroblast,E790,False
IR Exosome SASP,791,TCAF1,TCAF1,Q9Y4C2,-0.710197866,0.237733555,2.116696835,extracellular_vesicle,IMR90_fibroblast,E791,False
IR Exosome SASP,792,RPL14,RPL14,P50914,-0.722443283,0.005895214,1.063120484,extracellular_vesicle,IMR90_fibroblast,E792,False
IR Exosome SASP,793,IFITM1;IFITM3;IFITM2,,P13164;Q01628;Q01629,-0.714079261,0.199367976,1.389837861,extracellular_vesicle,IMR90_fibroblast,E793,False
IR Exosome SASP,794,GNAI3,GNAI3,P08754,-0.717582881,0.131082873,1.670548439,extracellular_vesicle,IMR90_fibroblast,E794,False
IR Exosome SASP,795,CCT5,CCT5,P48643,-0.719839752,0.193481544,2.375534534,extracellular_vesicle,IMR90_fibroblast,E795,False
IR Exosome SASP,796,POTEJ,POTEJ,P0CG39,-0.732269526,0.04533497,0.562372327,extracellular_vesicle,IMR90_fibroblast,E796,False
IR Exosome SASP,797,DPYSL2,DPYSL2,Q16555,-0.740182281,0.000102725,0.890650809,extracellular_vesicle,IMR90_fibroblast,E797,False
IR Exosome SASP,798,VAMP7,VAMP7,P51809,-0.726062059,0.153919184,1.243487597,extracellular_vesicle,IMR90_fibroblast,E798,False
IR Exosome SASP,799,ACTN2,ACTN2,P35609,-0.726495087,0.24068351,2.213234186,extracellular_vesicle,IMR90_fibroblast,E799,False
IR Exosome SASP,800,CD99,CD99,P14209,-0.727109432,0.228829542,2.02941227,extracellular_vesicle,IMR90_fibroblast,E800,False
IR Exosome SASP,801,TRIP12,TRIP12,Q14669,-0.730817258,0.112819269,1.537454367,extracellular_vesicle,IMR90_fibroblast,E801,False
IR Exosome SASP,802,FKBP1A,FKBP1A,P62942,-0.743212998,0.022200218,0.409438342,extracellular_vesicle,IMR90_fibroblast,E802,False
IR Exosome SASP,803,MARCKS,MARCKS,P29966,-0.736236215,0.093830527,1.760252595,extracellular_vesicle,IMR90_fibroblast,E803,False
IR Exosome SASP,804,WDR1,WDR1,O75083,-0.738966882,0.066625144,2.20592165,extracellular_vesicle,IMR90_fibroblast,E804,False
IR Exosome SASP,805,HSPA2,HSPA2,P54652,-0.750034213,0.001760003,1.510455251,extracellular_vesicle,IMR90_fibroblast,E805,False
IR Exosome SASP,806,API5,API5,Q9BZZ5,-0.751712024,0.007777736,0.275002629,extracellular_vesicle,IMR90_fibroblast,E806,False
IR Exosome SASP,807,PSMC4,PSMC4,P43686,-0.744786441,0.115765407,2.008661032,extracellular_vesicle,IMR90_fibroblast,E807,False
IR Exosome SASP,808,GNB1,GNB1,P62873,-0.752544224,0.012962584,1.121982574,extracellular_vesicle,IMR90_fibroblast,E808,False
IR Exosome SASP,809,RAB11A;RAB11B,,P62491;Q15907,-0.762267888,0.04622407,1.167147756,extracellular_vesicle,IMR90_fibroblast,E809,False
IR Exosome SASP,810,LAMP1,LAMP1,P11279,-0.773505211,0.013674337,1.747908235,extracellular_vesicle,IMR90_fibroblast,E810,False
IR Exosome SASP,811,CPQ,CPQ,Q9Y646,-0.75345856,0.166609006,2.12531805,extracellular_vesicle,IMR90_fibroblast,E811,False
IR Exosome SASP,812,AUP1,AUP1,Q9Y679,-0.75363791,0.20198787,1.738779545,extracellular_vesicle,IMR90_fibroblast,E812,False
IR Exosome SASP,813,CRYAB,CRYAB,P02511,-0.753663301,0.184020775,1.547391891,extracellular_vesicle,IMR90_fibroblast,E813,False
IR Exosome SASP,814,ARPC3,ARPC3,O15145,-0.754241168,0.059248457,1.459441781,extracellular_vesicle,IMR90_fibroblast,E814,False
IR Exosome SASP,815,SNTB2,SNTB2,Q13425,-0.755443931,0.226538323,2.069219589,extracellular_vesicle,IMR90_fibroblast,E815,False
IR Exosome SASP,816,USP14,USP14,P54578,-0.755602598,0.130980327,1.119071126,extracellular_vesicle,IMR90_fibroblast,E816,False
IR Exosome SASP,817,RHOG,RHOG,P84095,-0.755971432,0.093830527,0.881310344,extracellular_vesicle,IMR90_fibroblast,E817,False
IR Exosome SASP,818,NUP205,NUP205,Q92621,-0.760677636,0.159081351,1.345288157,extracellular_vesicle,IMR90_fibroblast,E818,False
IR Exosome SASP,819,ANXA5,ANXA5,P08758,-0.776081085,4.83e-07,1.898120284,extracellular_vesicle,IMR90_fibroblast,E819,False
IR Exosome SASP,820,HSPA6,HSPA6,P17066,-0.767860532,0.169122671,1.441973805,extracellular_vesicle,IMR90_fibroblast,E820,False
IR Exosome SASP,821,CYCS,CYCS,P99999,-0.771165788,0.079633769,1.325062752,extracellular_vesicle,IMR90_fibroblast,E821,False
IR Exosome SASP,822,TXNRD1,TXNRD1,Q16881,-0.79403013,0.001784789,1.231102467,extracellular_vesicle,IMR90_fibroblast,E822,False
IR Exosome SASP,823,HNRNPK,HNRNPK,P61978,-0.77577281,0.054866299,1.940796018,extracellular_vesicle,IMR90_fibroblast,E823,False
IR Exosome SASP,824,PDGFRB,PDGFRB,P09619,-0.797790527,0.000953933,1.237439275,extracellular_vesicle,IMR90_fibroblast,E824,False
IR Exosome SASP,825,NaN,NaN,P01620;P01623;P18135;P18136,-0.778464854,0.254735041,2.311080217,extracellular_vesicle,IMR90_fibroblast,E825,False
IR Exosome SASP,826,APMAP,APMAP,Q9HDC9,-0.782401145,0.082188761,1.742216468,extracellular_vesicle,IMR90_fibroblast,E826,False
IR Exosome SASP,827,TLDC1,TLDC1,Q6P9B6,-0.787714839,0.185167874,1.629383564,extracellular_vesicle,IMR90_fibroblast,E827,False
IR Exosome SASP,828,DPP4,DPP4,P27487,-0.790344417,0.167394685,1.460828066,extracellular_vesicle,IMR90_fibroblast,E828,False
IR Exosome SASP,829,SND1,SND1,Q7KZF4,-0.790453792,0.061020912,1.548188567,extracellular_vesicle,IMR90_fibroblast,E829,False
IR Exosome SASP,830,CFL2,CFL2,Q9Y281,-0.808031797,0.037934343,1.982962489,extracellular_vesicle,IMR90_fibroblast,E830,False
IR Exosome SASP,831,FAM160B1,FAM160B1,Q5W0V3,-0.795446396,0.245247391,2.50579071,extracellular_vesicle,IMR90_fibroblast,E831,False
IR Exosome SASP,832,RTN4,RTN4,Q9NQC3,-0.797261,0.111014587,2.768867731,extracellular_vesicle,IMR90_fibroblast,E832,False
IR Exosome SASP,833,ANXA4,ANXA4,P09525,-0.8153404,0.000208833,1.693005085,extracellular_vesicle,IMR90_fibroblast,E833,False
IR Exosome SASP,834,ITM2C,ITM2C,Q9NQX7,-0.804208934,0.238959969,2.422548532,extracellular_vesicle,IMR90_fibroblast,E834,False
IR Exosome SASP,835,ALDH6A1,ALDH6A1,Q02252,-0.804601967,0.102967113,1.00163579,extracellular_vesicle,IMR90_fibroblast,E835,False
IR Exosome SASP,836,FAP,FAP,Q12884,-0.819271505,0.034160767,0.549060941,extracellular_vesicle,IMR90_fibroblast,E836,False
IR Exosome SASP,837,HSPE1,HSPE1,P61604,-0.81229645,0.068391104,1.664403677,extracellular_vesicle,IMR90_fibroblast,E837,False
IR Exosome SASP,838,RPLP0;RPLP0P6,,P05388;Q8NHW5,-0.812839329,0.083605628,2.151661158,extracellular_vesicle,IMR90_fibroblast,E838,False
IR Exosome SASP,839,ANXA11,ANXA11,P50995,-0.820714831,6.75e-06,1.53341186,extracellular_vesicle,IMR90_fibroblast,E839,False
IR Exosome SASP,840,CDC42,CDC42,P60953,-0.815905511,0.055414513,1.809470892,extracellular_vesicle,IMR90_fibroblast,E840,False
IR Exosome SASP,841,SLC39A14,SLC39A14,Q15043,-0.817839324,0.136529549,1.960728526,extracellular_vesicle,IMR90_fibroblast,E841,False
IR Exosome SASP,842,GNAI2,GNAI2,P04899,-0.833581269,5.98e-07,1.353011489,extracellular_vesicle,IMR90_fibroblast,E842,False
IR Exosome SASP,843,PFKP,PFKP,Q01813,-0.819421113,0.075413734,2.959058046,extracellular_vesicle,IMR90_fibroblast,E843,False
IR Exosome SASP,844,HMGB3,HMGB3,O15347,-0.820506811,0.056046349,0.7038728,extracellular_vesicle,IMR90_fibroblast,E844,False
IR Exosome SASP,845,ITSN2,ITSN2,Q9NZM3,-0.843864679,0.016514904,0.410528094,extracellular_vesicle,IMR90_fibroblast,E845,False
IR Exosome SASP,846,TOP1;TOP1MT,,P11387;Q969P6,-0.820778012,0.086875,0.742843688,extracellular_vesicle,IMR90_fibroblast,E846,False
IR Exosome SASP,847,MAP3K6,MAP3K6,O95382,-0.827851713,0.111859039,1.09168911,extracellular_vesicle,IMR90_fibroblast,E847,False
IR Exosome SASP,848,ITIH1,ITIH1,P19827,-0.829569817,0.204073194,1.946635842,extracellular_vesicle,IMR90_fibroblast,E848,False
IR Exosome SASP,849,RPS14,RPS14,P62263,-0.829632044,0.093977201,1.56479609,extracellular_vesicle,IMR90_fibroblast,E849,False
IR Exosome SASP,850,KRT86;KRT81,,O43790;Q14533,-0.844464302,0.024571024,1.914599776,extracellular_vesicle,IMR90_fibroblast,E850,False
IR Exosome SASP,851,CSE1L,CSE1L,P55060,-0.835197568,0.220470331,2.190414906,extracellular_vesicle,IMR90_fibroblast,E851,False
IR Exosome SASP,852,MOS,MOS,P00540,-0.840916455,0.218627676,2.179621935,extracellular_vesicle,IMR90_fibroblast,E852,False
IR Exosome SASP,853,RPL22,RPL22,P35268,-0.843695819,0.101689215,1.041369319,extracellular_vesicle,IMR90_fibroblast,E853,False
IR Exosome SASP,854,EZR,EZR,P15311,-0.851485908,0.023777419,1.22284019,extracellular_vesicle,IMR90_fibroblast,E854,False
IR Exosome SASP,855,PSMC3,PSMC3,P17980,-0.853610337,0.00474885,1.48220253,extracellular_vesicle,IMR90_fibroblast,E855,False
IR Exosome SASP,856,ACACA,ACACA,Q13085,-0.849089801,0.104655536,2.158858776,extracellular_vesicle,IMR90_fibroblast,E856,False
IR Exosome SASP,857,CPM,CPM,P14384,-0.850087941,0.099325981,1.031672478,extracellular_vesicle,IMR90_fibroblast,E857,False
IR Exosome SASP,858,RPL12,RPL12,P30050,-0.851343751,0.082188761,1.487476707,extracellular_vesicle,IMR90_fibroblast,E858,False
IR Exosome SASP,859,C5,C5,P01031,-0.854356647,0.018095749,0.858957291,extracellular_vesicle,IMR90_fibroblast,E859,False
IR Exosome SASP,860,KRT82,KRT82,Q9NSB4,-0.85305047,0.199693814,1.939324856,extracellular_vesicle,IMR90_fibroblast,E860,False
IR Exosome SASP,861,IQGAP1,IQGAP1,P46940,-0.856899858,0.029469738,1.562122822,extracellular_vesicle,IMR90_fibroblast,E861,False
IR Exosome SASP,862,PGM2,PGM2,Q96G03,-0.853673577,0.200717965,1.953126431,extracellular_vesicle,IMR90_fibroblast,E862,False
IR Exosome SASP,863,STOM,STOM,P27105,-0.858552575,4.26e-07,1.457960606,extracellular_vesicle,IMR90_fibroblast,E863,False
IR Exosome SASP,864,ATP6V0D1,ATP6V0D1,P61421,-0.854752779,0.221335777,2.253247261,extracellular_vesicle,IMR90_fibroblast,E864,False
IR Exosome SASP,865,HNRNPA1;HNRNPA1L2,,P09651;Q32P51,-0.855047107,0.279948258,3.155218124,extracellular_vesicle,IMR90_fibroblast,E865,False
IR Exosome SASP,866,PRDX1,PRDX1,Q06830,-0.865871429,5.95e-07,1.206713676,extracellular_vesicle,IMR90_fibroblast,E866,False
IR Exosome SASP,867,QARS,QARS,P47897,-0.866806328,0.032167051,0.56578511,extracellular_vesicle,IMR90_fibroblast,E867,False
IR Exosome SASP,868,LAMTOR1,LAMTOR1,Q6IAA8,-0.857367277,0.101689215,2.144633293,extracellular_vesicle,IMR90_fibroblast,E868,False
IR Exosome SASP,869,HIST1H2AB;HIST3H2A;HIST1H2AC,,P04908;Q7L7L0;Q93077,-0.870905101,0.006680347,1.823118567,extracellular_vesicle,IMR90_fibroblast,E869,False
IR Exosome SASP,870,RPL21,RPL21,P46778,-0.860010743,0.135087335,1.30945456,extracellular_vesicle,IMR90_fibroblast,E870,False
IR Exosome SASP,871,EIF2D,EIF2D,P41214,-0.863211989,0.273244921,3.468245029,extracellular_vesicle,IMR90_fibroblast,E871,False
IR Exosome SASP,872,RAB7A,RAB7A,P51149,-0.873538375,0.00019206,1.373441339,extracellular_vesicle,IMR90_fibroblast,E872,False
IR Exosome SASP,873,SCARB2,SCARB2,Q14108,-0.875541091,2.72e-05,1.129752636,extracellular_vesicle,IMR90_fibroblast,E873,False
IR Exosome SASP,874,VTI1B,VTI1B,Q9UEU0,-0.878082871,0.029622034,0.555778384,extracellular_vesicle,IMR90_fibroblast,E874,False
IR Exosome SASP,875,HIST1H1B,HIST1H1B,P16401,-0.87940371,0.024067231,1.914602637,extracellular_vesicle,IMR90_fibroblast,E875,False
IR Exosome SASP,876,ACP2,ACP2,P11117,-0.8742854,0.059931423,1.323940873,extracellular_vesicle,IMR90_fibroblast,E876,False
IR Exosome SASP,877,RAB33B,RAB33B,Q9H082,-0.882457554,0.015471063,0.420539916,extracellular_vesicle,IMR90_fibroblast,E877,False
IR Exosome SASP,878,RNH1,RNH1,P13489,-0.893268049,0.017934097,1.426403046,extracellular_vesicle,IMR90_fibroblast,E878,False
IR Exosome SASP,879,TXNL1,TXNL1,O43396,-0.896509647,0.038758862,0.639976025,extracellular_vesicle,IMR90_fibroblast,E879,False
IR Exosome SASP,880,OLA1,OLA1,Q9NTK5,-0.880314887,0.233273492,2.539134026,extracellular_vesicle,IMR90_fibroblast,E880,False
IR Exosome SASP,881,DPYSL3,DPYSL3,Q14195,-0.899606109,0.037065946,1.126294136,extracellular_vesicle,IMR90_fibroblast,E881,False
IR Exosome SASP,882,CAPZB,CAPZB,P47756,-0.902035475,0.011421708,1.316440582,extracellular_vesicle,IMR90_fibroblast,E882,False
IR Exosome SASP,883,GTF2I,GTF2I,P78347,-0.894550323,0.1874928,1.880090952,extracellular_vesicle,IMR90_fibroblast,E883,False
IR Exosome SASP,884,HIST1H4A,HIST1H4A,P62805,-0.913620293,5.09e-08,1.342571378,extracellular_vesicle,IMR90_fibroblast,E884,False
IR Exosome SASP,885,SETD2,SETD2,Q9BYW2,-0.898493409,0.153889689,1.537474632,extracellular_vesicle,IMR90_fibroblast,E885,False
IR Exosome SASP,886,GSN,GSN,P06396,-0.923346758,0.000990328,1.461279988,extracellular_vesicle,IMR90_fibroblast,E886,False
IR Exosome SASP,887,MAPK15,MAPK15,Q8TD08,-0.90045625,0.125338197,1.283390164,extracellular_vesicle,IMR90_fibroblast,E887,False
IR Exosome SASP,888,DNPEP,DNPEP,Q9ULA0,-0.901067913,0.101689215,1.111967206,extracellular_vesicle,IMR90_fibroblast,E888,False
IR Exosome SASP,889,RAB6A;RAB39A;RAB6B,,P20340;Q14964;Q9NRW1,-0.923921287,0.035148501,0.473649114,extracellular_vesicle,IMR90_fibroblast,E889,False
IR Exosome SASP,890,PGAM1,PGAM1,P18669,-0.926367462,0.000634575,1.604421258,extracellular_vesicle,IMR90_fibroblast,E890,False
IR Exosome SASP,891,TRIO,TRIO,O75962,-0.914253294,0.083605628,0.99162966,extracellular_vesicle,IMR90_fibroblast,E891,False
IR Exosome SASP,892,AP3D1,AP3D1,O14617,-0.914615273,0.140632067,1.441843987,extracellular_vesicle,IMR90_fibroblast,E892,False
IR Exosome SASP,893,MACF1,MACF1,Q9UPN3,-0.916825056,0.091469038,1.048589826,extracellular_vesicle,IMR90_fibroblast,E893,False
IR Exosome SASP,894,USP15,USP15,Q9Y4E8,-0.92097789,0.214035013,2.306092024,extracellular_vesicle,IMR90_fibroblast,E894,False
IR Exosome SASP,895,HSPA1A;HSPA1B,,P0DMV8;P0DMV9,-0.926843584,0.000440485,1.729506135,extracellular_vesicle,IMR90_fibroblast,E895,False
IR Exosome SASP,896,SULT1A3;SULT1A4;SULT1A1;SULT1A2,,P0DMM9;P0DMN0;P50225;P50226,-0.92371875,0.178095738,1.560239911,extracellular_vesicle,IMR90_fibroblast,E896,False
IR Exosome SASP,897,XPNPEP3,XPNPEP3,Q9NQH7,-0.935705602,0.039410607,0.673306465,extracellular_vesicle,IMR90_fibroblast,E897,False
IR Exosome SASP,898,HIVEP1,HIVEP1,P15822,-0.939637482,0.035148501,0.636087179,extracellular_vesicle,IMR90_fibroblast,E898,False
IR Exosome SASP,899,AHCY,AHCY,P23526,-0.943226039,0.00930046,1.686697841,extracellular_vesicle,IMR90_fibroblast,E899,False
IR Exosome SASP,900,ITIH3,ITIH3,Q06033,-0.933557689,0.225279263,2.52879715,extracellular_vesicle,IMR90_fibroblast,E900,False
IR Exosome SASP,901,LMNA,LMNA,P02545,-0.95655632,1.48e-05,1.188352346,extracellular_vesicle,IMR90_fibroblast,E901,False
IR Exosome SASP,902,KRT4,KRT4,P19013,-0.971542299,0.040870991,1.642350912,extracellular_vesicle,IMR90_fibroblast,E902,False
IR Exosome SASP,903,SRRT,SRRT,Q9BXP5,-0.939875603,0.182231111,1.903875709,extracellular_vesicle,IMR90_fibroblast,E903,False
IR Exosome SASP,904,H2AFY;H2AFY2,,O75367;Q9P0M6,-0.973436296,0.040763966,1.077470779,extracellular_vesicle,IMR90_fibroblast,E904,False
IR Exosome SASP,905,SEC13,SEC13,P55735,-0.95240593,0.184894721,1.96608448,extracellular_vesicle,IMR90_fibroblast,E905,False
IR Exosome SASP,906,GNG12,GNG12,Q9UBI6,-0.990717888,0.011201768,1.440289617,extracellular_vesicle,IMR90_fibroblast,E906,False
IR Exosome SASP,907,SH3BGRL3,SH3BGRL3,Q9H299,-0.961016595,0.070898149,0.936170936,extracellular_vesicle,IMR90_fibroblast,E907,False
IR Exosome SASP,908,RPL5,RPL5,P46777,-0.966620386,0.130085578,2.796969652,extracellular_vesicle,IMR90_fibroblast,E908,False
IR Exosome SASP,909,CCT8,CCT8,P50990,-0.966930985,0.050319869,2.074145794,extracellular_vesicle,IMR90_fibroblast,E909,False
IR Exosome SASP,910,VAV3,VAV3,Q9UKW4,-0.970965922,0.203791414,2.270819902,extracellular_vesicle,IMR90_fibroblast,E910,False
IR Exosome SASP,911,TPI1,TPI1,P60174,-0.994529963,2.59e-13,1.519854546,extracellular_vesicle,IMR90_fibroblast,E911,False
IR Exosome SASP,912,ITGB3,ITGB3,P05106,-0.972868085,0.071998187,2.399481535,extracellular_vesicle,IMR90_fibroblast,E912,False
IR Exosome SASP,913,RPL24,RPL24,P83731,-1.004887819,0.001551747,0.855614185,extracellular_vesicle,IMR90_fibroblast,E913,False
IR Exosome SASP,914,AP1B1,AP1B1,Q10567,-0.97451967,0.217894357,2.512794495,extracellular_vesicle,IMR90_fibroblast,E914,False
IR Exosome SASP,915,PKP3,PKP3,Q9Y446,-0.982047021,0.193481544,2.142271757,extracellular_vesicle,IMR90_fibroblast,E915,False
IR Exosome SASP,916,FHL2,FHL2,Q14192,-0.983926952,0.053326846,1.817591429,extracellular_vesicle,IMR90_fibroblast,E916,False
IR Exosome SASP,917,SKA3,SKA3,Q8IX90,-0.985827923,0.07187646,0.968666136,extracellular_vesicle,IMR90_fibroblast,E917,False
IR Exosome SASP,918,RPL3,RPL3,P39023,-0.985911071,0.076697359,2.123356342,extracellular_vesicle,IMR90_fibroblast,E918,False
IR Exosome SASP,919,RRAGC;RRAGD,,Q9HB90;Q9NQL2,-0.987051308,0.227033249,2.34430337,extracellular_vesicle,IMR90_fibroblast,E919,False
IR Exosome SASP,920,AKR1A1,AKR1A1,P14550,-0.990652025,0.191650116,2.130589724,extracellular_vesicle,IMR90_fibroblast,E920,False
IR Exosome SASP,921,S100A10,S100A10,P60903,-1.024814487,1.49e-05,1.179044962,extracellular_vesicle,IMR90_fibroblast,E921,False
IR Exosome SASP,922,GNAI1,GNAI1,P63096,-1.030151606,0.030741728,0.660682023,extracellular_vesicle,IMR90_fibroblast,E922,False
IR Exosome SASP,923,SARS,SARS,P49591,-0.998623908,0.071280611,1.625742316,extracellular_vesicle,IMR90_fibroblast,E923,False
IR Exosome SASP,924,SLC27A3,SLC27A3,Q5K4L6,-1.039256454,0.024470752,0.600669384,extracellular_vesicle,IMR90_fibroblast,E924,False
IR Exosome SASP,925,HS2ST1,HS2ST1,Q7LGA3,-1.006015897,0.198350821,2.267582655,extracellular_vesicle,IMR90_fibroblast,E925,False
IR Exosome SASP,926,TXLNA,TXLNA,P40222,-1.015429974,0.17000944,1.919208288,extracellular_vesicle,IMR90_fibroblast,E926,False
IR Exosome SASP,927,SF3B3,SF3B3,Q15393,-1.017477632,0.127249775,2.302034616,extracellular_vesicle,IMR90_fibroblast,E927,False
IR Exosome SASP,928,KIF23,KIF23,Q02241,-1.021748424,0.183150182,2.083712816,extracellular_vesicle,IMR90_fibroblast,E928,False
IR Exosome SASP,929,SETSIP;SET,,P0DME0;Q01105,-1.022242188,0.12204384,1.967540979,extracellular_vesicle,IMR90_fibroblast,E929,False
IR Exosome SASP,930,ARL8B,ARL8B,Q9NVJ2,-1.083845615,0.001014319,1.499646544,extracellular_vesicle,IMR90_fibroblast,E930,False
IR Exosome SASP,931,APOC3,APOC3,P02656,-1.027616024,0.150775423,1.725322366,extracellular_vesicle,IMR90_fibroblast,E931,False
IR Exosome SASP,932,NEDD8,NEDD8,Q15843,-1.029068112,0.094543349,1.206141114,extracellular_vesicle,IMR90_fibroblast,E932,False
IR Exosome SASP,933,TNFRSF10B,TNFRSF10B,O14763,-1.029802561,0.082057192,1.094814777,extracellular_vesicle,IMR90_fibroblast,E933,False
IR Exosome SASP,934,ANXA3,ANXA3,P12429,-1.085629463,0.008664598,1.234067321,extracellular_vesicle,IMR90_fibroblast,E934,False
IR Exosome SASP,935,PSMD1,PSMD1,Q99460,-1.031532049,0.113162964,1.371119738,extracellular_vesicle,IMR90_fibroblast,E935,False
IR Exosome SASP,936,SAR1A;SAR1B,,Q9NR31;Q9Y6B6,-1.038019776,0.113799163,1.151306033,extracellular_vesicle,IMR90_fibroblast,E936,False
IR Exosome SASP,937,CCT3,CCT3,P49368,-1.085766196,0.005383309,1.92609334,extracellular_vesicle,IMR90_fibroblast,E937,False
IR Exosome SASP,938,SRM,SRM,P19623,-1.042377353,0.078061651,1.076643467,extracellular_vesicle,IMR90_fibroblast,E938,False
IR Exosome SASP,939,SERPINE2,SERPINE2,P07093,-1.057590008,0.087046197,1.913937926,extracellular_vesicle,IMR90_fibroblast,E939,False
IR Exosome SASP,940,EIF3CL;EIF3C,,B5ME19;Q99613,-1.058921695,0.081811033,1.5952636,extracellular_vesicle,IMR90_fibroblast,E940,False
IR Exosome SASP,941,CD63,CD63,P08962,-1.064210773,0.118178033,1.456678152,extracellular_vesicle,IMR90_fibroblast,E941,False
IR Exosome SASP,942,PRDX4,PRDX4,Q13162,-1.066464782,0.081112264,2.356248379,extracellular_vesicle,IMR90_fibroblast,E942,False
IR Exosome SASP,943,KRT33B,KRT33B,Q14525,-1.067088485,0.148031637,1.758995891,extracellular_vesicle,IMR90_fibroblast,E943,False
IR Exosome SASP,944,SNRPD3,SNRPD3,P62318,-1.068625927,0.084847231,1.172248363,extracellular_vesicle,IMR90_fibroblast,E944,False
IR Exosome SASP,945,PDLIM7,PDLIM7,Q9NR12,-1.071329832,0.191650116,2.308776617,extracellular_vesicle,IMR90_fibroblast,E945,False
IR Exosome SASP,946,SNX3,SNX3,O60493,-1.071912766,0.109986744,2.218841076,extracellular_vesicle,IMR90_fibroblast,E946,False
IR Exosome SASP,947,STOML3,STOML3,Q8TAV4,-1.072875738,0.055484001,0.912732065,extracellular_vesicle,IMR90_fibroblast,E947,False
IR Exosome SASP,948,UGDH,UGDH,O60701,-1.080082059,0.059931423,2.480495453,extracellular_vesicle,IMR90_fibroblast,E948,False
IR Exosome SASP,949,PRCP,PRCP,P42785,-1.09931314,0.014808376,0.515928686,extracellular_vesicle,IMR90_fibroblast,E949,False
IR Exosome SASP,950,CALM1,CALM1,P62158,-1.104157567,7.18e-07,0.971278012,extracellular_vesicle,IMR90_fibroblast,E950,False
IR Exosome SASP,951,PTRF,PTRF,Q6NZI2,-1.124740124,0.004096044,1.099832058,extracellular_vesicle,IMR90_fibroblast,E951,False
IR Exosome SASP,952,CC2D1B,CC2D1B,Q5T0F9,-1.087153435,0.176029459,2.122350693,extracellular_vesicle,IMR90_fibroblast,E952,False
IR Exosome SASP,953,SFPQ,SFPQ,P23246,-1.088010311,0.214035013,2.723316431,extracellular_vesicle,IMR90_fibroblast,E953,False
IR Exosome SASP,954,SRP68,SRP68,Q9UHB9,-1.091841221,0.137979503,1.691196918,extracellular_vesicle,IMR90_fibroblast,E954,False
IR Exosome SASP,955,CDIPT,CDIPT,O14735,-1.092116475,0.168171466,2.036631107,extracellular_vesicle,IMR90_fibroblast,E955,False
IR Exosome SASP,956,PRDX3,PRDX3,P30048,-1.095282555,0.125338197,1.561315656,extracellular_vesicle,IMR90_fibroblast,E956,False
IR Exosome SASP,957,ANPEP,ANPEP,P15144,-1.142167926,0.0066724,2.096895218,extracellular_vesicle,IMR90_fibroblast,E957,False
IR Exosome SASP,958,ARHGDIA,ARHGDIA,P52565,-1.151446223,0.008919017,0.968480349,extracellular_vesicle,IMR90_fibroblast,E958,False
IR Exosome SASP,959,VTA1,VTA1,Q9NP79,-1.104308844,0.167653572,2.048142672,extracellular_vesicle,IMR90_fibroblast,E959,False
IR Exosome SASP,960,MAOA,MAOA,P21397,-1.109257579,0.080153333,1.161783576,extracellular_vesicle,IMR90_fibroblast,E960,False
IR Exosome SASP,961,ASNA1,ASNA1,O43681,-1.119405866,0.100167553,2.194251299,extracellular_vesicle,IMR90_fibroblast,E961,False
IR Exosome SASP,962,IPO5;RANBP6,,O00410;O60518,-1.121772528,0.267569367,3.716683626,extracellular_vesicle,IMR90_fibroblast,E962,False
IR Exosome SASP,963,LGALS3,LGALS3,P17931,-1.156725287,0.000804609,1.49903667,extracellular_vesicle,IMR90_fibroblast,E963,False
IR Exosome SASP,964,BCKDHA,BCKDHA,P12694,-1.130440712,0.109859282,1.468609214,extracellular_vesicle,IMR90_fibroblast,E964,False
IR Exosome SASP,965,NUP98,NUP98,P52948,-1.130812049,0.12204384,1.582651019,extracellular_vesicle,IMR90_fibroblast,E965,False
IR Exosome SASP,966,CNPY2,CNPY2,Q9Y2B0,-1.13394928,0.13608294,1.737799764,extracellular_vesicle,IMR90_fibroblast,E966,False
IR Exosome SASP,967,FBLN5,FBLN5,Q9UBX5,-1.139473438,0.139617337,2.774511576,extracellular_vesicle,IMR90_fibroblast,E967,False
IR Exosome SASP,968,SPECC1L,SPECC1L,Q69YQ0,-1.15931356,0.026447094,0.693081677,extracellular_vesicle,IMR90_fibroblast,E968,False
IR Exosome SASP,969,ATP2A1;ATP2A2;ATP2A3,,O14983;P16615;Q93084,-1.144008756,0.115831549,1.285971761,extracellular_vesicle,IMR90_fibroblast,E969,False
IR Exosome SASP,970,SLC12A4,SLC12A4,Q9UP95,-1.144623637,0.07698122,1.171378374,extracellular_vesicle,IMR90_fibroblast,E970,False
IR Exosome SASP,971,STIP1,STIP1,P31948,-1.151099801,0.170502218,2.183595657,extracellular_vesicle,IMR90_fibroblast,E971,False
IR Exosome SASP,972,KRT19,KRT19,P08727,-1.178367496,0.018561297,2.173506737,extracellular_vesicle,IMR90_fibroblast,E972,False
IR Exosome SASP,973,HIST1H2BK;H2BFS;HIST1H2BD;HIST1H2BC;HIST2H2BF;HIST1H2BH;HIST1H2BN;HIST1H2BM;HIST1H2BL,,O60814;P57053;P58876;P62807;Q5QNW6;Q93079;Q99877;Q99879;Q99880,-1.178722382,0.00505168,1.003893733,extracellular_vesicle,IMR90_fibroblast,E973,False
IR Exosome SASP,974,PTK7,PTK7,Q13308,-1.184799671,4.77e-07,1.558534384,extracellular_vesicle,IMR90_fibroblast,E974,False
IR Exosome SASP,975,COPG2;COPG1,,Q9UBF2;Q9Y678,-1.160148025,0.197522027,2.230294228,extracellular_vesicle,IMR90_fibroblast,E975,False
IR Exosome SASP,976,ELP4,ELP4,Q96EB1,-1.170776367,0.17000944,2.213818789,extracellular_vesicle,IMR90_fibroblast,E976,False
IR Exosome SASP,977,MME,MME,P08473,-1.172202229,0.148031637,2.991695642,extracellular_vesicle,IMR90_fibroblast,E977,False
IR Exosome SASP,978,WIPF2,WIPF2,Q8TF74,-1.176248074,0.063954058,1.088794351,extracellular_vesicle,IMR90_fibroblast,E978,False
IR Exosome SASP,979,NRAS,NRAS,P01111,-1.204456806,0.002018152,1.172620058,extracellular_vesicle,IMR90_fibroblast,E979,False
IR Exosome SASP,980,VPS35,VPS35,Q96QK1,-1.213671684,0.040441294,1.573715806,extracellular_vesicle,IMR90_fibroblast,E980,False
IR Exosome SASP,981,RPS24,RPS24,P62847,-1.183258653,0.084435615,1.292888641,extracellular_vesicle,IMR90_fibroblast,E981,False
IR Exosome SASP,982,MYO1C,MYO1C,O00159,-1.215762377,4.61e-06,1.41207099,extracellular_vesicle,IMR90_fibroblast,E982,False
IR Exosome SASP,983,APOE,APOE,P02649,-1.192271233,0.13336484,1.796946883,extracellular_vesicle,IMR90_fibroblast,E983,False
IR Exosome SASP,984,PPID,PPID,Q08752,-1.192768693,0.230374424,3.379627705,extracellular_vesicle,IMR90_fibroblast,E984,False
IR Exosome SASP,985,SLC38A2,SLC38A2,Q96QD8,-1.192988396,0.098860817,1.442781091,extracellular_vesicle,IMR90_fibroblast,E985,False
IR Exosome SASP,986,RAP2B,RAP2B,P61225,-1.229819179,0.016205262,0.594488144,extracellular_vesicle,IMR90_fibroblast,E986,False
IR Exosome SASP,987,C4A,C4A,P0C0L4,-1.241833091,0.013815528,1.559800863,extracellular_vesicle,IMR90_fibroblast,E987,False
IR Exosome SASP,988,CAPZA1,CAPZA1,P52907,-1.241908669,9.68e-05,0.766451359,extracellular_vesicle,IMR90_fibroblast,E988,False
IR Exosome SASP,989,EFEMP2,EFEMP2,O95967,-1.225521326,0.07187646,1.204862118,extracellular_vesicle,IMR90_fibroblast,E989,False
IR Exosome SASP,990,QPRT,QPRT,Q15274,-1.228574395,0.096767621,1.460077167,extracellular_vesicle,IMR90_fibroblast,E990,False
IR Exosome SASP,991,DCD,DCD,P81605,-1.246916056,0.001139343,1.486794353,extracellular_vesicle,IMR90_fibroblast,E991,False
IR Exosome SASP,992,BST1,BST1,Q10588,-1.229937077,0.058930585,1.085661173,extracellular_vesicle,IMR90_fibroblast,E992,False
IR Exosome SASP,993,HINT1,HINT1,P49773,-1.234256983,0.146180831,2.010781765,extracellular_vesicle,IMR90_fibroblast,E993,False
IR Exosome SASP,994,VAPA,VAPA,Q9P0L0,-1.256489873,0.021404367,0.682581842,extracellular_vesicle,IMR90_fibroblast,E994,False
IR Exosome SASP,995,GPC6,GPC6,Q9Y625,-1.258532882,0.022765295,1.346439123,extracellular_vesicle,IMR90_fibroblast,E995,False
IR Exosome SASP,996,CNDP2,CNDP2,Q96KP4,-1.244478464,0.222379075,3.303747177,extracellular_vesicle,IMR90_fibroblast,E996,False
IR Exosome SASP,997,ADCK3,ADCK3,Q8NI60,-1.245840788,0.196444164,2.770276546,extracellular_vesicle,IMR90_fibroblast,E997,False
IR Exosome SASP,998,HNRNPD,HNRNPD,Q14103,-1.277806282,0.017934097,1.623855472,extracellular_vesicle,IMR90_fibroblast,E998,False
IR Exosome SASP,999,EHD1,EHD1,Q9H4M9,-1.287494302,0.000677295,1.530188203,extracellular_vesicle,IMR90_fibroblast,E999,False
IR Exosome SASP,1000,NCL,NCL,P19338,-1.311437249,0.048955852,2.354798079,extracellular_vesicle,IMR90_fibroblast,E1000,False
IR Exosome SASP,1001,CD151,CD151,P48509,-1.261417508,0.092309858,1.450488567,extracellular_vesicle,IMR90_fibroblast,E1001,False
IR Exosome SASP,1002,ACADVL,ACADVL,P49748,-1.272990227,0.114608291,1.706118464,extracellular_vesicle,IMR90_fibroblast,E1002,False
IR Exosome SASP,1003,CROCC,CROCC,Q5TZA2,-1.274561286,0.086330102,1.409577012,extracellular_vesicle,IMR90_fibroblast,E1003,False
IR Exosome SASP,1004,COASY,COASY,Q13057,-1.274911523,0.159969682,2.265594721,extracellular_vesicle,IMR90_fibroblast,E1004,False
IR Exosome SASP,1005,FLOT1,FLOT1,O75955,-1.32421577,0.000852512,1.308793783,extracellular_vesicle,IMR90_fibroblast,E1005,False
IR Exosome SASP,1006,BCR,BCR,P11274,-1.283572078,0.058752283,1.129651308,extracellular_vesicle,IMR90_fibroblast,E1006,False
IR Exosome SASP,1007,SERPINE1,SERPINE1,P05121,-1.287323713,0.077562347,2.18644309,extracellular_vesicle,IMR90_fibroblast,E1007,False
IR Exosome SASP,1008,XPNPEP1,XPNPEP1,Q9NQW7,-1.327127576,0.010654697,1.575258851,extracellular_vesicle,IMR90_fibroblast,E1008,False
IR Exosome SASP,1009,IDH1,IDH1,O75874,-1.288848042,0.078789265,1.338553905,extracellular_vesicle,IMR90_fibroblast,E1009,False
IR Exosome SASP,1010,LEMD2,LEMD2,Q8NC56,-1.294849277,0.06194359,1.177292943,extracellular_vesicle,IMR90_fibroblast,E1010,False
IR Exosome SASP,1011,SERPINB4,SERPINB4,P48594,-1.307326317,0.097790208,2.948831558,extracellular_vesicle,IMR90_fibroblast,E1011,False
IR Exosome SASP,1012,CTSD,CTSD,P07339,-1.335385442,0.022453557,1.880469799,extracellular_vesicle,IMR90_fibroblast,E1012,False
IR Exosome SASP,1013,COX7A2L,COX7A2L,O14548,-1.321252465,0.179897171,2.639014721,extracellular_vesicle,IMR90_fibroblast,E1013,False
IR Exosome SASP,1014,MYADM,MYADM,Q96S97,-1.337498069,0.001760003,0.295481056,extracellular_vesicle,IMR90_fibroblast,E1014,False
IR Exosome SASP,1015,VIL1,VIL1,P09327,-1.338907123,0.027376168,0.814595878,extracellular_vesicle,IMR90_fibroblast,E1015,False
IR Exosome SASP,1016,CBR3,CBR3,O75828,-1.328786016,0.141817102,3.279239893,extracellular_vesicle,IMR90_fibroblast,E1016,False
IR Exosome SASP,1017,NCSTN,NCSTN,Q92542,-1.335275769,0.070677878,1.297463298,extracellular_vesicle,IMR90_fibroblast,E1017,False
IR Exosome SASP,1018,SHB,SHB,Q15464,-1.339380622,0.03990313,0.971106112,extracellular_vesicle,IMR90_fibroblast,E1018,False
IR Exosome SASP,1019,PARK7,PARK7,Q99497,-1.361749649,0.006329424,1.441014171,extracellular_vesicle,IMR90_fibroblast,E1019,False
IR Exosome SASP,1020,XRCC5,XRCC5,P13010,-1.362274528,0.00505168,0.414621323,extracellular_vesicle,IMR90_fibroblast,E1020,False
IR Exosome SASP,1021,KRT72,KRT72,Q14CN4,-1.389785528,0.000446879,0.823162854,extracellular_vesicle,IMR90_fibroblast,E1021,False
IR Exosome SASP,1022,ICT1,ICT1,Q14197,-1.346020222,0.241651175,4.130980492,extracellular_vesicle,IMR90_fibroblast,E1022,False
IR Exosome SASP,1023,DDX39A,DDX39A,O00148,-1.356207728,0.20347726,3.164406776,extracellular_vesicle,IMR90_fibroblast,E1023,False
IR Exosome SASP,1024,RPL30,RPL30,P62888,-1.358178496,0.083929719,2.41466403,extracellular_vesicle,IMR90_fibroblast,E1024,False
IR Exosome SASP,1025,SFN,SFN,P31947,-1.358852029,0.16758053,2.515546322,extracellular_vesicle,IMR90_fibroblast,E1025,False
IR Exosome SASP,1026,AKR1B1,AKR1B1,P15121,-1.407812595,0.022904065,1.512895465,extracellular_vesicle,IMR90_fibroblast,E1026,False
IR Exosome SASP,1027,FAM129A,FAM129A,Q9BZQ8,-1.417725086,0.0379593,0.997597814,extracellular_vesicle,IMR90_fibroblast,E1027,False
IR Exosome SASP,1028,ALDH16A1,ALDH16A1,Q8IZ83,-1.366335511,0.083403743,1.471165299,extracellular_vesicle,IMR90_fibroblast,E1028,False
IR Exosome SASP,1029,S100A9,S100A9,P06702,-1.36706531,0.083605628,1.481666565,extracellular_vesicle,IMR90_fibroblast,E1029,False
IR Exosome SASP,1030,SEC23IP,SEC23IP,Q9Y6Y8,-1.367390633,0.128041357,3.106758595,extracellular_vesicle,IMR90_fibroblast,E1030,False
IR Exosome SASP,1031,GNS,GNS,P15586,-1.36989665,0.05862695,2.048920155,extracellular_vesicle,IMR90_fibroblast,E1031,False
IR Exosome SASP,1032,MTR,MTR,Q99707,-1.374724269,0.062916846,1.260595441,extracellular_vesicle,IMR90_fibroblast,E1032,False
IR Exosome SASP,1033,CHORDC1,CHORDC1,Q9UHD1,-1.420561075,0.028314554,0.878293455,extracellular_vesicle,IMR90_fibroblast,E1033,False
IR Exosome SASP,1034,ATAD3A,ATAD3A,Q9NVI7,-1.390507221,0.083403743,1.495928049,extracellular_vesicle,IMR90_fibroblast,E1034,False
IR Exosome SASP,1035,MYOF,MYOF,Q9NZM1,-1.42655623,1.14e-26,1.278120756,extracellular_vesicle,IMR90_fibroblast,E1035,False
IR Exosome SASP,1036,GMPS,GMPS,P49915,-1.409728646,0.074722021,2.350165129,extracellular_vesicle,IMR90_fibroblast,E1036,False
IR Exosome SASP,1037,USP17L3;USP17L5;USP17L15;USP17L10;USP17L13;USP17L12;USP17L11;USP17L21;USP17L18;USP17L22;USP17L17;USP17L19;USP17L20;USP17L24;USP17L1,,A6NCW0;A8MUK1;C9J2P7;C9JJH3;C9JLJ4;C9JPN9;C9JVI0;D6R901;D6R9N7;D6RA61;D6RBQ6;D6RCP7;D6RJB6;Q0WX57;Q7RTZ2,-1.411915302,0.135087335,2.152662754,extracellular_vesicle,IMR90_fibroblast,E1037,False
IR Exosome SASP,1038,KSR1,KSR1,Q8IVT5,-1.437558889,0.008305843,0.538980842,extracellular_vesicle,IMR90_fibroblast,E1038,False
IR Exosome SASP,1039,KRT6B,KRT6B,P04259,-1.448672414,4.84e-05,2.198195219,extracellular_vesicle,IMR90_fibroblast,E1039,False
IR Exosome SASP,1040,BCL2L13,BCL2L13,Q9BXK5,-1.422664285,0.055190769,1.206369638,extracellular_vesicle,IMR90_fibroblast,E1040,False
IR Exosome SASP,1041,MIF,MIF,P14174,-1.467475057,0.000709671,1.131276131,extracellular_vesicle,IMR90_fibroblast,E1041,False
IR Exosome SASP,1042,PARP10,PARP10,Q53GL7,-1.427603006,0.136171732,2.191254616,extracellular_vesicle,IMR90_fibroblast,E1042,False
IR Exosome SASP,1043,NAGK,NAGK,Q9UJ70,-1.431507111,0.111583666,1.882910848,extracellular_vesicle,IMR90_fibroblast,E1043,False
IR Exosome SASP,1044,SLC5A1,SLC5A1,P13866,-1.433223605,0.20264556,3.325545311,extracellular_vesicle,IMR90_fibroblast,E1044,False
IR Exosome SASP,1045,HBB,HBB,P68871,-1.477068901,0.007537103,2.15789032,extracellular_vesicle,IMR90_fibroblast,E1045,False
IR Exosome SASP,1046,UBE2R2,UBE2R2,Q712K3,-1.445507169,0.19772358,3.243669987,extracellular_vesicle,IMR90_fibroblast,E1046,False
IR Exosome SASP,1047,TGM2,TGM2,P21980,-1.477486014,0.009526154,1.261977553,extracellular_vesicle,IMR90_fibroblast,E1047,False
IR Exosome SASP,1048,ATF7IP,ATF7IP,Q6VMQ6,-1.448736191,0.193483965,3.163113832,extracellular_vesicle,IMR90_fibroblast,E1048,False
IR Exosome SASP,1049,RBMS2,RBMS2,Q15434,-1.44887197,0.196444164,3.218894958,extracellular_vesicle,IMR90_fibroblast,E1049,False
IR Exosome SASP,1050,CAPNS1,CAPNS1,P04632,-1.450215578,0.108918713,2.9843192099999998,extracellular_vesicle,IMR90_fibroblast,E1050,False
IR Exosome SASP,1051,PLIN2,PLIN2,Q99541,-1.45273304,0.104655536,1.827412248,extracellular_vesicle,IMR90_fibroblast,E1051,False
IR Exosome SASP,1052,HIBCH,HIBCH,Q6NVY1,-1.456562638,0.071280611,1.423784733,extracellular_vesicle,IMR90_fibroblast,E1052,False
IR Exosome SASP,1053,CENPH,CENPH,Q9H3R5,-1.458721161,0.166227851,2.678858042,extracellular_vesicle,IMR90_fibroblast,E1053,False
IR Exosome SASP,1054,ATP5H,ATP5H,O75947,-1.460076332,0.165666561,2.670892715,extracellular_vesicle,IMR90_fibroblast,E1054,False
IR Exosome SASP,1055,TCIRG1,TCIRG1,Q13488,-1.463578463,0.056154159,2.15452981,extracellular_vesicle,IMR90_fibroblast,E1055,False
IR Exosome SASP,1056,CDK14;CDK1;CDK4;CDK2;CDK9;CDK3;CDK6;CDK5;CDK16;CDK17;CDK18;CDK13;CDK15;CDK12,,O94921;P06493;P11802;P24941;P50750;Q00526;Q00534;Q00535;Q00536;Q00537;Q07002;Q14004;Q96Q40;Q9NYV4,-1.465021729,0.072881458,1.170815468,extracellular_vesicle,IMR90_fibroblast,E1056,False
IR Exosome SASP,1057,PSMD12,PSMD12,O00232,-1.49028194,0.002683749,0.967133462,extracellular_vesicle,IMR90_fibroblast,E1057,False
IR Exosome SASP,1058,TPM3,TPM3,P06753,-1.49504602,0.004182332,0.429377913,extracellular_vesicle,IMR90_fibroblast,E1058,False
IR Exosome SASP,1059,EPHA4,EPHA4,P54764,-1.49815166,0.045166672,1.147505641,extracellular_vesicle,IMR90_fibroblast,E1059,False
IR Exosome SASP,1060,FARP1,FARP1,Q9Y4F1,-1.479502678,0.081811033,1.568883181,extracellular_vesicle,IMR90_fibroblast,E1060,False
IR Exosome SASP,1061,PRC1,PRC1,O43663,-1.486778259,0.133975529,2.248235226,extracellular_vesicle,IMR90_fibroblast,E1061,False
IR Exosome SASP,1062,HNRNPU,HNRNPU,Q00839,-1.513136864,0.02916599,0.948094904,extracellular_vesicle,IMR90_fibroblast,E1062,False
IR Exosome SASP,1063,MOXD1,MOXD1,Q6UVY6,-1.494059443,0.169122671,2.803884268,extracellular_vesicle,IMR90_fibroblast,E1063,False
IR Exosome SASP,1064,GYG1,GYG1,P46976,-1.494841576,0.060745449,1.342153549,extracellular_vesicle,IMR90_fibroblast,E1064,False
IR Exosome SASP,1065,ATP6V1A,ATP6V1A,P38606,-1.513369799,0.017990282,2.021975994,extracellular_vesicle,IMR90_fibroblast,E1065,False
IR Exosome SASP,1066,ITGA1,ITGA1,P56199,-1.52,0.039301268,1.43,extracellular_vesicle,IMR90_fibroblast,E1066,False
IR Exosome SASP,1067,TAGLN2,TAGLN2,P37802,-1.498968124,0.108494777,1.931569219,extracellular_vesicle,IMR90_fibroblast,E1067,False
IR Exosome SASP,1068,AAK1,AAK1,Q2M2I8,-1.50088346,0.152104053,2.53874588,extracellular_vesicle,IMR90_fibroblast,E1068,False
IR Exosome SASP,1069,PTTG1IP,PTTG1IP,P53801,-1.521099687,0.00056436,0.239860669,extracellular_vesicle,IMR90_fibroblast,E1069,False
IR Exosome SASP,1070,PTMS,PTMS,P20962,-1.521724939,0.015079605,0.71855551,extracellular_vesicle,IMR90_fibroblast,E1070,False
IR Exosome SASP,1071,CTPS2,CTPS2,Q9NRF8,-1.515922189,0.054926869,1.281501174,extracellular_vesicle,IMR90_fibroblast,E1071,False
IR Exosome SASP,1072,HNRNPF,HNRNPF,P52597,-1.528555989,0.005828498,1.044267774,extracellular_vesicle,IMR90_fibroblast,E1072,False
IR Exosome SASP,1073,SOD2,SOD2,P04179,-1.529823661,0.001417412,1.601849556,extracellular_vesicle,IMR90_fibroblast,E1073,False
IR Exosome SASP,1074,PCBP1,PCBP1,Q15365,-1.540384293,0.016526346,1.916570783,extracellular_vesicle,IMR90_fibroblast,E1074,False
IR Exosome SASP,1075,SLC44A2,SLC44A2,Q8IWA5,-1.546647787,0.001417412,0.319170237,extracellular_vesicle,IMR90_fibroblast,E1075,False
IR Exosome SASP,1076,RBM17,RBM17,Q96I25,-1.539611697,0.135087335,2.345987797,extracellular_vesicle,IMR90_fibroblast,E1076,False
IR Exosome SASP,1077,PMPCA,PMPCA,Q10713,-1.559661269,0.014357034,0.724197507,extracellular_vesicle,IMR90_fibroblast,E1077,False
IR Exosome SASP,1078,FAM3C,FAM3C,Q92520,-1.544935584,0.058930585,1.363054991,extracellular_vesicle,IMR90_fibroblast,E1078,False
IR Exosome SASP,1079,SPPL2A,SPPL2A,Q8TCT8,-1.561087132,0.006689029,0.534573555,extracellular_vesicle,IMR90_fibroblast,E1079,False
IR Exosome SASP,1080,PAPD5,PAPD5,Q8NDF8,-1.547326565,0.154349581,2.670371294,extracellular_vesicle,IMR90_fibroblast,E1080,False
IR Exosome SASP,1081,ISYNA1,ISYNA1,Q9NPH2,-1.553616285,0.129319097,2.265080452,extracellular_vesicle,IMR90_fibroblast,E1081,False
IR Exosome SASP,1082,RPL15,RPL15,P61313,-1.574972868,0.008822636,1.797590852,extracellular_vesicle,IMR90_fibroblast,E1082,False
IR Exosome SASP,1083,SLC44A1,SLC44A1,Q8WWI5,-1.584570646,0.025251144,0.927685738,extracellular_vesicle,IMR90_fibroblast,E1083,False
IR Exosome SASP,1084,DOS,DOS,Q8N350,-1.56328094,0.054470462,1.312249899,extracellular_vesicle,IMR90_fibroblast,E1084,False
IR Exosome SASP,1085,EPB41L3,EPB41L3,Q9Y2J2,-1.566268206,0.13979424,2.455170393,extracellular_vesicle,IMR90_fibroblast,E1085,False
IR Exosome SASP,1086,NUDT2,NUDT2,P50583,-1.603001237,0.03123933,1.901404619,extracellular_vesicle,IMR90_fibroblast,E1086,False
IR Exosome SASP,1087,RAB8B,RAB8B,Q92930,-1.6051929,0.005830508,1.592059612,extracellular_vesicle,IMR90_fibroblast,E1087,False
IR Exosome SASP,1088,KRT73,KRT73,Q86Y46,-1.589762568,0.054866299,1.34102571,extracellular_vesicle,IMR90_fibroblast,E1088,False
IR Exosome SASP,1089,PBRM1,PBRM1,Q86U86,-1.593671441,0.138455964,2.478726625,extracellular_vesicle,IMR90_fibroblast,E1089,False
IR Exosome SASP,1090,MCMBP,MCMBP,Q9BTE3,-1.597185731,0.183046768,3.25124979,extracellular_vesicle,IMR90_fibroblast,E1090,False
IR Exosome SASP,1091,EIF4A2,EIF4A2,Q14240,-1.60603416,0.011359754,0.684900522,extracellular_vesicle,IMR90_fibroblast,E1091,False
IR Exosome SASP,1092,RPL9,RPL9,P32969,-1.603476882,0.077562347,1.648757935,extracellular_vesicle,IMR90_fibroblast,E1092,False
IR Exosome SASP,1093,ELAC2,ELAC2,Q9BQ52,-1.604012847,0.146180831,2.614690304,extracellular_vesicle,IMR90_fibroblast,E1093,False
IR Exosome SASP,1094,RABGAP1L,RABGAP1L,Q5R372,-1.606276631,0.039811352,2.071406364,extracellular_vesicle,IMR90_fibroblast,E1094,False
IR Exosome SASP,1095,TUFM,TUFM,P49411,-1.605847716,0.097790208,3.104081154,extracellular_vesicle,IMR90_fibroblast,E1095,False
IR Exosome SASP,1096,SOD1,SOD1,P00441,-1.610676646,1.73e-05,1.709242105,extracellular_vesicle,IMR90_fibroblast,E1096,False
IR Exosome SASP,1097,SRSF3,SRSF3,P84103,-1.627255678,0.039811352,2.09817338,extracellular_vesicle,IMR90_fibroblast,E1097,False
IR Exosome SASP,1098,TOLLIP,TOLLIP,Q9H0E2,-1.608476162,0.052133327,1.322868347,extracellular_vesicle,IMR90_fibroblast,E1098,False
IR Exosome SASP,1099,GJA1,GJA1,P17302,-1.638490677,0.001241804,0.933711171,extracellular_vesicle,IMR90_fibroblast,E1099,False
IR Exosome SASP,1100,LCMT2,LCMT2,O60294,-1.616980672,0.090487771,1.838149786,extracellular_vesicle,IMR90_fibroblast,E1100,False
IR Exosome SASP,1101,KRT17,KRT17,Q04695,-1.646855712,1.02e-10,2.560440063,extracellular_vesicle,IMR90_fibroblast,E1101,False
IR Exosome SASP,1102,TARSL2;TARS,,A2RTX5;P26639,-1.630674839,0.087118318,1.479849696,extracellular_vesicle,IMR90_fibroblast,E1102,False
IR Exosome SASP,1103,FAM172A,FAM172A,Q8WUF8,-1.635833025,0.238699646,4.915416241,extracellular_vesicle,IMR90_fibroblast,E1103,False
IR Exosome SASP,1104,SRPRB,SRPRB,Q9Y5M8,-1.648572683,0.038308905,2.08959198,extracellular_vesicle,IMR90_fibroblast,E1104,False
IR Exosome SASP,1105,GFM1,GFM1,Q96RP9,-1.642576814,0.057648703,1.431277871,extracellular_vesicle,IMR90_fibroblast,E1105,False
IR Exosome SASP,1106,APEX1,APEX1,P27695,-1.657993197,0.000238552,0.204401821,extracellular_vesicle,IMR90_fibroblast,E1106,False
IR Exosome SASP,1107,TM9SF3,TM9SF3,Q9HD45,-1.660055757,0.022765295,0.92970413,extracellular_vesicle,IMR90_fibroblast,E1107,False
IR Exosome SASP,1108,STARD9,STARD9,Q9P2P6,-1.657503486,0.09518651,1.951234579,extracellular_vesicle,IMR90_fibroblast,E1108,False
IR Exosome SASP,1109,COQ6,COQ6,Q9Y2Z9,-1.657515407,0.050194147,1.338414431,extracellular_vesicle,IMR90_fibroblast,E1109,False
IR Exosome SASP,1110,HECTD1,HECTD1,Q9ULT8,-1.65779078,0.201061109,3.802118063,extracellular_vesicle,IMR90_fibroblast,E1110,False
IR Exosome SASP,1111,IGHG1,IGHG1,P01857,-1.660302758,0.005687786,2.970525265,extracellular_vesicle,IMR90_fibroblast,E1111,False
IR Exosome SASP,1112,ABCG2,ABCG2,Q9UNQ0,-1.658854008,0.082305615,1.77154243,extracellular_vesicle,IMR90_fibroblast,E1112,False
IR Exosome SASP,1113,POLR2B,POLR2B,P30876,-1.661142945,0.047033539,1.299073339,extracellular_vesicle,IMR90_fibroblast,E1113,False
IR Exosome SASP,1114,VDAC2,VDAC2,P45880,-1.669616699,0.022765295,1.787559748,extracellular_vesicle,IMR90_fibroblast,E1114,False
IR Exosome SASP,1115,TXN,TXN,P10599,-1.679859996,0.021021185,1.754598975,extracellular_vesicle,IMR90_fibroblast,E1115,False
IR Exosome SASP,1116,HGH1,HGH1,Q9BTY7,-1.681913018,0.007406299,0.599538028,extracellular_vesicle,IMR90_fibroblast,E1116,False
IR Exosome SASP,1117,RBBP4;RBBP7,,Q09028;Q16576,-1.682353973,0.028314554,0.774302363,extracellular_vesicle,IMR90_fibroblast,E1117,False
IR Exosome SASP,1118,VASN,VASN,Q6EMK4,-1.685653448,0.017990282,1.69058454,extracellular_vesicle,IMR90_fibroblast,E1118,False
IR Exosome SASP,1119,FGB,FGB,P02675,-1.702611566,0.029434412,1.072697401,extracellular_vesicle,IMR90_fibroblast,E1119,False
IR Exosome SASP,1120,KRT36,KRT36,O76013,-1.702773213,0.037934343,1.195504308,extracellular_vesicle,IMR90_fibroblast,E1120,False
IR Exosome SASP,1121,LRP8,LRP8,Q14114,-1.702124119,0.06385806,1.573647857,extracellular_vesicle,IMR90_fibroblast,E1121,False
IR Exosome SASP,1122,KRT16,KRT16,P08779,-1.70477283,8.46e-13,2.987519264,extracellular_vesicle,IMR90_fibroblast,E1122,False
IR Exosome SASP,1123,HIST1H2BJ;HIST1H2BO;HIST1H2BB;HIST2H2BE;HIST3H2BB,,P06899;P23527;P33778;Q16778;Q8N257,-1.709228396,3.22e-06,1.665395856,extracellular_vesicle,IMR90_fibroblast,E1123,False
IR Exosome SASP,1124,PTGIS,PTGIS,Q16647,-1.70977807,0.043325258,1.286674142,extracellular_vesicle,IMR90_fibroblast,E1124,False
IR Exosome SASP,1125,RDH14,RDH14,Q9HBH5,-1.706867218,0.130980327,2.525529385,extracellular_vesicle,IMR90_fibroblast,E1125,False
IR Exosome SASP,1126,MAP4K4;MINK1;TNIK,,O95819;Q8N4C8;Q9UKE5,-1.715028286,0.003732215,0.934595287,extracellular_vesicle,IMR90_fibroblast,E1126,False
IR Exosome SASP,1127,GPX2,GPX2,P18283,-1.715616226,0.038649574,1.22136271,extracellular_vesicle,IMR90_fibroblast,E1127,False
IR Exosome SASP,1128,IMPA1,IMPA1,P29218,-1.718638062,0.008385154,0.649468899,extracellular_vesicle,IMR90_fibroblast,E1128,False
IR Exosome SASP,1129,SURF4,SURF4,O15260,-1.721993089,0.001583885,1.470780015,extracellular_vesicle,IMR90_fibroblast,E1129,False
IR Exosome SASP,1130,PSMD3,PSMD3,O43242,-1.731193304,0.018533349,1.749790192,extracellular_vesicle,IMR90_fibroblast,E1130,False
IR Exosome SASP,1131,PHGDH,PHGDH,O43175,-1.744181037,8.03e-05,1.625946045,extracellular_vesicle,IMR90_fibroblast,E1131,False
IR Exosome SASP,1132,ALDH1A2,ALDH1A2,O94788,-1.74468112,0.021404367,1.832222939,extracellular_vesicle,IMR90_fibroblast,E1132,False
IR Exosome SASP,1133,MIEF1,MIEF1,Q9NQG6,-1.73453176,0.064468474,1.612589955,extracellular_vesicle,IMR90_fibroblast,E1133,False
IR Exosome SASP,1134,XRCC6,XRCC6,P12956,-1.73650527,0.189913911,3.69756484,extracellular_vesicle,IMR90_fibroblast,E1134,False
IR Exosome SASP,1135,EIF3D,EIF3D,O15371,-1.742535353,0.097790208,2.09039855,extracellular_vesicle,IMR90_fibroblast,E1135,False
IR Exosome SASP,1136,FABP5,FABP5,Q01469,-1.747843385,7.86e-05,1.853995681,extracellular_vesicle,IMR90_fibroblast,E1136,False
IR Exosome SASP,1137,SH3BGRL,SH3BGRL,O75368,-1.757008433,0.009307375,1.491185665,extracellular_vesicle,IMR90_fibroblast,E1137,False
IR Exosome SASP,1138,RAB10,RAB10,P61026,-1.763147116,0.011754322,0.761335909,extracellular_vesicle,IMR90_fibroblast,E1138,False
IR Exosome SASP,1139,TBCE,TBCE,Q15813,-1.752780199,0.14285319,2.803195715,extracellular_vesicle,IMR90_fibroblast,E1139,False
IR Exosome SASP,1140,RASAL2,RASAL2,Q9UJF2,-1.793002129,0.014066113,0.825398207,extracellular_vesicle,IMR90_fibroblast,E1140,False
IR Exosome SASP,1141,DHRS7,DHRS7,Q9Y394,-1.810073376,0.014182275,0.836766422,extracellular_vesicle,IMR90_fibroblast,E1141,False
IR Exosome SASP,1142,KRT75,KRT75,O95678,-1.770159602,0.095132457,2.081972122,extracellular_vesicle,IMR90_fibroblast,E1142,False
IR Exosome SASP,1143,NUCKS1,NUCKS1,Q9H1E3,-1.774600983,0.126424042,2.545013905,extracellular_vesicle,IMR90_fibroblast,E1143,False
IR Exosome SASP,1144,GLO1,GLO1,Q04760,-1.776898265,0.159969682,3.159133434,extracellular_vesicle,IMR90_fibroblast,E1144,False
IR Exosome SASP,1145,NUCB2,NUCB2,P80303,-1.787215233,0.113162964,2.376899719,extracellular_vesicle,IMR90_fibroblast,E1145,False
IR Exosome SASP,1146,PROSC,PROSC,O94903,-1.792273521,0.177812732,3.536925077,extracellular_vesicle,IMR90_fibroblast,E1146,False
IR Exosome SASP,1147,GSTP1,GSTP1,P09211,-1.817269206,1.43e-09,1.331206203,extracellular_vesicle,IMR90_fibroblast,E1147,False
IR Exosome SASP,1148,KIF21B,KIF21B,O75037,-1.802073002,0.130980327,2.679127693,extracellular_vesicle,IMR90_fibroblast,E1148,False
IR Exosome SASP,1149,DPM1,DPM1,O60762,-1.807420015,0.152110558,3.060665369,extracellular_vesicle,IMR90_fibroblast,E1149,False
IR Exosome SASP,1150,GNA13,GNA13,Q14344,-1.818333149,0.001760003,1.095966578,extracellular_vesicle,IMR90_fibroblast,E1150,False
IR Exosome SASP,1151,KIF5B,KIF5B,P33176,-1.82310617,0.038758862,1.301860809,extracellular_vesicle,IMR90_fibroblast,E1151,False
IR Exosome SASP,1152,KRT14,KRT14,P02533,-1.824687839,9.5e-37,2.344204664,extracellular_vesicle,IMR90_fibroblast,E1152,False
IR Exosome SASP,1153,HIST1H1E;HIST1H1D;HIST1H1C,,P10412;P16402;P16403,-1.829097152,0.000205235,2.35862422,extracellular_vesicle,IMR90_fibroblast,E1153,False
IR Exosome SASP,1154,PRDX2,PRDX2,P32119,-1.834586263,4.14e-07,0.677108347,extracellular_vesicle,IMR90_fibroblast,E1154,False
IR Exosome SASP,1155,ATP5B,ATP5B,P06576,-1.83561933,0.007476304,1.469687104,extracellular_vesicle,IMR90_fibroblast,E1155,False
IR Exosome SASP,1156,EXOC2,EXOC2,Q96KP1,-1.830222011,0.184554373,3.769511223,extracellular_vesicle,IMR90_fibroblast,E1156,False
IR Exosome SASP,1157,RPS17;RPS17L,,P08708;P0CW22,-1.850351095,0.036102288,1.267911434,extracellular_vesicle,IMR90_fibroblast,E1157,False
IR Exosome SASP,1158,PRKRA,PRKRA,O75569,-1.852218628,0.013765191,0.844258189,extracellular_vesicle,IMR90_fibroblast,E1158,False
IR Exosome SASP,1159,IST1,IST1,P53990,-1.871561766,0.041784817,1.384728789,extracellular_vesicle,IMR90_fibroblast,E1159,False
IR Exosome SASP,1160,SLC25A3,SLC25A3,Q00325,-1.872844458,0.017990282,0.947547436,extracellular_vesicle,IMR90_fibroblast,E1160,False
IR Exosome SASP,1161,FNTA,FNTA,P49354,-1.864660025,0.072628161,1.846049309,extracellular_vesicle,IMR90_fibroblast,E1161,False
IR Exosome SASP,1162,VWA8,VWA8,A3KMH1,-1.869332433,0.142072232,2.975484371,extracellular_vesicle,IMR90_fibroblast,E1162,False
IR Exosome SASP,1163,SUPT16H,SUPT16H,Q9Y5B9,-1.884483337,0.042698895,1.40920651,extracellular_vesicle,IMR90_fibroblast,E1163,False
IR Exosome SASP,1164,43717,43717,Q9UHD8,-1.892863512,0.002479201,1.211948633,extracellular_vesicle,IMR90_fibroblast,E1164,False
IR Exosome SASP,1165,KRT2,KRT2,P35908,-1.909056067,2.4e-34,1.930209041,extracellular_vesicle,IMR90_fibroblast,E1165,False
IR Exosome SASP,1166,STX7,STX7,O15400,-1.94053328,0.005142311,1.420332909,extracellular_vesicle,IMR90_fibroblast,E1166,False
IR Exosome SASP,1167,DSP,DSP,P15924,-1.948414445,1.25e-30,2.163448811,extracellular_vesicle,IMR90_fibroblast,E1167,False
IR Exosome SASP,1168,LAMTOR5,LAMTOR5,O43504,-1.964424849,0.007866123,0.721680701,extracellular_vesicle,IMR90_fibroblast,E1168,False
IR Exosome SASP,1169,SCYL1,SCYL1,Q96KG9,-1.965001225,0.031229052,1.268416643,extracellular_vesicle,IMR90_fibroblast,E1169,False
IR Exosome SASP,1170,PGRMC2,PGRMC2,O15173,-1.974485278,0.015093289,1.88719523,extracellular_vesicle,IMR90_fibroblast,E1170,False
IR Exosome SASP,1171,TGFB1I1,TGFB1I1,O43294,-1.951206326,0.168171466,3.63779974,extracellular_vesicle,IMR90_fibroblast,E1171,False
IR Exosome SASP,1172,RPS27A,RPS27A,P62979,-1.975933194,1.28e-08,1.612777114,extracellular_vesicle,IMR90_fibroblast,E1172,False
IR Exosome SASP,1173,CAV3;CAV1,,P56539;Q03135,-1.991704345,0.026571082,0.882270694,extracellular_vesicle,IMR90_fibroblast,E1173,False
IR Exosome SASP,1174,KRT1,KRT1,P04264,-1.996059299,1.26e-61,1.942851067,extracellular_vesicle,IMR90_fibroblast,E1174,False
IR Exosome SASP,1175,SPNS1,SPNS1,Q9H2V7,-2.026188374,0.008385154,0.764747202,extracellular_vesicle,IMR90_fibroblast,E1175,False
IR Exosome SASP,1176,PSME3,PSME3,P61289,-2.029091358,0.038308905,1.43621695,extracellular_vesicle,IMR90_fibroblast,E1176,False
IR Exosome SASP,1177,VAT1,VAT1,Q99536,-2.041176796,4.14e-07,1.736506462,extracellular_vesicle,IMR90_fibroblast,E1177,False
IR Exosome SASP,1178,LARP1,LARP1,Q6PKG0,-2.020133495,0.111859039,2.662928581,extracellular_vesicle,IMR90_fibroblast,E1178,False
IR Exosome SASP,1179,SIN3A,SIN3A,Q96ST3,-2.049306393,0.010302891,0.838753223,extracellular_vesicle,IMR90_fibroblast,E1179,False
IR Exosome SASP,1180,KRT9,KRT9,P35527,-2.058948517,9.69e-64,1.652763009,extracellular_vesicle,IMR90_fibroblast,E1180,False
IR Exosome SASP,1181,BNIP2;ATCAY,,Q12982;Q86WG3,-2.060781717,0.039599765,1.138916016,extracellular_vesicle,IMR90_fibroblast,E1181,False
IR Exosome SASP,1182,ARHGAP1,ARHGAP1,Q07960,-2.067056894,0.028999087,1.290891528,extracellular_vesicle,IMR90_fibroblast,E1182,False
IR Exosome SASP,1183,VPS45,VPS45,Q9NRW7,-2.051200628,0.062658872,1.876759291,extracellular_vesicle,IMR90_fibroblast,E1183,False
IR Exosome SASP,1184,CBFB,CBFB,Q13951,-2.056790352,0.083605628,2.223425627,extracellular_vesicle,IMR90_fibroblast,E1184,False
IR Exosome SASP,1185,ARL8A,ARL8A,Q96BM9,-2.0701015,0.001804188,0.461766183,extracellular_vesicle,IMR90_fibroblast,E1185,False
IR Exosome SASP,1186,GDI1,GDI1,P31150,-2.080365419,0.032236098,1.360524774,extracellular_vesicle,IMR90_fibroblast,E1186,False
IR Exosome SASP,1187,PRMT1,PRMT1,Q99873,-2.064865589,0.074105352,2.068588972,extracellular_vesicle,IMR90_fibroblast,E1187,False
IR Exosome SASP,1188,KRT10,KRT10,P13645,-2.096922398,2.19e-57,1.828318596,extracellular_vesicle,IMR90_fibroblast,E1188,False
IR Exosome SASP,1189,AZGP1,AZGP1,P25311,-2.102339983,0.019535163,1.102951646,extracellular_vesicle,IMR90_fibroblast,E1189,False
IR Exosome SASP,1190,RPS26;RPS26P11,,P62854;Q5JNZ5,-2.072506666,0.098860817,2.062805176,extracellular_vesicle,IMR90_fibroblast,E1190,False
IR Exosome SASP,1191,ACY1,ACY1,Q03154,-2.102718353,0.010102887,0.855081141,extracellular_vesicle,IMR90_fibroblast,E1191,False
IR Exosome SASP,1192,APOB,APOB,P04114,-2.080940247,0.056154159,1.789750457,extracellular_vesicle,IMR90_fibroblast,E1192,False
IR Exosome SASP,1193,ZPR1,ZPR1,O75312,-2.081930399,0.069660881,2.008831739,extracellular_vesicle,IMR90_fibroblast,E1193,False
IR Exosome SASP,1194,POF1B,POF1B,Q8WVV4,-2.12528348,0.001760003,1.842810392,extracellular_vesicle,IMR90_fibroblast,E1194,False
IR Exosome SASP,1195,TMEM106B,TMEM106B,Q9NUM4,-2.098629475,0.054866299,1.7722013,extracellular_vesicle,IMR90_fibroblast,E1195,False
IR Exosome SASP,1196,ACAA2,ACAA2,P42765,-2.155809641,0.013523358,0.974935055,extracellular_vesicle,IMR90_fibroblast,E1196,False
IR Exosome SASP,1197,DSG1,DSG1,Q02413,-2.15622139,3.63e-16,1.685373664,extracellular_vesicle,IMR90_fibroblast,E1197,False
IR Exosome SASP,1198,DDX3X,DDX3X,O00571,-2.123853445,0.059405476,3.202105284,extracellular_vesicle,IMR90_fibroblast,E1198,False
IR Exosome SASP,1199,DUS2,DUS2,Q9NX74,-2.158928156,0.02586299,2.407097578,extracellular_vesicle,IMR90_fibroblast,E1199,False
IR Exosome SASP,1200,CDS2,CDS2,O95674,-2.143118382,0.097790208,2.57511878,extracellular_vesicle,IMR90_fibroblast,E1200,False
IR Exosome SASP,1201,PRPF4B,PRPF4B,Q13523,-2.146355629,0.068391104,2.052896738,extracellular_vesicle,IMR90_fibroblast,E1201,False
IR Exosome SASP,1202,JUP,JUP,P14923,-2.17559576,8.49e-21,2.015528917,extracellular_vesicle,IMR90_fibroblast,E1202,False
IR Exosome SASP,1203,HIST1H3A;H3F3A;HIST3H3;HIST2H3A,,P68431;P84243;Q16695;Q71DI3,-2.175843,0.000276349,1.589234114,extracellular_vesicle,IMR90_fibroblast,E1203,False
IR Exosome SASP,1204,KIAA1468,KIAA1468,Q9P260,-2.176561356,0.008664598,0.831921279,extracellular_vesicle,IMR90_fibroblast,E1204,False
IR Exosome SASP,1205,PNPT1,PNPT1,Q8TCS8,-2.160642624,0.0729784,2.148451328,extracellular_vesicle,IMR90_fibroblast,E1205,False
IR Exosome SASP,1206,KRT5,KRT5,P13647,-2.181047678,1.03e-28,2.111274719,extracellular_vesicle,IMR90_fibroblast,E1206,False
IR Exosome SASP,1207,MAT2A,MAT2A,P31153,-2.193284512,0.045626171,1.691537142,extracellular_vesicle,IMR90_fibroblast,E1207,False
IR Exosome SASP,1208,AKAP12,AKAP12,Q02952,-2.205616713,0.018095749,1.124350429,extracellular_vesicle,IMR90_fibroblast,E1208,False
IR Exosome SASP,1209,ANKFY1,ANKFY1,Q9P2R3,-2.176731348,0.109986744,2.832552433,extracellular_vesicle,IMR90_fibroblast,E1209,False
IR Exosome SASP,1210,KRT6A,KRT6A,P02538,-2.206654549,4.24e-34,2.677551985,extracellular_vesicle,IMR90_fibroblast,E1210,False
IR Exosome SASP,1211,CXADR,CXADR,P78310,-2.208778381,0.033979068,1.474484921,extracellular_vesicle,IMR90_fibroblast,E1211,False
IR Exosome SASP,1212,TPR,TPR,P12270,-2.194893122,0.053031105,1.819882393,extracellular_vesicle,IMR90_fibroblast,E1212,False
IR Exosome SASP,1213,RAB18,RAB18,Q9NP72,-2.198519468,0.061020912,1.981186628,extracellular_vesicle,IMR90_fibroblast,E1213,False
IR Exosome SASP,1214,COPB2,COPB2,P35606,-2.22597599,0.036200756,2.760779619,extracellular_vesicle,IMR90_fibroblast,E1214,False
IR Exosome SASP,1215,CD109,CD109,Q6YHK3,-2.226987123,0.034076361,1.490034103,extracellular_vesicle,IMR90_fibroblast,E1215,False
IR Exosome SASP,1216,HNMT,HNMT,P50135,-2.242018223,0.028314554,1.387028575,extracellular_vesicle,IMR90_fibroblast,E1216,False
IR Exosome SASP,1217,DSC1,DSC1,Q08554,-2.272144318,0.000186951,1.499369144,extracellular_vesicle,IMR90_fibroblast,E1217,False
IR Exosome SASP,1218,APCS,APCS,P02743,-2.277823687,0.007735159,0.830183029,extracellular_vesicle,IMR90_fibroblast,E1218,False
IR Exosome SASP,1219,RPL26;RPL26L1,,P61254;Q9UNX3,-2.289674044,0.010058807,0.625772059,extracellular_vesicle,IMR90_fibroblast,E1219,False
IR Exosome SASP,1220,YES1;LYN;HCK,,P07947;P07948;P08631,-2.246474981,0.097763118,2.211671591,extracellular_vesicle,IMR90_fibroblast,E1220,False
IR Exosome SASP,1221,PYGB,PYGB,P11216,-2.291800976,0.007062694,2.713392019,extracellular_vesicle,IMR90_fibroblast,E1221,False
IR Exosome SASP,1222,SERPINA1,SERPINA1,P01009,-2.295243025,0.048169516,1.820221186,extracellular_vesicle,IMR90_fibroblast,E1222,False
IR Exosome SASP,1223,NCF1B;NCF1C;NCF1,,A6NI72;A8MVU1;P14598,-2.284253836,0.063299456,1.673935413,extracellular_vesicle,IMR90_fibroblast,E1223,False
IR Exosome SASP,1224,CCPG1,CCPG1,Q9ULG6,-2.304639339,0.010819546,0.960033178,extracellular_vesicle,IMR90_fibroblast,E1224,False
IR Exosome SASP,1225,CBR1,CBR1,P16152,-2.305927515,0.019133612,2.35037446,extracellular_vesicle,IMR90_fibroblast,E1225,False
IR Exosome SASP,1226,KRT31,KRT31,Q15323,-2.313779831,8.44e-06,1.816435575,extracellular_vesicle,IMR90_fibroblast,E1226,False
IR Exosome SASP,1227,PHF19,PHF19,Q5T6S3,-2.318852663,0.005714411,0.746542692,extracellular_vesicle,IMR90_fibroblast,E1227,False
IR Exosome SASP,1228,RADIL,RADIL,Q96JH8,-2.324087858,0.013517959,1.049916983,extracellular_vesicle,IMR90_fibroblast,E1228,False
IR Exosome SASP,1229,RPN1,RPN1,P04843,-2.377586126,0.007062694,0.830778003,extracellular_vesicle,IMR90_fibroblast,E1229,False
IR Exosome SASP,1230,ARG1,ARG1,P05089,-2.383619308,0.019341909,2.436920166,extracellular_vesicle,IMR90_fibroblast,E1230,False
IR Exosome SASP,1231,WDHD1,WDHD1,O75717,-2.386015177,0.045545835,1.836613297,extracellular_vesicle,IMR90_fibroblast,E1231,False
IR Exosome SASP,1232,YAP1,YAP1,P46937,-2.334065676,0.07187646,2.295057297,extracellular_vesicle,IMR90_fibroblast,E1232,False
IR Exosome SASP,1233,XPO1,XPO1,O14980,-2.396620274,0.007642927,0.867657185,extracellular_vesicle,IMR90_fibroblast,E1233,False
IR Exosome SASP,1234,PRPS2,PRPS2,P11908,-2.396760464,0.016944029,1.17788589,extracellular_vesicle,IMR90_fibroblast,E1234,False
IR Exosome SASP,1235,HPD,HPD,P32754,-2.384136438,0.120809905,3.305716515,extracellular_vesicle,IMR90_fibroblast,E1235,False
IR Exosome SASP,1236,VDAC1,VDAC1,P21796,-2.400362253,0.014417332,1.116925955,extracellular_vesicle,IMR90_fibroblast,E1236,False
IR Exosome SASP,1237,RIC8B,RIC8B,Q9NVN3,-2.41213131,0.026974821,1.45743072,extracellular_vesicle,IMR90_fibroblast,E1237,False
IR Exosome SASP,1238,RAB24,RAB24,Q969Q5,-2.422110081,0.006689029,0.829941332,extracellular_vesicle,IMR90_fibroblast,E1238,False
IR Exosome SASP,1239,SRSF7,SRSF7,Q16629,-2.428836107,0.004102874,0.693035603,extracellular_vesicle,IMR90_fibroblast,E1239,False
IR Exosome SASP,1240,HSD17B4,HSD17B4,P51659,-2.443783998,0.048105368,1.935359597,extracellular_vesicle,IMR90_fibroblast,E1240,False
IR Exosome SASP,1241,RABGAP1,RABGAP1,Q9Y3P9,-2.444473743,0.008898752,0.945304155,extracellular_vesicle,IMR90_fibroblast,E1241,False
IR Exosome SASP,1242,EGF,EGF,P01133,-2.450617313,0.033730432,1.630867839,extracellular_vesicle,IMR90_fibroblast,E1242,False
IR Exosome SASP,1243,KPRP,KPRP,Q5T749,-2.4562819,4.43e-10,2.213214159,extracellular_vesicle,IMR90_fibroblast,E1243,False
IR Exosome SASP,1244,OGDH,OGDH,Q02218,-2.474740505,9.52e-05,1.523647904,extracellular_vesicle,IMR90_fibroblast,E1244,False
IR Exosome SASP,1245,PPP1R12A,PPP1R12A,O14974,-2.511500359,0.000726778,1.315402269,extracellular_vesicle,IMR90_fibroblast,E1245,False
IR Exosome SASP,1246,CMSS1,CMSS1,Q9BQ75,-2.52729845,0.009800941,1.015092373,extracellular_vesicle,IMR90_fibroblast,E1246,False
IR Exosome SASP,1247,RPL34,RPL34,P49207,-2.464583635,0.074722021,2.485327959,extracellular_vesicle,IMR90_fibroblast,E1247,False
IR Exosome SASP,1248,S100A14,S100A14,Q9HCY8,-2.55142808,0.019629252,1.341598511,extracellular_vesicle,IMR90_fibroblast,E1248,False
IR Exosome SASP,1249,SMU1,SMU1,Q2TAY7,-2.47805953,0.058930585,2.188405037,extracellular_vesicle,IMR90_fibroblast,E1249,False
IR Exosome SASP,1250,RRAGB;RRAGA,,Q5VZM2;Q7L523,-2.588918924,0.019682467,0.979408085,extracellular_vesicle,IMR90_fibroblast,E1250,False
IR Exosome SASP,1251,NONO,NONO,Q15233,-2.51730442,0.088613391,2.829823732,extracellular_vesicle,IMR90_fibroblast,E1251,False
IR Exosome SASP,1252,GRHPR,GRHPR,Q9UBQ7,-2.627755404,0.022880348,1.475093722,extracellular_vesicle,IMR90_fibroblast,E1252,False
IR Exosome SASP,1253,CPSF1,CPSF1,Q10570,-2.527362347,0.10002866,3.083353043,extracellular_vesicle,IMR90_fibroblast,E1253,False
IR Exosome SASP,1254,FOXJ3,FOXJ3,Q9UPW0,-2.634066343,0.038418896,1.869884014,extracellular_vesicle,IMR90_fibroblast,E1254,False
IR Exosome SASP,1255,LDHD,LDHD,Q86WU2,-2.571344137,0.061837527,2.334866285,extracellular_vesicle,IMR90_fibroblast,E1255,False
IR Exosome SASP,1256,PREP,PREP,P48147,-2.585800409,0.063015105,2.374075174,extracellular_vesicle,IMR90_fibroblast,E1256,False
IR Exosome SASP,1257,S100A8,S100A8,P05109,-2.63686657,0.002791502,1.722764969,extracellular_vesicle,IMR90_fibroblast,E1257,False
IR Exosome SASP,1258,TUBA3C,TUBA3C,Q13748,-2.610505104,0.067746477,2.481984138,extracellular_vesicle,IMR90_fibroblast,E1258,False
IR Exosome SASP,1259,GOT2,GOT2,P00505,-2.621005774,0.112348388,3.466216326,extracellular_vesicle,IMR90_fibroblast,E1259,False
IR Exosome SASP,1260,HADHB,HADHB,P55084,-2.641001225,0.045226618,2.025187731,extracellular_vesicle,IMR90_fibroblast,E1260,False
IR Exosome SASP,1261,SNRPC,SNRPC,P09234,-2.647723198,0.005265199,0.826302052,extracellular_vesicle,IMR90_fibroblast,E1261,False
IR Exosome SASP,1262,TRIM29,TRIM29,Q14134,-2.662462473,0.005383309,0.83807075,extracellular_vesicle,IMR90_fibroblast,E1262,False
IR Exosome SASP,1263,KRT78,KRT78,Q8N1N4,-2.66647315,9.12e-08,2.104138374,extracellular_vesicle,IMR90_fibroblast,E1263,False
IR Exosome SASP,1264,VPS36,VPS36,Q86VN1,-2.667246819,0.029434412,3.107945681,extracellular_vesicle,IMR90_fibroblast,E1264,False
IR Exosome SASP,1265,ATP5A1,ATP5A1,P25705,-2.66755724,0.000815001,1.421869159,extracellular_vesicle,IMR90_fibroblast,E1265,False
IR Exosome SASP,1266,MBL2,MBL2,P11226,-2.672333002,0.020245642,1.421566248,extracellular_vesicle,IMR90_fibroblast,E1266,False
IR Exosome SASP,1267,SFTPA2;SFTPA1,,Q8IWL1;Q8IWL2,-2.674323082,0.007777736,0.978018463,extracellular_vesicle,IMR90_fibroblast,E1267,False
IR Exosome SASP,1268,TPD52L2,TPD52L2,O43399,-2.681469202,0.027376168,1.632880449,extracellular_vesicle,IMR90_fibroblast,E1268,False
IR Exosome SASP,1269,TMED9,TMED9,Q9BVK6,-2.696994543,0.008305843,3.036511898,extracellular_vesicle,IMR90_fibroblast,E1269,False
IR Exosome SASP,1270,SYF2,SYF2,O95926,-2.672968388,0.051978293,2.194529533,extracellular_vesicle,IMR90_fibroblast,E1270,False
IR Exosome SASP,1271,DDAH2,DDAH2,O95865,-2.69745636,0.048016551,2.133426189,extracellular_vesicle,IMR90_fibroblast,E1271,False
IR Exosome SASP,1272,KRT20,KRT20,P35900,-2.708175182,0.006909648,0.93953681,extracellular_vesicle,IMR90_fibroblast,E1272,False
IR Exosome SASP,1273,CASP14,CASP14,P31944,-2.712238312,0.02545373,1.596048951,extracellular_vesicle,IMR90_fibroblast,E1273,False
IR Exosome SASP,1274,ADAMDEC1,ADAMDEC1,O15204,-2.715446949,0.028314554,1.676986694,extracellular_vesicle,IMR90_fibroblast,E1274,False
IR Exosome SASP,1275,ZNF385A,ZNF385A,Q96PM9,-2.726633549,0.009779694,1.093372941,extracellular_vesicle,IMR90_fibroblast,E1275,False
IR Exosome SASP,1276,DPP7,DPP7,Q9UHL4,-2.726919889,0.000332026,1.268876076,extracellular_vesicle,IMR90_fibroblast,E1276,False
IR Exosome SASP,1277,TELO2,TELO2,Q9Y4R8,-2.734296799,0.039459689,1.969719887,extracellular_vesicle,IMR90_fibroblast,E1277,False
IR Exosome SASP,1278,DDX54,DDX54,Q8TDD1,-2.716265202,0.148031637,4.476083755,extracellular_vesicle,IMR90_fibroblast,E1278,False
IR Exosome SASP,1279,STARD3NL,STARD3NL,O95772,-2.739860535,0.011969797,1.190279484,extracellular_vesicle,IMR90_fibroblast,E1279,False
IR Exosome SASP,1280,ATAD3B,ATAD3B,Q5T9A4,-2.744132519,0.006426402,0.919944882,extracellular_vesicle,IMR90_fibroblast,E1280,False
IR Exosome SASP,1281,S100A7,S100A7,P31151,-2.750239611,0.006222697,2.901613951,extracellular_vesicle,IMR90_fibroblast,E1281,False
IR Exosome SASP,1282,NNMT,NNMT,P40261,-2.767194033,0.044417454,2.103060961,extracellular_vesicle,IMR90_fibroblast,E1282,False
IR Exosome SASP,1283,PGM1,PGM1,P36871,-2.771636248,0.01083933,1.156311154,extracellular_vesicle,IMR90_fibroblast,E1283,False
IR Exosome SASP,1284,ALDH7A1,ALDH7A1,P49419,-2.744368792,0.056046349,4.027199268,extracellular_vesicle,IMR90_fibroblast,E1284,False
IR Exosome SASP,1285,PPIL4,PPIL4,Q8WUA2,-2.782723188,0.035921091,1.902291179,extracellular_vesicle,IMR90_fibroblast,E1285,False
IR Exosome SASP,1286,MGST2,MGST2,Q99735,-2.784246445,0.008027212,1.029680371,extracellular_vesicle,IMR90_fibroblast,E1286,False
IR Exosome SASP,1287,TPP1,TPP1,O14773,-2.806061506,0.017934097,1.411262274,extracellular_vesicle,IMR90_fibroblast,E1287,False
IR Exosome SASP,1288,SLC4A4,SLC4A4,Q9Y6R1,-2.811344385,0.02673138,1.69008863,extracellular_vesicle,IMR90_fibroblast,E1288,False
IR Exosome SASP,1289,CTHRC1,CTHRC1,Q96CG8,-2.812167645,0.007735159,2.27423048,extracellular_vesicle,IMR90_fibroblast,E1289,False
IR Exosome SASP,1290,MYO1E,MYO1E,Q12965,-2.788969278,0.059908565,2.48624444,extracellular_vesicle,IMR90_fibroblast,E1290,False
IR Exosome SASP,1291,DNAJB1,DNAJB1,P25685,-2.814780712,2.06e-05,0.894669652,extracellular_vesicle,IMR90_fibroblast,E1291,False
IR Exosome SASP,1292,COG1,COG1,Q8WTW3,-2.817358494,0.010914935,1.182346582,extracellular_vesicle,IMR90_fibroblast,E1292,False
IR Exosome SASP,1293,DDX21,DDX21,Q9NR30,-2.819635391,0.00770441,2.277045965,extracellular_vesicle,IMR90_fibroblast,E1293,False
IR Exosome SASP,1294,APOA1,APOA1,P02647,-2.828460693,0.013559237,1.281309605,extracellular_vesicle,IMR90_fibroblast,E1294,False
IR Exosome SASP,1295,CHMP4A,CHMP4A,Q9BY43,-2.830774784,0.005198412,0.879244804,extracellular_vesicle,IMR90_fibroblast,E1295,False
IR Exosome SASP,1296,UGGT1,UGGT1,Q9NYU2,-2.850932121,0.038886186,3.382363081,extracellular_vesicle,IMR90_fibroblast,E1296,False
IR Exosome SASP,1297,CA13,CA13,Q8N1Q1,-2.87211442,0.036315427,1.977066994,extracellular_vesicle,IMR90_fibroblast,E1297,False
IR Exosome SASP,1298,REXO4,REXO4,Q9GZR2,-2.909820318,0.007236419,1.028312206,extracellular_vesicle,IMR90_fibroblast,E1298,False
IR Exosome SASP,1299,EPB41,EPB41,P11171,-2.845898628,0.060899702,2.559313774,extracellular_vesicle,IMR90_fibroblast,E1299,False
IR Exosome SASP,1300,CASP12,CASP12,Q6UXS9,-2.918928623,0.006646749,0.992441177,extracellular_vesicle,IMR90_fibroblast,E1300,False
IR Exosome SASP,1301,RASA3,RASA3,Q14644,-2.869811535,0.052239091,2.365135193,extracellular_vesicle,IMR90_fibroblast,E1301,False
IR Exosome SASP,1302,OSTF1,OSTF1,Q92882,-2.870400906,0.150485247,4.802850723,extracellular_vesicle,IMR90_fibroblast,E1302,False
IR Exosome SASP,1303,TSPAN3,TSPAN3,O60637,-2.927718878,0.02545373,1.723229527,extracellular_vesicle,IMR90_fibroblast,E1303,False
IR Exosome SASP,1304,OTUD7B,OTUD7B,Q6GQQ9,-2.956203938,0.043871312,2.235701799,extracellular_vesicle,IMR90_fibroblast,E1304,False
IR Exosome SASP,1305,PC,PC,P11498,-2.96039629,0.013045455,1.321446657,extracellular_vesicle,IMR90_fibroblast,E1305,False
IR Exosome SASP,1306,NUCB1,NUCB1,Q02818,-2.995952606,0.002279405,2.694830418,extracellular_vesicle,IMR90_fibroblast,E1306,False
IR Exosome SASP,1307,LASP1,LASP1,Q14847,-3.004319906,0.005567858,0.95548588,extracellular_vesicle,IMR90_fibroblast,E1307,False
IR Exosome SASP,1308,POLD1,POLD1,P28340,-2.958623648,0.072628161,2.927755117,extracellular_vesicle,IMR90_fibroblast,E1308,False
IR Exosome SASP,1309,ALDOB,ALDOB,P05062,-3.021456242,0.008385154,1.142066002,extracellular_vesicle,IMR90_fibroblast,E1309,False
IR Exosome SASP,1310,KRT77,KRT77,Q7Z794,-3.026195526,6.41e-05,1.118368745,extracellular_vesicle,IMR90_fibroblast,E1310,False
IR Exosome SASP,1311,CIZ1,CIZ1,Q9ULV3,-3.116810322,0.003979936,0.879659414,extracellular_vesicle,IMR90_fibroblast,E1311,False
IR Exosome SASP,1312,PCYOX1,PCYOX1,Q9UHG3,-3.009634972,0.078061651,3.109721422,extracellular_vesicle,IMR90_fibroblast,E1312,False
IR Exosome SASP,1313,GSPT1;GSPT2,,P15170;Q8IYD1,-3.209528685,0.027763854,1.458450437,extracellular_vesicle,IMR90_fibroblast,E1313,False
IR Exosome SASP,1314,KRT80,KRT80,Q6KB66,-3.240534782,0.017873315,1.624756098,extracellular_vesicle,IMR90_fibroblast,E1314,False
IR Exosome SASP,1315,ZMYM4,ZMYM4,Q5VZL5,-3.08917594,0.055775503,2.638355255,extracellular_vesicle,IMR90_fibroblast,E1315,False
IR Exosome SASP,1316,GSTK1,GSTK1,Q9Y2Q3,-3.252367973,0.030025595,2.068894148,extracellular_vesicle,IMR90_fibroblast,E1316,False
IR Exosome SASP,1317,PDZK1P1;PDZK1,,A8MUH7;Q5T2W1,-3.176924467,0.097790208,3.135756254,extracellular_vesicle,IMR90_fibroblast,E1317,False
IR Exosome SASP,1318,CDC5L,CDC5L,Q99459,-3.295160055,0.024849816,1.91773808,extracellular_vesicle,IMR90_fibroblast,E1318,False
IR Exosome SASP,1319,RBM22,RBM22,Q9NW64,-3.349642992,0.027311416,2.034796953,extracellular_vesicle,IMR90_fibroblast,E1319,False
IR Exosome SASP,1320,ALDH18A1,ALDH18A1,P54886,-3.403640985,0.00118615,0.668002605,extracellular_vesicle,IMR90_fibroblast,E1320,False
IR Exosome SASP,1321,LAMC2,LAMC2,Q13753,-3.283148527,0.108891946,4.241078377,extracellular_vesicle,IMR90_fibroblast,E1321,False
IR Exosome SASP,1322,PTGES2,PTGES2,Q9H7Z7,-3.407505512,0.023966174,1.953927159,extracellular_vesicle,IMR90_fibroblast,E1322,False
IR Exosome SASP,1323,UBE3A,UBE3A,Q05086,-3.462959051,0.017934097,1.746747732,extracellular_vesicle,IMR90_fibroblast,E1323,False
IR Exosome SASP,1324,ACP6,ACP6,Q9NPH0,-3.463769197,0.022247927,1.911021948,extracellular_vesicle,IMR90_fibroblast,E1324,False
IR Exosome SASP,1325,LGALS7,LGALS7,P47929,-3.490788698,0.003632785,2.381168365,extracellular_vesicle,IMR90_fibroblast,E1325,False
IR Exosome SASP,1326,LIN7A;LIN7C,,O14910;Q9NUP9,-3.452741861,0.050194147,2.178639174,extracellular_vesicle,IMR90_fibroblast,E1326,False
IR Exosome SASP,1327,ARHGEF2,ARHGEF2,Q92974,-3.52704525,0.036889999,2.447225571,extracellular_vesicle,IMR90_fibroblast,E1327,False
IR Exosome SASP,1328,XPO5,XPO5,Q9HAV4,-3.551952839,0.017921785,1.783904195,extracellular_vesicle,IMR90_fibroblast,E1328,False
IR Exosome SASP,1329,FCN3,FCN3,O75636,-3.490754128,0.080339461,3.661958933,extracellular_vesicle,IMR90_fibroblast,E1329,False
IR Exosome SASP,1330,CALML5,CALML5,Q9NZT1,-3.595067501,0.000341671,1.680872202,extracellular_vesicle,IMR90_fibroblast,E1330,False
IR Exosome SASP,1331,CASP6,CASP6,P55212,-3.649655342,0.022765295,2.043617725,extracellular_vesicle,IMR90_fibroblast,E1331,False
IR Exosome SASP,1332,NBEAL1,NBEAL1,Q6ZS30,-3.661466599,0.005895214,1.194824696,extracellular_vesicle,IMR90_fibroblast,E1332,False
IR Exosome SASP,1333,PVRL2,PVRL2,Q92692,-3.731322289,0.017990282,1.896069407,extracellular_vesicle,IMR90_fibroblast,E1333,False
IR Exosome SASP,1334,SPCS3,SPCS3,P61009,-3.736232519,0.029240672,2.346439362,extracellular_vesicle,IMR90_fibroblast,E1334,False
IR Exosome SASP,1335,SYMPK,SYMPK,Q92797,-3.746438026,0.008898752,1.447816372,extracellular_vesicle,IMR90_fibroblast,E1335,False
IR Exosome SASP,1336,PRRC2C,PRRC2C,Q9Y520,-3.788922548,0.002607841,0.943185747,extracellular_vesicle,IMR90_fibroblast,E1336,False
IR Exosome SASP,1337,SUPT5H,SUPT5H,O00267,-3.908676863,0.021109839,2.112318993,extracellular_vesicle,IMR90_fibroblast,E1337,False
IR Exosome SASP,1338,IBA57,IBA57,Q5T440,-4.128340721,0.005569162,1.314793587,extracellular_vesicle,IMR90_fibroblast,E1338,False
IR Exosome SASP,1339,URM1,URM1,Q9BTM9,-4.311850548,0.032653312,2.835659266,extracellular_vesicle,IMR90_fibroblast,E1339,False
IR Exosome SASP,1340,DCLK1,DCLK1,O15075,-4.869422913,0.036315427,3.352827311,extracellular_vesicle,IMR90_fibroblast,E1340,False
IR Exosome SASP,1341,AKR1B10,AKR1B10,O60218,-3.937190294,0.083403743,4.237514496,extracellular_vesicle,IMR90_fibroblast,E1341,False
IR Exosome SASP,1342,GTF3C3,GTF3C3,Q9Y5Q9,-3.971100807,0.090346354,4.505326748,extracellular_vesicle,IMR90_fibroblast,E1342,False
IR Exosome SASP,1343,RPS27;RPS27L,,P42677;Q71UM5,-4.87362957,0.005094085,0.938368082,extracellular_vesicle,IMR90_fibroblast,E1343,False
IR Exosome SASP,1344,CSNK2A1;CSNK2A3,,P68400;Q8NEV1,-4.887328625,0.009584004,1.306832314,extracellular_vesicle,IMR90_fibroblast,E1344,False
IR Exosome SASP,1345,CNOT3,CNOT3,O75175,-5.204853058,0.045626171,4.01433754,extracellular_vesicle,IMR90_fibroblast,E1345,False
IR Exosome SASP,1346,UTP14C;UTP14A,,Q5TAP6;Q9BVJ6,-5.414723396,0.02586299,2.362971783,extracellular_vesicle,IMR90_fibroblast,E1346,False
IR Exosome SASP,1347,IRS4,IRS4,O14654,-4.879070282,0.070818265,4.747717381,extracellular_vesicle,IMR90_fibroblast,E1347,False
IR Exosome SASP,1348,COL6A2,COL6A2,P12110,-5.56,1.03e-28,2.096708059,extracellular_vesicle,IMR90_fibroblast,E1348,False
IR Exosome SASP,1349,COL6A3,COL6A3,P12111,-5.65,1.98e-181,1.926978707,extracellular_vesicle,IMR90_fibroblast,E1349,False
IR Exosome SASP,1350,COL6A1,COL6A1,P12109,-5.71,1.09e-38,2.09977603,extracellular_vesicle,IMR90_fibroblast,E1350,False
IR Exosome SASP,1351,GCC1,GCC1,Q96CN9,-5.728239059,0.004481751,1.68030417,extracellular_vesicle,IMR90_fibroblast,E1351,False
IR Exosome SASP,1352,MAP1LC3B2;MAP1LC3B;MAP1LC3A,,A6NCE7;Q9GZQ8;Q9H492,-5.98618269,0.022634343,2.41930294,extracellular_vesicle,IMR90_fibroblast,E1352,False
RAS Exosome SASP,4,ANXA1,ANXA1,P04083,6.19,4.78e-07,3.25,extracellular_vesicle,IMR90_fibroblast,E4,False
RAS Exosome SASP,5,SLC1A5,SLC1A5,Q15758,6.11,0.01709304,4.37,extracellular_vesicle,IMR90_fibroblast,E5,False
RAS Exosome SASP,6,SLC3A2,SLC3A2,P08195,3.581331451,0.255104737,2.307207584,extracellular_vesicle,IMR90_fibroblast,E6,False
RAS Exosome SASP,7,SDC4,SDC4,P31431,3.553211802,0.346141971,2.533278704,extracellular_vesicle,IMR90_fibroblast,E7,False
RAS Exosome SASP,8,ICAM1,ICAM1,P05362,5.857387696,2.4e-17,2.421364546,extracellular_vesicle,IMR90_fibroblast,E8,False
RAS Exosome SASP,9,FSTL1,FSTL1,Q12841,3.103762102,0.272265547,2.235343456,extracellular_vesicle,IMR90_fibroblast,E9,False
RAS Exosome SASP,10,AHNAK,AHNAK,Q09666,4.92,0.030737401,3.71,extracellular_vesicle,IMR90_fibroblast,E10,False
RAS Exosome SASP,11,EEF2,EEF2,P13639,2.775467958,0.262338704,2.524679184,extracellular_vesicle,IMR90_fibroblast,E11,False
RAS Exosome SASP,12,HBB,HBB,P68871,2.772128008,0.167995859,2.815574646,extracellular_vesicle,IMR90_fibroblast,E12,False
RAS Exosome SASP,13,MARCKS,MARCKS,P29966,4.064469769,0.037394631,1.827890158,extracellular_vesicle,IMR90_fibroblast,E13,False
RAS Exosome SASP,14,IGFBP4,IGFBP4,P22692,3.49570127,0.01377086,2.445369482,extracellular_vesicle,IMR90_fibroblast,E14,False
RAS Exosome SASP,15,COL5A1,COL5A1,P20908,2.454677534,0.144658855,2.153194189,extracellular_vesicle,IMR90_fibroblast,E15,False
RAS Exosome SASP,16,PSMB2,PSMB2,P49721,2.379589942,0.392042289,2.241219282,extracellular_vesicle,IMR90_fibroblast,E16,False
RAS Exosome SASP,17,ANXA2,ANXA2,P07355,2.91,7.14e-06,2.398338556,extracellular_vesicle,IMR90_fibroblast,E17,False
RAS Exosome SASP,18,YWHAQ,YWHAQ,P27348,2.335456267,0.184722184,2.172984123,extracellular_vesicle,IMR90_fibroblast,E18,False
RAS Exosome SASP,19,NT5E,NT5E,P21589,2.824987361,0.000857406,2.615653276,extracellular_vesicle,IMR90_fibroblast,E19,False
RAS Exosome SASP,20,MSN,MSN,P26038,2.373191027,0.024859902,2.302268505,extracellular_vesicle,IMR90_fibroblast,E20,False
RAS Exosome SASP,21,VIM,VIM,P08670,2.201187052,0.302611924,1.7851125,extracellular_vesicle,IMR90_fibroblast,E21,False
RAS Exosome SASP,22,LGALS7,LGALS7,P47929,2.163631764,0.118183921,1.827957273,extracellular_vesicle,IMR90_fibroblast,E22,False
RAS Exosome SASP,23,ALCAM,ALCAM,Q13740,2.115544319,0.566626157,2.609815836,extracellular_vesicle,IMR90_fibroblast,E23,False
RAS Exosome SASP,24,HSP90B1,HSP90B1,P14625,2.087874514,0.146966236,1.875176668,extracellular_vesicle,IMR90_fibroblast,E24,False
RAS Exosome SASP,25,BASP1,BASP1,P80723,2.335431858,3.41e-06,2.631011486,extracellular_vesicle,IMR90_fibroblast,E25,False
RAS Exosome SASP,26,S100A11,S100A11,P31949,1.999409605,0.07885929,2.212589502,extracellular_vesicle,IMR90_fibroblast,E26,False
RAS Exosome SASP,27,LDHB,LDHB,P07195,1.97670127,0.353481527,2.191587448,extracellular_vesicle,IMR90_fibroblast,E27,False
RAS Exosome SASP,28,AGRN,AGRN,O00468,1.889877766,0.688442191,1.885059237,extracellular_vesicle,IMR90_fibroblast,E28,False
RAS Exosome SASP,29,ALDOC,ALDOC,P09972,2.05580646,0.000864578,2.083080053,extracellular_vesicle,IMR90_fibroblast,E29,False
RAS Exosome SASP,30,LDHAL6B,LDHAL6B,Q9BYZ2,1.789216428,0.651683021,2.448432446,extracellular_vesicle,IMR90_fibroblast,E30,False
RAS Exosome SASP,31,LAMC1,LAMC1,P11047,1.684759172,0.182120275,1.713808775,extracellular_vesicle,IMR90_fibroblast,E31,False
RAS Exosome SASP,32,ECE1,ECE1,P42892,1.683032746,0.149142615,1.918091536,extracellular_vesicle,IMR90_fibroblast,E32,False
RAS Exosome SASP,33,ITGA2,ITGA2,P17301,1.8379244,0.000100537,2.037419796,extracellular_vesicle,IMR90_fibroblast,E33,False
RAS Exosome SASP,34,VTN,VTN,P04004,1.677962373,0.030737401,1.430930257,extracellular_vesicle,IMR90_fibroblast,E34,False
RAS Exosome SASP,35,FBLN1,FBLN1,P23142,1.669543154,0.426125341,1.989804149,extracellular_vesicle,IMR90_fibroblast,E35,False
RAS Exosome SASP,36,43719,43719,Q9NVA2,1.668964064,0.353481527,3.032417774,extracellular_vesicle,IMR90_fibroblast,E36,False
RAS Exosome SASP,37,TUBB2A;TUBB2B,,Q13885;Q9BVA1,1.656006034,0.458914501,2.303551435,extracellular_vesicle,IMR90_fibroblast,E37,False
RAS Exosome SASP,38,TUBA1A,TUBA1A,Q71U36,1.644410389,0.07885929,2.036922455,extracellular_vesicle,IMR90_fibroblast,E38,False
RAS Exosome SASP,39,CALM1,CALM1,P62158,1.643905121,0.22562771,2.690140963,extracellular_vesicle,IMR90_fibroblast,E39,False
RAS Exosome SASP,40,KRT4,KRT4,P19013,1.591720303,0.02237213,1.485526204,extracellular_vesicle,IMR90_fibroblast,E40,False
RAS Exosome SASP,41,YWHAZ,YWHAZ,P63104,1.585013481,0.081322695,2.044850588,extracellular_vesicle,IMR90_fibroblast,E41,False
RAS Exosome SASP,42,UTS2,UTS2,O95399,1.563562239,0.274235968,1.353865027,extracellular_vesicle,IMR90_fibroblast,E42,False
RAS Exosome SASP,43,HLA-B,HLA-B,P30466;P30479,1.55596527,0.187269085,1.971557021,extracellular_vesicle,IMR90_fibroblast,E43,False
RAS Exosome SASP,44,TRAP1,TRAP1,Q12931,1.415677048,0.013542571,0.868594766,extracellular_vesicle,IMR90_fibroblast,E44,False
RAS Exosome SASP,45,RPS26;RPS26P11,,P62854;Q5JNZ5,1.539420268,0.194767305,1.539231062,extracellular_vesicle,IMR90_fibroblast,E45,False
RAS Exosome SASP,46,ITGB1,ITGB1,P05556,1.526470632,0.07885929,2.347766638,extracellular_vesicle,IMR90_fibroblast,E46,False
RAS Exosome SASP,47,ARF4,ARF4,P18085,1.45078103,0.426125341,2.10488224,extracellular_vesicle,IMR90_fibroblast,E47,False
RAS Exosome SASP,48,ANXA6,ANXA6,P08133,1.440576476,0.149787925,2.175946474,extracellular_vesicle,IMR90_fibroblast,E48,False
RAS Exosome SASP,49,S100A9,S100A9,P06702,1.323711367,0.025929263,0.972900808,extracellular_vesicle,IMR90_fibroblast,E49,False
RAS Exosome SASP,50,ARPC3,ARPC3,O15145,1.379026466,0.413050126,2.775301218,extracellular_vesicle,IMR90_fibroblast,E50,False
RAS Exosome SASP,51,Beta-enolase,Beta-enolase,ENO3,1.13,0.005094085,1.03,extracellular_vesicle,IMR90_fibroblast,E51,False
RAS Exosome SASP,52,HSPB1,HSPB1,P04792,1.313170969,0.141049183,1.688228846,extracellular_vesicle,IMR90_fibroblast,E52,False
RAS Exosome SASP,53,ANXA4,ANXA4,P09525,1.244962161,0.097778133,1.770885348,extracellular_vesicle,IMR90_fibroblast,E53,False
RAS Exosome SASP,54,EHD2,EHD2,Q9NZN4,1.205700032,0.149882456,2.055366278,extracellular_vesicle,IMR90_fibroblast,E54,False
RAS Exosome SASP,55,F3,F3,P13726,1.205427505,0.199814261,1.235160112,extracellular_vesicle,IMR90_fibroblast,E55,False
RAS Exosome SASP,56,RFTN1,RFTN1,Q14699,1.204561263,0.182120275,1.435014486,extracellular_vesicle,IMR90_fibroblast,E56,False
RAS Exosome SASP,57,PXDN,PXDN,Q92626,1.194280334,0.650261286,1.609468818,extracellular_vesicle,IMR90_fibroblast,E57,False
RAS Exosome SASP,58,RALA,RALA,P11233,1.096151706,0.424144598,2.68217659,extracellular_vesicle,IMR90_fibroblast,E58,False
RAS Exosome SASP,59,GAPDH,GAPDH,P04406,1.094924695,0.000857406,2.294789553,extracellular_vesicle,IMR90_fibroblast,E59,False
RAS Exosome SASP,60,LGALS1,LGALS1,P09382,1.063245961,0.184722184,2.389906406,extracellular_vesicle,IMR90_fibroblast,E60,False
RAS Exosome SASP,61,ACTN4,ACTN4,O43707,1.0605954,0.458914501,2.12785697,extracellular_vesicle,IMR90_fibroblast,E61,False
RAS Exosome SASP,62,HRNR,HRNR,Q86YZ3,1.059284834,0.037394631,1.00226903,extracellular_vesicle,IMR90_fibroblast,E62,False
RAS Exosome SASP,63,HBA1,HBA1,P69905,1.055416763,0.04309397,1.547433376,extracellular_vesicle,IMR90_fibroblast,E63,False
RAS Exosome SASP,64,C4A,C4A,P0C0L4,1.031225853,0.686457098,2.018845081,extracellular_vesicle,IMR90_fibroblast,E64,False
RAS Exosome SASP,65,PSMB5,PSMB5,P28074,1.014749978,0.403551061,2.199674129,extracellular_vesicle,IMR90_fibroblast,E65,False
RAS Exosome SASP,66,HSPA5,HSPA5,P11021,1.013129919,0.686457098,1.892320633,extracellular_vesicle,IMR90_fibroblast,E66,False
RAS Exosome SASP,67,LAMP1,LAMP1,P11279,0.995594948,0.566626157,1.684559941,extracellular_vesicle,IMR90_fibroblast,E67,False
RAS Exosome SASP,68,CD9,CD9,P21926,0.974271774,0.696870914,1.2841717,extracellular_vesicle,IMR90_fibroblast,E68,False
RAS Exosome SASP,69,A2M,A2M,P01023,0.965654793,0.575375164,3.330983162,extracellular_vesicle,IMR90_fibroblast,E69,False
RAS Exosome SASP,70,POTEF,POTEF,A5A3E0,0.956087482,0.353481527,2.25670886,extracellular_vesicle,IMR90_fibroblast,E70,False
RAS Exosome SASP,71,S100A10,S100A10,P60903,0.952205845,0.382492617,1.546774626,extracellular_vesicle,IMR90_fibroblast,E71,False
RAS Exosome SASP,72,RPS9,RPS9,P46781,0.90619877,0.36471079,2.019299746,extracellular_vesicle,IMR90_fibroblast,E72,False
RAS Exosome SASP,73,ATP1A1,ATP1A1,P05023,0.879388908,0.451707799,2.25208354,extracellular_vesicle,IMR90_fibroblast,E73,False
RAS Exosome SASP,74,PCOLCE,PCOLCE,Q15113,0.857369735,0.678923072,1.415904045,extracellular_vesicle,IMR90_fibroblast,E74,False
RAS Exosome SASP,75,PGAM1,PGAM1,P18669,0.839762851,0.346107027,2.044279814,extracellular_vesicle,IMR90_fibroblast,E75,False
RAS Exosome SASP,76,TUBA4A,TUBA4A,P68366,0.786801358,0.58583213,1.586581707,extracellular_vesicle,IMR90_fibroblast,E76,False
RAS Exosome SASP,77,SLC2A1,SLC2A1,P11166,0.722984909,0.402245022,1.612726569,extracellular_vesicle,IMR90_fibroblast,E77,False
RAS Exosome SASP,78,TPI1,TPI1,P60174,0.722947071,0.185115184,2.51864171,extracellular_vesicle,IMR90_fibroblast,E78,False
RAS Exosome SASP,79,PSMA2,PSMA2,P25787,0.719364462,0.125322892,1.246709347,extracellular_vesicle,IMR90_fibroblast,E79,False
RAS Exosome SASP,80,ACTBL2,ACTBL2,Q562R1,0.708755635,0.008255018,2.676309347,extracellular_vesicle,IMR90_fibroblast,E80,False
RAS Exosome SASP,81,RPS8,RPS8,P62241,0.707047031,0.185115184,2.325918198,extracellular_vesicle,IMR90_fibroblast,E81,False
RAS Exosome SASP,82,LUM,LUM,P51884,0.676926123,0.586002742,1.695107579,extracellular_vesicle,IMR90_fibroblast,E82,False
RAS Exosome SASP,83,VCP,VCP,P55072,0.666177512,0.563366528,1.751083255,extracellular_vesicle,IMR90_fibroblast,E83,False
RAS Exosome SASP,84,CD81,CD81,P60033,0.650821915,0.289072715,2.244428873,extracellular_vesicle,IMR90_fibroblast,E84,False
RAS Exosome SASP,85,RPS5,RPS5,P46782,0.620695492,0.476522722,1.187444329,extracellular_vesicle,IMR90_fibroblast,E85,False
RAS Exosome SASP,86,CD63,CD63,P08962,0.616357977,0.696870914,1.456831932,extracellular_vesicle,IMR90_fibroblast,E86,False
RAS Exosome SASP,87,GPI,GPI,P06744,0.606161818,0.498795375,1.893586159,extracellular_vesicle,IMR90_fibroblast,E87,False
RAS Exosome SASP,88,BRD4;BRD3,,O60885;Q15059,0.585915964,0.403551061,2.096500635,extracellular_vesicle,IMR90_fibroblast,E88,False
RAS Exosome SASP,89,SERPINH1,SERPINH1,P50454,0.571174036,0.564038618,2.51506567,extracellular_vesicle,IMR90_fibroblast,E89,False
RAS Exosome SASP,90,MAPK1,MAPK1,P28482,0.551381016,0.696870914,1.590158105,extracellular_vesicle,IMR90_fibroblast,E90,False
RAS Exosome SASP,91,COL1A2,COL1A2,P08123,0.543898253,0.226376155,1.715044141,extracellular_vesicle,IMR90_fibroblast,E91,False
RAS Exosome SASP,92,KRT19,KRT19,P08727,0.54297304,0.149787925,1.265604734,extracellular_vesicle,IMR90_fibroblast,E92,False
RAS Exosome SASP,93,RNH1,RNH1,P13489,0.5330403,0.579511245,1.598112464,extracellular_vesicle,IMR90_fibroblast,E93,False
RAS Exosome SASP,94,PFN1,PFN1,P07737,0.497870023,0.149787925,2.740195513,extracellular_vesicle,IMR90_fibroblast,E94,False
RAS Exosome SASP,95,RCN1,RCN1,Q15293,0.447941492,0.427378,2.089903593,extracellular_vesicle,IMR90_fibroblast,E95,False
RAS Exosome SASP,96,HSP90AB1,HSP90AB1,P08238,0.437146291,0.650261286,1.724493504,extracellular_vesicle,IMR90_fibroblast,E96,False
RAS Exosome SASP,97,EIF4A1,EIF4A1,P60842,0.393447477,0.651683021,1.584388494,extracellular_vesicle,IMR90_fibroblast,E97,False
RAS Exosome SASP,98,PSMC5,PSMC5,P62195,0.391749762,0.574870819,1.538484693,extracellular_vesicle,IMR90_fibroblast,E98,False
RAS Exosome SASP,99,FSCN1,FSCN1,Q16658,0.387233461,0.685314024,1.32852149,extracellular_vesicle,IMR90_fibroblast,E99,False
RAS Exosome SASP,100,ANXA11,ANXA11,P50995,0.385067068,0.149787925,2.28963089,extracellular_vesicle,IMR90_fibroblast,E100,False
RAS Exosome SASP,101,RAP1A,RAP1A,P62834,0.363623244,0.557269048,2.037190199,extracellular_vesicle,IMR90_fibroblast,E101,False
RAS Exosome SASP,102,ACTB;ACTG1,,P60709;P63261,0.318223311,0.00051174,2.141077995,extracellular_vesicle,IMR90_fibroblast,E102,False
RAS Exosome SASP,103,PSME3,PSME3,P61289,0.316703295,0.686457098,1.076250076,extracellular_vesicle,IMR90_fibroblast,E103,False
RAS Exosome SASP,104,S100A8,S100A8,P05109,0.316559517,0.427378,0.711826503,extracellular_vesicle,IMR90_fibroblast,E104,False
RAS Exosome SASP,105,CD44,CD44,P16070,0.300181798,0.696870914,2.847019672,extracellular_vesicle,IMR90_fibroblast,E105,False
RAS Exosome SASP,106,PRDX4,PRDX4,Q13162,0.294888901,0.353068185,1.280763745,extracellular_vesicle,IMR90_fibroblast,E106,False
RAS Exosome SASP,107,RPL7,RPL7,P18124,0.291603661,0.403551061,1.339808702,extracellular_vesicle,IMR90_fibroblast,E107,False
RAS Exosome SASP,108,EIF5A;EIF5AL1;EIF5A2,,P63241;Q6IS14;Q9GZV4,0.284544341,0.575375164,1.452866912,extracellular_vesicle,IMR90_fibroblast,E108,False
RAS Exosome SASP,109,TUBB,TUBB,P07437,0.28404688300000003,0.665598294,1.874479532,extracellular_vesicle,IMR90_fibroblast,E109,False
RAS Exosome SASP,110,MYL6,MYL6,P60660,0.278090111,0.452538128,1.75866425,extracellular_vesicle,IMR90_fibroblast,E110,False
RAS Exosome SASP,111,VCAN,VCAN,P13611,0.259523881,0.460027343,1.727176666,extracellular_vesicle,IMR90_fibroblast,E111,False
RAS Exosome SASP,112,GANAB,GANAB,Q14697,0.252018186,0.452538128,1.764530659,extracellular_vesicle,IMR90_fibroblast,E112,False
RAS Exosome SASP,113,NID1,NID1,P14543,0.243859903,0.575375164,2.027365923,extracellular_vesicle,IMR90_fibroblast,E113,False
RAS Exosome SASP,114,TIMP1,TIMP1,P01033,0.225129602,0.23148655,1.602416396,extracellular_vesicle,IMR90_fibroblast,E114,False
RAS Exosome SASP,115,KATNAL2,KATNAL2,Q8IYT4,0.223394706,0.681021003,0.81241715,extracellular_vesicle,IMR90_fibroblast,E115,False
RAS Exosome SASP,116,TPBG,TPBG,Q13641,0.223072467,0.566626157,2.301964045,extracellular_vesicle,IMR90_fibroblast,E116,False
RAS Exosome SASP,117,LAMA4,LAMA4,Q16363,0.212592532,0.639566215,1.388696074,extracellular_vesicle,IMR90_fibroblast,E117,False
RAS Exosome SASP,118,YWHAB,YWHAB,P31946,0.210417974,0.192405848,1.617550611,extracellular_vesicle,IMR90_fibroblast,E118,False
RAS Exosome SASP,119,COL4A1,COL4A1,P02462,0.209593425,0.688442191,2.074012041,extracellular_vesicle,IMR90_fibroblast,E119,False
RAS Exosome SASP,120,ATP5B,ATP5B,P06576,0.199152498,0.522639428,1.192227483,extracellular_vesicle,IMR90_fibroblast,E120,False
RAS Exosome SASP,121,HSPA6,HSPA6,P17066,0.190349717,0.527699801,1.813622594,extracellular_vesicle,IMR90_fibroblast,E121,False
RAS Exosome SASP,122,GPC1,GPC1,P35052,0.186369555,0.560384629,1.218377709,extracellular_vesicle,IMR90_fibroblast,E122,False
RAS Exosome SASP,123,TTYH3,TTYH3,Q9C0H2,0.185427456,0.615743559,1.446695089,extracellular_vesicle,IMR90_fibroblast,E123,False
RAS Exosome SASP,124,ENO3,ENO3,P13929,0.180982711,0.009258012,3.050774574,extracellular_vesicle,IMR90_fibroblast,E124,False
RAS Exosome SASP,125,SDCBP,SDCBP,O00560,0.173910503,0.570129662,1.390784144,extracellular_vesicle,IMR90_fibroblast,E125,False
RAS Exosome SASP,126,TUBB6,TUBB6,Q9BUF5,0.170604413,0.656462906,1.347042918,extracellular_vesicle,IMR90_fibroblast,E126,False
RAS Exosome SASP,127,CALU,CALU,O43852,0.167807482,0.696870914,1.77075386,extracellular_vesicle,IMR90_fibroblast,E127,False
RAS Exosome SASP,128,COL12A1,COL12A1,Q99715,0.1450173,0.670274375,2.203798771,extracellular_vesicle,IMR90_fibroblast,E128,False
RAS Exosome SASP,129,SPRR2E;SPRR2D;SPRR2B;SPRR2A;SPRR2G,,P22531;P22532;P35325;P35326;Q9BYE4,0.142724894,0.699659471,0.740111291,extracellular_vesicle,IMR90_fibroblast,E129,False
RAS Exosome SASP,130,ACTR3,ACTR3,P61158,0.1352995,0.103873494,1.671880364,extracellular_vesicle,IMR90_fibroblast,E130,False
RAS Exosome SASP,131,DSC1,DSC1,Q08554,0.125926518,0.688442191,1.259323955,extracellular_vesicle,IMR90_fibroblast,E131,False
RAS Exosome SASP,132,DCD,DCD,P81605,0.12415815,0.557269048,2.037708044,extracellular_vesicle,IMR90_fibroblast,E132,False
RAS Exosome SASP,133,SPARC,SPARC,P09486,0.121896938,0.572645315,1.425268888,extracellular_vesicle,IMR90_fibroblast,E133,False
RAS Exosome SASP,134,KRT16,KRT16,P08779,0.113189963,0.678923072,2.727342606,extracellular_vesicle,IMR90_fibroblast,E134,False
RAS Exosome SASP,135,RPL11,RPL11,P62913,0.113146466,0.696870914,0.647616148,extracellular_vesicle,IMR90_fibroblast,E135,False
RAS Exosome SASP,136,PRDX1,PRDX1,Q06830,0.10327236,0.407316652,1.92437613,extracellular_vesicle,IMR90_fibroblast,E136,False
RAS Exosome SASP,137,SFN,SFN,P31947,0.076952088,0.564038618,1.477302074,extracellular_vesicle,IMR90_fibroblast,E137,False
RAS Exosome SASP,138,KRT86;KRT81,,O43790;Q14533,0.074484375,0.438842952,1.992923975,extracellular_vesicle,IMR90_fibroblast,E138,False
RAS Exosome SASP,139,STOM,STOM,P27105,0.053333068,0.546889754,2.047409296,extracellular_vesicle,IMR90_fibroblast,E139,False
RAS Exosome SASP,140,IGFBP5,IGFBP5,P24593,0.047362878,0.564038618,0.910139501,extracellular_vesicle,IMR90_fibroblast,E140,False
RAS Exosome SASP,141,TSPAN4,TSPAN4,O14817,-0.00288261,0.651683021,0.649838328,extracellular_vesicle,IMR90_fibroblast,E141,False
RAS Exosome SASP,142,GREM1;GREM2,,O60565;Q9H772,-0.010700877,0.630457369,1.011574984,extracellular_vesicle,IMR90_fibroblast,E142,False
RAS Exosome SASP,143,HSPA1A;HSPA1B,,P0DMV8;P0DMV9,-0.012268693,0.686457098,1.964449525,extracellular_vesicle,IMR90_fibroblast,E143,False
RAS Exosome SASP,144,RPS3,RPS3,P23396,-0.021506507,0.686457098,1.737398505,extracellular_vesicle,IMR90_fibroblast,E144,False
RAS Exosome SASP,145,POTEE,POTEE,Q6S8J3,-0.022452841,0.182120275,1.852728486,extracellular_vesicle,IMR90_fibroblast,E145,False
RAS Exosome SASP,146,RAC1,RAC1,P63000,-0.027330941,0.564038618,2.211252689,extracellular_vesicle,IMR90_fibroblast,E146,False
RAS Exosome SASP,147,TPM1,TPM1,P09493,-0.036097383,0.440999701,1.021656275,extracellular_vesicle,IMR90_fibroblast,E147,False
RAS Exosome SASP,148,RAB5C,RAB5C,P51148,-0.042985952,0.370910803,2.582759857,extracellular_vesicle,IMR90_fibroblast,E148,False
RAS Exosome SASP,149,LGALS3BP,LGALS3BP,Q08380,-0.063244069,0.566626157,1.941888213,extracellular_vesicle,IMR90_fibroblast,E149,False
RAS Exosome SASP,150,PZP,PZP,P20742,-0.073366459,0.595323056,1.324524164,extracellular_vesicle,IMR90_fibroblast,E150,False
RAS Exosome SASP,151,QSOX1,QSOX1,O00391,-0.073809994,0.639861834,1.82991612,extracellular_vesicle,IMR90_fibroblast,E151,False
RAS Exosome SASP,152,PYGL,PYGL,P06737,-0.09056676,0.440999701,3.742741346,extracellular_vesicle,IMR90_fibroblast,E152,False
RAS Exosome SASP,153,UCHL1,UCHL1,P09936,-0.095074179,0.512280566,1.541836739,extracellular_vesicle,IMR90_fibroblast,E153,False
RAS Exosome SASP,154,ERP44,ERP44,Q9BS26,-0.10877305,0.595558069,2.958094358,extracellular_vesicle,IMR90_fibroblast,E154,False
RAS Exosome SASP,155,ACTA2,ACTA2,P62736,-0.111168102,0.522357873,0.915917039,extracellular_vesicle,IMR90_fibroblast,E155,False
RAS Exosome SASP,156,GNB1,GNB1,P62873,-0.119079973,0.651683021,1.759731054,extracellular_vesicle,IMR90_fibroblast,E156,False
RAS Exosome SASP,157,LDHA,LDHA,P00338,-0.119175001,0.678923072,2.141648769,extracellular_vesicle,IMR90_fibroblast,E157,False
RAS Exosome SASP,158,PSMA3,PSMA3,P25788,-0.124923935,0.685314024,1.550899029,extracellular_vesicle,IMR90_fibroblast,E158,False
RAS Exosome SASP,159,RHOA,RHOA,P61586,-0.141631637,0.58583213,1.464298725,extracellular_vesicle,IMR90_fibroblast,E159,False
RAS Exosome SASP,160,SEPT7;SEPT14,,Q16181;Q6ZU15,-0.146778803,0.562370415,0.920899093,extracellular_vesicle,IMR90_fibroblast,E160,False
RAS Exosome SASP,161,TUBB8,TUBB8,Q3ZCM7,-0.147771783,0.192405848,0.622005165,extracellular_vesicle,IMR90_fibroblast,E161,False
RAS Exosome SASP,162,RPL12,RPL12,P30050,-0.150657371,0.651683021,3.014279366,extracellular_vesicle,IMR90_fibroblast,E162,False
RAS Exosome SASP,163,PDIA3,PDIA3,P30101,-0.153224206,0.190156466,1.509154916,extracellular_vesicle,IMR90_fibroblast,E163,False
RAS Exosome SASP,164,DSP,DSP,P15924,-0.175199506,0.697773457,1.980867147,extracellular_vesicle,IMR90_fibroblast,E164,False
RAS Exosome SASP,165,RPS2,RPS2,P15880,-0.185786297,0.564038618,1.467796564,extracellular_vesicle,IMR90_fibroblast,E165,False
RAS Exosome SASP,166,SERPINF2,SERPINF2,P08697,-0.188963747,0.688442191,2.758673668,extracellular_vesicle,IMR90_fibroblast,E166,False
RAS Exosome SASP,167,PSMB6,PSMB6,P28072,-0.190437359,0.56813957,1.364548922,extracellular_vesicle,IMR90_fibroblast,E167,False
RAS Exosome SASP,168,HSPG2,HSPG2,P98160,-0.19252508,0.651683021,2.052497387,extracellular_vesicle,IMR90_fibroblast,E168,False
RAS Exosome SASP,169,LRP1,LRP1,Q07954,-0.201161636,0.226376155,1.909666777,extracellular_vesicle,IMR90_fibroblast,E169,False
RAS Exosome SASP,170,ACTC1,ACTC1,P68032,-0.203008693,0.033298671,2.720933676,extracellular_vesicle,IMR90_fibroblast,E170,False
RAS Exosome SASP,171,MAT2A,MAT2A,P31153,-0.204349693,0.607147174,1.465744138,extracellular_vesicle,IMR90_fibroblast,E171,False
RAS Exosome SASP,172,CFL1,CFL1,P23528,-0.20453892,0.423490619,1.818884254,extracellular_vesicle,IMR90_fibroblast,E172,False
RAS Exosome SASP,173,HEXB,HEXB,P07686,-0.216306217,0.557062947,2.834515572,extracellular_vesicle,IMR90_fibroblast,E173,False
RAS Exosome SASP,174,CPNE1,CPNE1,Q99829,-0.217806369,0.434993344,2.311430454,extracellular_vesicle,IMR90_fibroblast,E174,False
RAS Exosome SASP,175,PRDX6,PRDX6,P30041,-0.238617194,0.608233137,1.29519248,extracellular_vesicle,IMR90_fibroblast,E175,False
RAS Exosome SASP,176,GNAI2,GNAI2,P04899,-0.248280343,0.200013855,1.811154008,extracellular_vesicle,IMR90_fibroblast,E176,False
RAS Exosome SASP,177,ALB,ALB,P02768,-0.254402316,0.651683021,2.130130053,extracellular_vesicle,IMR90_fibroblast,E177,False
RAS Exosome SASP,178,GDI2,GDI2,P50395,-0.286094869,0.446557402,2.008046389,extracellular_vesicle,IMR90_fibroblast,E178,False
RAS Exosome SASP,179,ALDOA,ALDOA,P04075,-0.289891966,0.696870914,2.128796101,extracellular_vesicle,IMR90_fibroblast,E179,False
RAS Exosome SASP,180,RAB7A,RAB7A,P51149,-0.291961685,0.566626157,1.785078406,extracellular_vesicle,IMR90_fibroblast,E180,False
RAS Exosome SASP,181,FLG2,FLG2,Q5D862,-0.301776735,0.608233137,1.857394338,extracellular_vesicle,IMR90_fibroblast,E181,False
RAS Exosome SASP,182,POSTN,POSTN,Q15063,-0.309549209,0.512280566,2.135338306,extracellular_vesicle,IMR90_fibroblast,E182,False
RAS Exosome SASP,183,APOM,APOM,O95445,-0.314409071,0.688442191,0.906231403,extracellular_vesicle,IMR90_fibroblast,E183,False
RAS Exosome SASP,184,MYOF,MYOF,Q9NZM1,-0.316618088,0.427378,2.327900171,extracellular_vesicle,IMR90_fibroblast,E184,False
RAS Exosome SASP,185,PTK7,PTK7,Q13308,-0.329338302,0.199814261,1.264158607,extracellular_vesicle,IMR90_fibroblast,E185,False
RAS Exosome SASP,186,RPS4X,RPS4X,P62701,-0.331361271,0.118183921,1.119366884,extracellular_vesicle,IMR90_fibroblast,E186,False
RAS Exosome SASP,187,PLSCR3,PLSCR3,Q9NRY6,-0.336928599,0.595558069,1.662301779,extracellular_vesicle,IMR90_fibroblast,E187,False
RAS Exosome SASP,188,HSP90AA1,HSP90AA1,P07900,-0.341026271,0.24169473,1.828074813,extracellular_vesicle,IMR90_fibroblast,E188,False
RAS Exosome SASP,189,KRT72,KRT72,Q14CN4,-0.362418426,0.446557402,1.48797071,extracellular_vesicle,IMR90_fibroblast,E189,False
RAS Exosome SASP,190,CFL2,CFL2,Q9Y281,-0.363042431,0.546285531,1.802245498,extracellular_vesicle,IMR90_fibroblast,E190,False
RAS Exosome SASP,191,FLNA,FLNA,P21333,-0.365314264,0.570129662,1.881823778,extracellular_vesicle,IMR90_fibroblast,E191,False
RAS Exosome SASP,192,RAB35,RAB35,Q15286,-0.377101821,0.522639428,1.376616955,extracellular_vesicle,IMR90_fibroblast,E192,False
RAS Exosome SASP,193,LAMP2,LAMP2,P13473,-0.382843471,0.257317009,1.242783546,extracellular_vesicle,IMR90_fibroblast,E193,False
RAS Exosome SASP,194,KPRP,KPRP,Q5T749,-0.383148841,0.651683021,1.72191143,extracellular_vesicle,IMR90_fibroblast,E194,False
RAS Exosome SASP,195,KRT10,KRT10,P13645,-0.390461237,0.661627928,1.849281907,extracellular_vesicle,IMR90_fibroblast,E195,False
RAS Exosome SASP,196,RAN,RAN,P62826,-0.395052849,0.688442191,1.766837716,extracellular_vesicle,IMR90_fibroblast,E196,False
RAS Exosome SASP,197,EGFR,EGFR,P00533,-0.396965904,0.07885929,1.143316388,extracellular_vesicle,IMR90_fibroblast,E197,False
RAS Exosome SASP,198,XPNPEP3,XPNPEP3,Q9NQH7,-0.399344234,0.417641633,2.74909234,extracellular_vesicle,IMR90_fibroblast,E198,False
RAS Exosome SASP,199,PSMA5,PSMA5,P28066,-0.400239573,0.103600964,1.125120163,extracellular_vesicle,IMR90_fibroblast,E199,False
RAS Exosome SASP,200,VAT1,VAT1,Q99536,-0.409689221,0.149787925,1.635338068,extracellular_vesicle,IMR90_fibroblast,E200,False
RAS Exosome SASP,201,PHGDH,PHGDH,O43175,-0.411615498,0.566626157,2.143368006,extracellular_vesicle,IMR90_fibroblast,E201,False
RAS Exosome SASP,202,COL1A1,COL1A1,P02452,-0.413349895,0.599447951,1.893913269,extracellular_vesicle,IMR90_fibroblast,E202,False
RAS Exosome SASP,203,MYL12B;MYL12A,,O14950;P19105,-0.413455878,0.700179864,3.313733101,extracellular_vesicle,IMR90_fibroblast,E203,False
RAS Exosome SASP,204,CTSB,CTSB,P07858,-0.417683634,0.67125811,1.824994326,extracellular_vesicle,IMR90_fibroblast,E204,False
RAS Exosome SASP,205,GNG12,GNG12,Q9UBI6,-0.423164563,0.284109662,2.317428112,extracellular_vesicle,IMR90_fibroblast,E205,False
RAS Exosome SASP,206,FAM129B,FAM129B,Q96TA1,-0.427479082,0.564038618,2.229739189,extracellular_vesicle,IMR90_fibroblast,E206,False
RAS Exosome SASP,207,RPS27A,RPS27A,P62979,-0.44778982,0.694012467,2.078288794,extracellular_vesicle,IMR90_fibroblast,E207,False
RAS Exosome SASP,208,PRAF2,PRAF2,O60831,-0.453443461,0.324824062,0.871529639,extracellular_vesicle,IMR90_fibroblast,E208,False
RAS Exosome SASP,209,LAMB1,LAMB1,P07942,-0.456278264,0.681021003,2.071386337,extracellular_vesicle,IMR90_fibroblast,E209,False
RAS Exosome SASP,210,YWHAE,YWHAE,P62258,-0.468054492,0.696870914,2.112310886,extracellular_vesicle,IMR90_fibroblast,E210,False
RAS Exosome SASP,211,GSTP1,GSTP1,P09211,-0.470628645,0.564038618,2.350258112,extracellular_vesicle,IMR90_fibroblast,E211,False
RAS Exosome SASP,212,RPS18,RPS18,P62269,-0.478895256,0.564038618,3.41428709,extracellular_vesicle,IMR90_fibroblast,E212,False
RAS Exosome SASP,213,RAB6A;RAB39A;RAB6B,,P20340;Q14964;Q9NRW1,-0.480897386,0.656462906,2.274833202,extracellular_vesicle,IMR90_fibroblast,E213,False
RAS Exosome SASP,214,MAPK15,MAPK15,Q8TD08,-0.487509002,0.353481527,1.329411507,extracellular_vesicle,IMR90_fibroblast,E214,False
RAS Exosome SASP,215,ENO1,ENO1,P06733,-0.48869769,0.000857406,2.155381203,extracellular_vesicle,IMR90_fibroblast,E215,False
RAS Exosome SASP,216,CD59,CD59,P13987,-0.491175158,0.458555002,1.723681927,extracellular_vesicle,IMR90_fibroblast,E216,False
RAS Exosome SASP,217,PSMB1,PSMB1,P20618,-0.498490032,0.451707799,2.341960669,extracellular_vesicle,IMR90_fibroblast,E217,False
RAS Exosome SASP,218,MIF,MIF,P14174,-0.503507552,0.566626157,2.759588718,extracellular_vesicle,IMR90_fibroblast,E218,False
RAS Exosome SASP,219,MFGE8,MFGE8,Q08431,-0.50728818,0.608233137,1.862672567,extracellular_vesicle,IMR90_fibroblast,E219,False
RAS Exosome SASP,220,RAB15,RAB15,P59190,-0.509069296,0.60350858,1.928771615,extracellular_vesicle,IMR90_fibroblast,E220,False
RAS Exosome SASP,221,RPL18,RPL18,Q07020,-0.511727729,0.688442191,1.952796936,extracellular_vesicle,IMR90_fibroblast,E221,False
RAS Exosome SASP,222,CD47,CD47,Q08722,-0.525211558,0.681021003,2.105424881,extracellular_vesicle,IMR90_fibroblast,E222,False
RAS Exosome SASP,223,CPA1,CPA1,P15085,-0.52821538,0.108328242,0.407181472,extracellular_vesicle,IMR90_fibroblast,E223,False
RAS Exosome SASP,224,TIMP2,TIMP2,P16035,-0.546963315,0.460027343,1.879566789,extracellular_vesicle,IMR90_fibroblast,E224,False
RAS Exosome SASP,225,PLOD1,PLOD1,Q02809,-0.549598332,0.686457098,2.570153236,extracellular_vesicle,IMR90_fibroblast,E225,False
RAS Exosome SASP,226,GNB2L1,GNB2L1,P63244,-0.550353143,0.295484735,1.854492426,extracellular_vesicle,IMR90_fibroblast,E226,False
RAS Exosome SASP,227,COL5A2,COL5A2,P05997,-0.552945047,0.34783688,1.371369362,extracellular_vesicle,IMR90_fibroblast,E227,False
RAS Exosome SASP,228,FN1,FN1,P02751,-0.554868031,0.256357838,1.936934233,extracellular_vesicle,IMR90_fibroblast,E228,False
RAS Exosome SASP,229,FKBP1A,FKBP1A,P62942,-0.567043064,0.185115184,0.502426207,extracellular_vesicle,IMR90_fibroblast,E229,False
RAS Exosome SASP,230,CALR,CALR,P27797,-0.571830604,0.295484735,1.993488669,extracellular_vesicle,IMR90_fibroblast,E230,False
RAS Exosome SASP,231,ACTN1,ACTN1,P12814,-0.580049476,0.431550394,1.734105468,extracellular_vesicle,IMR90_fibroblast,E231,False
RAS Exosome SASP,232,PTX3,PTX3,P26022,-0.580868947,0.575375164,2.269445896,extracellular_vesicle,IMR90_fibroblast,E232,False
RAS Exosome SASP,233,C1R,C1R,P00736,-0.588720366,0.688442191,2.31479311,extracellular_vesicle,IMR90_fibroblast,E233,False
RAS Exosome SASP,234,PDIA4,PDIA4,P13667,-0.590209475,0.392042289,1.995006919,extracellular_vesicle,IMR90_fibroblast,E234,False
RAS Exosome SASP,235,CCT3,CCT3,P49368,-0.590223986,0.566626157,1.672059536,extracellular_vesicle,IMR90_fibroblast,E235,False
RAS Exosome SASP,236,DCN,DCN,P07585,-0.603738266,0.149193407,1.690543771,extracellular_vesicle,IMR90_fibroblast,E236,False
RAS Exosome SASP,237,MYH9,MYH9,P35579,-0.617774842,0.095704822,2.09535861,extracellular_vesicle,IMR90_fibroblast,E237,False
RAS Exosome SASP,238,TUBB4B,TUBB4B,P68371,-0.636440964,0.226376155,1.83939898,extracellular_vesicle,IMR90_fibroblast,E238,False
RAS Exosome SASP,239,STOML3,STOML3,Q8TAV4,-0.638854277,0.363697449,1.46748364,extracellular_vesicle,IMR90_fibroblast,E239,False
RAS Exosome SASP,240,TGM2,TGM2,P21980,-0.640924974,0.392042289,1.470898628,extracellular_vesicle,IMR90_fibroblast,E240,False
RAS Exosome SASP,241,CALML5,CALML5,Q9NZT1,-0.650418407,0.185115184,0.818703294,extracellular_vesicle,IMR90_fibroblast,E241,False
RAS Exosome SASP,242,MMP14,MMP14,P50281,-0.665154798,0.149142615,1.214164615,extracellular_vesicle,IMR90_fibroblast,E242,False
RAS Exosome SASP,243,ITIH2,ITIH2,P19823,-0.670068251,0.575375164,1.314978838,extracellular_vesicle,IMR90_fibroblast,E243,False
RAS Exosome SASP,244,F2,F2,P00734,-0.674809491,0.58583213,2.350556612,extracellular_vesicle,IMR90_fibroblast,E244,False
RAS Exosome SASP,245,NME2,NME2,P22392,-0.681555832,0.030737401,1.003684044,extracellular_vesicle,IMR90_fibroblast,E245,False
RAS Exosome SASP,246,ACLY,ACLY,P53396,-0.687131746,0.619251886,1.7450881,extracellular_vesicle,IMR90_fibroblast,E246,False
RAS Exosome SASP,247,SCARB2,SCARB2,Q14108,-0.69654002,0.670274375,2.319678545,extracellular_vesicle,IMR90_fibroblast,E247,False
RAS Exosome SASP,248,FLNC,FLNC,Q14315,-0.701153391,0.346141971,2.063856125,extracellular_vesicle,IMR90_fibroblast,E248,False
RAS Exosome SASP,249,DSG1,DSG1,Q02413,-0.715043471,0.639861834,2.025655985,extracellular_vesicle,IMR90_fibroblast,E249,False
RAS Exosome SASP,250,PRKCSH,PRKCSH,P14314,-0.735325468,0.699659471,1.879959226,extracellular_vesicle,IMR90_fibroblast,E250,False
RAS Exosome SASP,251,KRT6A,KRT6A,P02538,-0.74043176,0.649626402,2.355517387,extracellular_vesicle,IMR90_fibroblast,E251,False
RAS Exosome SASP,252,TLN1,TLN1,Q9Y490,-0.75527821,0.182120275,2.218039989,extracellular_vesicle,IMR90_fibroblast,E252,False
RAS Exosome SASP,253,HLA-A,HLA-A,P01892,-0.756821441,0.340368929,2.308076382,extracellular_vesicle,IMR90_fibroblast,E253,False
RAS Exosome SASP,254,ITGA3,ITGA3,P26006,-0.761313388,0.370910803,1.697859168,extracellular_vesicle,IMR90_fibroblast,E254,False
RAS Exosome SASP,255,RAP1B,RAP1B,P61224,-0.76275121,0.116193609,0.922480583,extracellular_vesicle,IMR90_fibroblast,E255,False
RAS Exosome SASP,256,PSMB4,PSMB4,P28070,-0.803525455,0.564038618,2.137293577,extracellular_vesicle,IMR90_fibroblast,E256,False
RAS Exosome SASP,257,JUP,JUP,P14923,-0.812483367,0.284109662,1.601482153,extracellular_vesicle,IMR90_fibroblast,E257,False
RAS Exosome SASP,258,PDCD6IP,PDCD6IP,Q8WUM4,-0.872739847,4.82e-05,1.60138166,extracellular_vesicle,IMR90_fibroblast,E258,False
RAS Exosome SASP,259,PGK1,PGK1,P00558,-0.830953262,0.696870914,1.738299131,extracellular_vesicle,IMR90_fibroblast,E259,False
RAS Exosome SASP,260,NUDT2,NUDT2,P50583,-0.858334132,0.661627928,5.661330223,extracellular_vesicle,IMR90_fibroblast,E260,False
RAS Exosome SASP,261,CLU,CLU,P10909,-0.859983565,0.266731089,2.064988852,extracellular_vesicle,IMR90_fibroblast,E261,False
RAS Exosome SASP,262,HIST1H1B,HIST1H1B,P16401,-0.873270907,0.03057362,1.200570703,extracellular_vesicle,IMR90_fibroblast,E262,False
RAS Exosome SASP,263,PKM,PKM,P14618,-1.07859017,0.009992632,2.434671879,extracellular_vesicle,IMR90_fibroblast,E263,False
RAS Exosome SASP,264,S100A6,S100A6,P06703,-0.89448555,0.125322892,0.581926346,extracellular_vesicle,IMR90_fibroblast,E264,False
RAS Exosome SASP,265,MRC2,MRC2,Q9UBG0,-0.899344855,0.460027343,2.980485201,extracellular_vesicle,IMR90_fibroblast,E265,False
RAS Exosome SASP,266,PSMA7,PSMA7,O14818,-0.900679013,0.346107027,1.900431156,extracellular_vesicle,IMR90_fibroblast,E266,False
RAS Exosome SASP,267,PSMA1,PSMA1,P25786,-0.904133375,0.07885929,1.588596582,extracellular_vesicle,IMR90_fibroblast,E267,False
RAS Exosome SASP,268,HK1,HK1,P19367,-0.907805726,0.356417785,2.004417419,extracellular_vesicle,IMR90_fibroblast,E268,False
RAS Exosome SASP,269,P4HB,P4HB,P07237,-0.91033022,0.685314024,2.028589725,extracellular_vesicle,IMR90_fibroblast,E269,False
RAS Exosome SASP,270,RPS23,RPS23,P62266,-0.921067867,0.146111464,0.784014165,extracellular_vesicle,IMR90_fibroblast,E270,False
RAS Exosome SASP,271,PAFAH1B1,PAFAH1B1,P43034,-0.932224528,0.099108636,0.640360415,extracellular_vesicle,IMR90_fibroblast,E271,False
RAS Exosome SASP,272,BANF1,BANF1,O75531,-0.932848464,0.58583213,1.244227886,extracellular_vesicle,IMR90_fibroblast,E272,False
RAS Exosome SASP,273,PLOD2,PLOD2,O00469,-0.95523619,0.685314024,1.848769665,extracellular_vesicle,IMR90_fibroblast,E273,False
RAS Exosome SASP,274,PPIB,PPIB,P23284,-0.95848641,0.200203672,2.160933256,extracellular_vesicle,IMR90_fibroblast,E274,False
RAS Exosome SASP,275,PSMA4,PSMA4,P25789,-0.966437537,0.446557402,2.534700632,extracellular_vesicle,IMR90_fibroblast,E275,False
RAS Exosome SASP,276,C1RL,C1RL,Q9NZP8,-0.970687345,0.226376155,1.822604895,extracellular_vesicle,IMR90_fibroblast,E276,False
RAS Exosome SASP,277,KRT31,KRT31,Q15323,-0.971883918,0.688442191,2.972003698,extracellular_vesicle,IMR90_fibroblast,E277,False
RAS Exosome SASP,278,BSG,BSG,P35613,-0.972211546,0.149882456,1.956524611,extracellular_vesicle,IMR90_fibroblast,E278,False
RAS Exosome SASP,279,TXNDC5,TXNDC5,Q8NBS9,-0.97392982,0.639566215,2.18729949,extracellular_vesicle,IMR90_fibroblast,E279,False
RAS Exosome SASP,280,PKP1,PKP1,Q13835,-0.976520198,0.11526176,1.421487331,extracellular_vesicle,IMR90_fibroblast,E280,False
RAS Exosome SASP,281,KRT2,KRT2,P35908,-0.9824378,0.196173148,1.887343526,extracellular_vesicle,IMR90_fibroblast,E281,False
RAS Exosome SASP,282,MVP,MVP,Q14764,-0.990704318,0.370910803,2.026211023,extracellular_vesicle,IMR90_fibroblast,E282,False
RAS Exosome SASP,283,PPIA,PPIA,P62937,-0.998598176,0.182120275,1.646704793,extracellular_vesicle,IMR90_fibroblast,E283,False
RAS Exosome SASP,284,PSMB3,PSMB3,P49720,-1.010827447,0.172221195,1.538702369,extracellular_vesicle,IMR90_fibroblast,E284,False
RAS Exosome SASP,285,C3,C3,P01024,-1.012116523,0.696870914,1.918764234,extracellular_vesicle,IMR90_fibroblast,E285,False
RAS Exosome SASP,286,HIST1H2AG;HIST1H2AD;HIST2H2AC;HIST2H2AA3;HIST1H2AH;HIST1H2AJ;H2AFJ,,P0C0S8;P20671;Q16777;Q6FI13;Q96KK5;Q99878;Q9BTM1,-1.014134846,0.595558069,1.798982978,extracellular_vesicle,IMR90_fibroblast,E286,False
RAS Exosome SASP,287,TNC,TNC,P24821,-1.04086622,0.384769312,2.070140362,extracellular_vesicle,IMR90_fibroblast,E287,False
RAS Exosome SASP,288,GSN,GSN,P06396,-1.065092911,0.064389763,1.711216688,extracellular_vesicle,IMR90_fibroblast,E288,False
RAS Exosome SASP,289,CTSC,CTSC,P53634,-1.069890564,0.141049183,2.097177505,extracellular_vesicle,IMR90_fibroblast,E289,False
RAS Exosome SASP,290,RPS20,RPS20,P60866,-1.080949001,0.009258012,1.125383258,extracellular_vesicle,IMR90_fibroblast,E290,False
RAS Exosome SASP,291,A1BG,A1BG,P04217,-1.130317148,0.030737401,0.420287549,extracellular_vesicle,IMR90_fibroblast,E291,False
RAS Exosome SASP,292,TGFBI,TGFBI,Q15582,-1.097450252,0.256357838,2.075933695,extracellular_vesicle,IMR90_fibroblast,E292,False
RAS Exosome SASP,293,KRT6B,KRT6B,P04259,-1.099309018,0.655358661,1.811114669,extracellular_vesicle,IMR90_fibroblast,E293,False
RAS Exosome SASP,294,CDC42,CDC42,P60953,-1.113082027,0.678923072,3.026524305,extracellular_vesicle,IMR90_fibroblast,E294,False
RAS Exosome SASP,295,LOXL2,LOXL2,Q9Y4K0,-1.311635952,0.025929263,2.083922386,extracellular_vesicle,IMR90_fibroblast,E295,False
RAS Exosome SASP,296,EEF1A1;EEF1A1P5,,P68104;Q5VTE0,-1.153920141,0.084001825,1.732855439,extracellular_vesicle,IMR90_fibroblast,E296,False
RAS Exosome SASP,297,THBS1,THBS1,P07996,-1.182935292,0.149882456,1.974218011,extracellular_vesicle,IMR90_fibroblast,E297,False
RAS Exosome SASP,298,C1S,C1S,P09871,-1.19285787,0.07885929,2.28039217,extracellular_vesicle,IMR90_fibroblast,E298,False
RAS Exosome SASP,299,KRT5,KRT5,P13647,-1.195032633,0.149193407,2.117516279,extracellular_vesicle,IMR90_fibroblast,E299,False
RAS Exosome SASP,300,RPS16,RPS16,P62249,-1.439538401,0.033298671,1.869082332,extracellular_vesicle,IMR90_fibroblast,E300,False
RAS Exosome SASP,301,CLTC,CLTC,Q00610,-1.229659233,0.566626157,1.891628385,extracellular_vesicle,IMR90_fibroblast,E301,False
RAS Exosome SASP,302,EMILIN1,EMILIN1,Q9Y6C2,-1.232333933,0.353481527,2.049168587,extracellular_vesicle,IMR90_fibroblast,E302,False
RAS Exosome SASP,303,EDIL3,EDIL3,O43854,-1.252267214,0.097778133,1.940538406,extracellular_vesicle,IMR90_fibroblast,E303,False
RAS Exosome SASP,304,GNB2,GNB2,P62879,-1.255106398,0.431550394,2.428478003,extracellular_vesicle,IMR90_fibroblast,E304,False
RAS Exosome SASP,305,PSMA6,PSMA6,P60900,-1.263461308,0.199814261,2.138428926,extracellular_vesicle,IMR90_fibroblast,E305,False
RAS Exosome SASP,306,HIST1H1E;HIST1H1D;HIST1H1C,,P10412;P16402;P16403,-1.618256304,0.000857406,1.748420835,extracellular_vesicle,IMR90_fibroblast,E306,False
RAS Exosome SASP,307,KRT77,KRT77,Q7Z794,-1.326479147,0.446557402,2.640041828,extracellular_vesicle,IMR90_fibroblast,E307,False
RAS Exosome SASP,308,ECM1,ECM1,Q16610,-1.334381469,0.497939844,1.742831945,extracellular_vesicle,IMR90_fibroblast,E308,False
RAS Exosome SASP,309,ITGAV,ITGAV,P06756,-1.340712058,0.117319846,1.506104708,extracellular_vesicle,IMR90_fibroblast,E309,False
RAS Exosome SASP,310,SOD1,SOD1,P00441,-1.375282194,0.144658855,2.028132439,extracellular_vesicle,IMR90_fibroblast,E310,False
RAS Exosome SASP,311,RAB1B,RAB1B,Q9H0U4,-1.387614624,0.116193609,1.810061693,extracellular_vesicle,IMR90_fibroblast,E311,False
RAS Exosome SASP,312,COL3A1,COL3A1,P02461,-1.393015642,0.696870914,2.283905029,extracellular_vesicle,IMR90_fibroblast,E312,False
RAS Exosome SASP,313,GLIPR2,GLIPR2,Q9H4G4,-1.397501279,0.221564467,2.348997116,extracellular_vesicle,IMR90_fibroblast,E313,False
RAS Exosome SASP,314,ITGA1,ITGA1,P56199,-1.77,0.024165329,1.509284735,extracellular_vesicle,IMR90_fibroblast,E314,False
RAS Exosome SASP,315,IGFBP7,IGFBP7,Q16270,-1.441675604,0.169834055,1.433318853,extracellular_vesicle,IMR90_fibroblast,E315,False
RAS Exosome SASP,316,TPM4,TPM4,P67936,-1.451058744,0.324824062,1.682774186,extracellular_vesicle,IMR90_fibroblast,E316,False
RAS Exosome SASP,317,LTF,LTF,P02788,-1.452406051,0.192405848,1.769507647,extracellular_vesicle,IMR90_fibroblast,E317,False
RAS Exosome SASP,318,KRT14,KRT14,P02533,-1.472543462,0.182863999,2.141146421,extracellular_vesicle,IMR90_fibroblast,E318,False
RAS Exosome SASP,319,ANXA5,ANXA5,P08758,-1.481412881,0.353481527,2.272728205,extracellular_vesicle,IMR90_fibroblast,E319,False
RAS Exosome SASP,320,S100A7,S100A7,P31151,-1.55629988,0.594267439,3.573954821,extracellular_vesicle,IMR90_fibroblast,E320,False
RAS Exosome SASP,321,KRT17,KRT17,Q04695,-1.568385283,0.182120275,1.643589139,extracellular_vesicle,IMR90_fibroblast,E321,False
RAS Exosome SASP,322,RIC8B,RIC8B,Q9NVN3,-1.579129091,0.417641633,5.36085701,extracellular_vesicle,IMR90_fibroblast,E322,False
RAS Exosome SASP,323,RAB10,RAB10,P61026,-1.602229493,0.548012677,3.363075018,extracellular_vesicle,IMR90_fibroblast,E323,False
RAS Exosome SASP,324,HIST1H4A,HIST1H4A,P62805,-1.843260039,0.01061012,2.741876841,extracellular_vesicle,IMR90_fibroblast,E324,False
RAS Exosome SASP,325,KRT9,KRT9,P35527,-1.634696,0.251804505,2.171126366,extracellular_vesicle,IMR90_fibroblast,E325,False
RAS Exosome SASP,326,TKT,TKT,P29401,-1.666306292,0.226376155,2.427424908,extracellular_vesicle,IMR90_fibroblast,E326,False
RAS Exosome SASP,327,COL6A2,COL6A2,P12110,-2.32,0.006908096,1.42,extracellular_vesicle,IMR90_fibroblast,E327,False
RAS Exosome SASP,328,YWHAG,YWHAG,P61981,-1.733474126,0.564038618,2.833496094,extracellular_vesicle,IMR90_fibroblast,E328,False
RAS Exosome SASP,329,IGHG1,IGHG1,P01857,-1.739708478,0.149193407,2.497416735,extracellular_vesicle,IMR90_fibroblast,E329,False
RAS Exosome SASP,330,NOP16,NOP16,Q9Y3C1,-1.771764612,0.295484735,2.154471874,extracellular_vesicle,IMR90_fibroblast,E330,False
RAS Exosome SASP,331,STT3B,STT3B,Q8TCJ2,-1.796540054,0.121699732,1.647231817,extracellular_vesicle,IMR90_fibroblast,E331,False
RAS Exosome SASP,332,SRI,SRI,P30626,-1.831002796,0.237639625,2.340221405,extracellular_vesicle,IMR90_fibroblast,E332,False
RAS Exosome SASP,333,KRT13,KRT13,P13646,-2.334739399,0.025929263,2.531249762,extracellular_vesicle,IMR90_fibroblast,E333,False
RAS Exosome SASP,334,KRT78,KRT78,Q8N1N4,-1.890102929,0.217080358,2.528869867,extracellular_vesicle,IMR90_fibroblast,E334,False
RAS Exosome SASP,335,FBN1,FBN1,P35555,-1.93881076,0.185115184,2.161841631,extracellular_vesicle,IMR90_fibroblast,E335,False
RAS Exosome SASP,336,HIST1H3A;H3F3A;HIST3H3;HIST2H3A,,P68431;P84243;Q16695;Q71DI3,-1.943273153,0.095704822,2.614746809,extracellular_vesicle,IMR90_fibroblast,E336,False
RAS Exosome SASP,337,RPS13,RPS13,P62277,-1.996622276,0.276766659,2.577756643,extracellular_vesicle,IMR90_fibroblast,E337,False
RAS Exosome SASP,338,HSPA8,HSPA8,P11142,-2.015991643,0.496315266,2.271868706,extracellular_vesicle,IMR90_fibroblast,E338,False
RAS Exosome SASP,339,RRAS,RRAS,P10301,-2.282747496,0.241850824,2.207791805,extracellular_vesicle,IMR90_fibroblast,E339,False
RAS Exosome SASP,340,COL6A1,COL6A1,P12109,-3.26,2.33e-05,1.775900841,extracellular_vesicle,IMR90_fibroblast,E340,False
RAS Exosome SASP,341,KRT1,KRT1,P04264,-2.401895931,0.685314024,2.436899662,extracellular_vesicle,IMR90_fibroblast,E341,False
RAS Exosome SASP,342,CTNNB1,CTNNB1,P35222,-2.46372626,0.134070921,3.287981272,extracellular_vesicle,IMR90_fibroblast,E342,False
RAS Exosome SASP,343,ITGB5,ITGB5,P18084,-2.503884882,0.116467418,3.263747692,extracellular_vesicle,IMR90_fibroblast,E343,False
RAS Exosome SASP,344,GNA13,GNA13,Q14344,-2.580123588,0.149142615,2.147142649,extracellular_vesicle,IMR90_fibroblast,E344,False
RAS Exosome SASP,345,HIST1H2AB;HIST3H2A;HIST1H2AC,,P04908;Q7L7L0;Q93077,-2.602648904,0.231494325,2.84209156,extracellular_vesicle,IMR90_fibroblast,E345,False
RAS Exosome SASP,346,HIST1H2BK;H2BFS;HIST1H2BD;HIST1H2BC;HIST2H2BF;HIST1H2BH;HIST1H2BN;HIST1H2BM;HIST1H2BL,,O60814;P57053;P58876;P62807;Q5QNW6;Q93079;Q99877;Q99879;Q99880,-4.257318937,0.024165329,3.116237164,extracellular_vesicle,IMR90_fibroblast,E346,False
RAS Exosome SASP,347,PRSS2,PRSS2,P07478,-2.978790485,0.403551061,6.117408752,extracellular_vesicle,IMR90_fibroblast,E347,False
RAS Exosome SASP,348,RAB33B,RAB33B,Q9H082,-3.177195828,0.256357838,3.487486362,extracellular_vesicle,IMR90_fibroblast,E348,False
RAS Exosome SASP,349,NID2,NID2,Q14112,-3.259281431,0.557269048,1.923558831,extracellular_vesicle,IMR90_fibroblast,E349,False
RAS Exosome SASP,350,VCL,VCL,P18206,-3.7844564,0.58583213,2.582839966,extracellular_vesicle,IMR90_fibroblast,E350,False
RAS Exosome SASP,351,CTHRC1,CTHRC1,Q96CG8,-3.960955135,0.194732763,2.611889839,extracellular_vesicle,IMR90_fibroblast,E351,False
RAS Exosome SASP,352,LRP8,LRP8,Q14114,-4.281152392,0.01709304,1.157205105,extracellular_vesicle,IMR90_fibroblast,E352,False
RAS Exosome SASP,353,HIST1H2BJ;HIST1H2BO;HIST1H2BB;HIST2H2BE;HIST3H2BB,,P06899;P23527;P33778;Q16778;Q8N257,-5.5197399,0.01709304,3.234974623,extracellular_vesicle,IMR90_fibroblast,E353,False
RAS Exosome SASP,354,THY1,THY1,P04216,-4.487233356,0.05756381,2.506127596,extracellular_vesicle,IMR90_fibroblast,E354,False
RAS Exosome SASP,355,RPL6,RPL6,Q02878,-5.091098684,0.149882456,3.304647923,extracellular_vesicle,IMR90_fibroblast,E355,False
RAS Exosome SASP,356,RTN4,RTN4,Q9NQC3,-5.320520087,0.226376155,3.054759264,extracellular_vesicle,IMR90_fibroblast,E356,False
RAS Exosome SASP,357,COL6A3,COL6A3,P12111,-6.87,1.34e-06,3.24,extracellular_vesicle,IMR90_fibroblast,E357,False
ATV SASP (Day 9),4,SUMF2,SUMF2,Q8NBJ7,2.561140092,0.016095849,0.36701414,soluble,IMR90_fibroblast,E4,False
ATV SASP (Day 9),5,HLA-B,HLA-B,P01889,2.15386212,0.056862424,0.882856011,soluble,IMR90_fibroblast,E5,False
ATV SASP (Day 9),6,AHSG,AHSG,P02765,2.016431883,0.109050765,3.799926281,soluble,IMR90_fibroblast,E6,False
ATV SASP (Day 9),7,AARS,AARS,P49588,1.954913442,0.057723693,0.705837905,soluble,IMR90_fibroblast,E7,False
ATV SASP (Day 9),8,ATP6AP1,ATP6AP1,Q15904,1.927689991,0.102340825,1.431408644,soluble,IMR90_fibroblast,E8,False
ATV SASP (Day 9),9,FKBP14,FKBP14,Q9NWM8,1.734863984,0.130214755,1.522845864,soluble,IMR90_fibroblast,E9,False
ATV SASP (Day 9),10,HIST1H2BK;HIST1H2BJ;HIST1H2BO;HIST1H2BB;H2BFS;HIST1H2BD;HIST1H2BC;HIST2H2BE;HIST2H2BF;HIST3H2BB;HIST1H2BH;HIST1H2BN;HIST1H2BM;HIST1H2BL,,O60814;P06899;P23527;P33778;P57053;P58876;P62807;Q16778;Q5QNW6;Q8N257;Q93079;Q99877;Q99879;Q99880,1.675055713,0.071006942,0.7958197,soluble,IMR90_fibroblast,E10,False
ATV SASP (Day 9),11,PTX3,PTX3,P26022,1.564788829,0.000104825,0.882440567,soluble,IMR90_fibroblast,E11,False
ATV SASP (Day 9),12,MINPP1,MINPP1,Q9UNW1,1.549278237,0.023270288,1.319690347,soluble,IMR90_fibroblast,E12,False
ATV SASP (Day 9),13,CXCL1;CXCL2;CXCL3,,P09341;P19875;P19876,1.530055439,0.158226004,1.900413275,soluble,IMR90_fibroblast,E13,False
ATV SASP (Day 9),14,MAMDC2,MAMDC2,Q7Z304,1.491914395,0.037369675,0.409625232,soluble,IMR90_fibroblast,E14,False
ATV SASP (Day 9),15,SPOCK1,SPOCK1,Q08629,1.427136909,0.014520842,0.205102161,soluble,IMR90_fibroblast,E15,False
ATV SASP (Day 9),16,HNRNPA2B1,HNRNPA2B1,P22626,1.414210141,0.026572986,0.976657808,soluble,IMR90_fibroblast,E16,False
ATV SASP (Day 9),17,PRNP,PRNP,P04156,1.404455754,0.106138881,1.260379195,soluble,IMR90_fibroblast,E17,False
ATV SASP (Day 9),18,MMP1,MMP1,P03956,1.390922937,0.00041875,0.746759355,soluble,IMR90_fibroblast,E18,False
ATV SASP (Day 9),19,HMGA1,HMGA1,P17096,1.3836495,0.092928185,0.946581364,soluble,IMR90_fibroblast,E19,False
ATV SASP (Day 9),20,GDF15,GDF15,Q99988,1.3789688,0.114692866,1.073013186,soluble,IMR90_fibroblast,E20,False
ATV SASP (Day 9),21,LMAN2,LMAN2,Q12907,1.351031688,0.190089167,2.326328754,soluble,IMR90_fibroblast,E21,False
ATV SASP (Day 9),22,CALR,CALR,P27797,1.297367213,0.116488993,1.362450957,soluble,IMR90_fibroblast,E22,False
ATV SASP (Day 9),23,MYH7;MYH6,,P12883;P13533,1.291366722,0.104151139,0.763728499,soluble,IMR90_fibroblast,E23,False
ATV SASP (Day 9),24,TPM1,TPM1,P09493,1.281972067,0.009502613,1.438881874,soluble,IMR90_fibroblast,E24,False
ATV SASP (Day 9),25,PRDX3,PRDX3,P30048,1.254939808,0.190089167,1.740840435,soluble,IMR90_fibroblast,E25,False
ATV SASP (Day 9),26,GSTO1,GSTO1,P78417,1.189792702,0.121051863,1.887371421,soluble,IMR90_fibroblast,E26,False
ATV SASP (Day 9),27,CTSD,CTSD,P07339,1.174449156,0.000188653,1.22350657,soluble,IMR90_fibroblast,E27,False
ATV SASP (Day 9),28,CTSA,CTSA,P10619,1.170475373,0.095255927,1.494475722,soluble,IMR90_fibroblast,E28,False
ATV SASP (Day 9),29,MOXD1,MOXD1,Q6UVY6,1.169819298,0.211723217,2.067215681,soluble,IMR90_fibroblast,E29,False
ATV SASP (Day 9),30,PDIA6,PDIA6,Q15084,1.162227418,0.002135142,1.322394252,soluble,IMR90_fibroblast,E30,False
ATV SASP (Day 9),31,HMGB1,HMGB1,P09429,1.115970439,0.230769591,1.591776013,soluble,IMR90_fibroblast,E31,False
ATV SASP (Day 9),32,ATP5B,ATP5B,P06576,1.107381761,0.000969854,1.331693172,soluble,IMR90_fibroblast,E32,False
ATV SASP (Day 9),33,DPP7,DPP7,Q9UHL4,1.104535268,0.237708155,1.492063761,soluble,IMR90_fibroblast,E33,False
ATV SASP (Day 9),34,SMPD1,SMPD1,P17405,1.08114188,0.08451311,0.787997603,soluble,IMR90_fibroblast,E34,False
ATV SASP (Day 9),35,PPIB,PPIB,P23284,1.071848715,0.002337613,1.47334671,soluble,IMR90_fibroblast,E35,False
ATV SASP (Day 9),36,NPM1,NPM1,P06748,1.062125462,0.000310881,0.809063077,soluble,IMR90_fibroblast,E36,False
ATV SASP (Day 9),37,DCN,DCN,P07585,1.059227982,3.24e-06,1.186623693,soluble,IMR90_fibroblast,E37,False
ATV SASP (Day 9),38,CTSB,CTSB,P07858,1.039159731,8.22e-06,1.23447454,soluble,IMR90_fibroblast,E38,False
ATV SASP (Day 9),39,CPQ,CPQ,Q9Y646,1.01326104,0.032215546,0.943480253,soluble,IMR90_fibroblast,E39,False
ATV SASP (Day 9),40,PTMS,PTMS,P20962,1.002006406,0.15460518,1.173000336,soluble,IMR90_fibroblast,E40,False
ATV SASP (Day 9),41,PLEC,PLEC,Q15149,1.001583989,0.004833549,1.959764004,soluble,IMR90_fibroblast,E41,False
ATV SASP (Day 9),42,SYNCRIP,SYNCRIP,O60506,0.996470039,0.107065846,0.740233183,soluble,IMR90_fibroblast,E42,False
ATV SASP (Day 9),43,ITM2B,ITM2B,Q9Y287,0.995216304,0.074268266,0.318717748,soluble,IMR90_fibroblast,E43,False
ATV SASP (Day 9),44,PSMA5,PSMA5,P28066,0.989158751,0.135493304,0.676141083,soluble,IMR90_fibroblast,E44,False
ATV SASP (Day 9),45,BASP1,BASP1,P80723,0.988789203,0.08451311,0.571352661,soluble,IMR90_fibroblast,E45,False
ATV SASP (Day 9),46,AHNAK,AHNAK,Q09666,0.977238063,0.00728955,1.416695476,soluble,IMR90_fibroblast,E46,False
ATV SASP (Day 9),47,QSOX1,QSOX1,O00391,0.966977956,1.59e-09,1.055310845,soluble,IMR90_fibroblast,E47,False
ATV SASP (Day 9),48,ECM1,ECM1,Q16610,0.963749332,3.07e-06,1.033351541,soluble,IMR90_fibroblast,E48,False
ATV SASP (Day 9),49,TPD52L2,TPD52L2,O43399,0.962144057,0.08451311,0.606482565,soluble,IMR90_fibroblast,E49,False
ATV SASP (Day 9),50,CKM,CKM,P06732,0.946181047,0.057799235,1.18615675,soluble,IMR90_fibroblast,E50,False
ATV SASP (Day 9),51,HSPA5,HSPA5,P11021,0.935520104,2.73e-08,1.17959249,soluble,IMR90_fibroblast,E51,False
ATV SASP (Day 9),52,KRT7,KRT7,P08729,0.922295893,0.050940726,1.486936212,soluble,IMR90_fibroblast,E52,False
ATV SASP (Day 9),53,GM2A,GM2A,P17900,0.919684581,0.024781741,1.665630937,soluble,IMR90_fibroblast,E53,False
ATV SASP (Day 9),54,G6PD,G6PD,P11413,0.91625618,0.04398377,0.210687011,soluble,IMR90_fibroblast,E54,False
ATV SASP (Day 9),55,CNPY2,CNPY2,Q9Y2B0,0.915153255,0.001378509,0.489822596,soluble,IMR90_fibroblast,E55,False
ATV SASP (Day 9),56,NUCB2,NUCB2,P80303,0.899799925,0.000876967,1.215871215,soluble,IMR90_fibroblast,E56,False
ATV SASP (Day 9),57,NRP1,NRP1,O14786,0.897217502,0.001780146,0.975251913,soluble,IMR90_fibroblast,E57,False
ATV SASP (Day 9),58,MYH3;MYH1;MYH2,,P11055;P12882;Q9UKX2,0.89194013,0.054646369,1.41102016,soluble,IMR90_fibroblast,E58,False
ATV SASP (Day 9),59,CTSC,CTSC,P53634,0.888787536,0.127254131,0.894976139,soluble,IMR90_fibroblast,E59,False
ATV SASP (Day 9),60,ERP44,ERP44,Q9BS26,0.886233403,0.070421532,1.374474168,soluble,IMR90_fibroblast,E60,False
ATV SASP (Day 9),61,FKBP10,FKBP10,Q96AY3,0.885096328,0.012541831,0.870526791,soluble,IMR90_fibroblast,E61,False
ATV SASP (Day 9),62,COPA,COPA,P53621,0.879198118,0.099782891,1.356196284,soluble,IMR90_fibroblast,E62,False
ATV SASP (Day 9),63,ATRN,ATRN,O75882,0.865044642,0.123623817,0.775986373,soluble,IMR90_fibroblast,E63,False
ATV SASP (Day 9),64,KRT6B,KRT6B,P04259,0.861768195,0.19927607,1.396932006,soluble,IMR90_fibroblast,E64,False
ATV SASP (Day 9),65,C1RL,C1RL,Q9NZP8,0.839291817,0.239958212,2.727926016,soluble,IMR90_fibroblast,E65,False
ATV SASP (Day 9),66,KRT9,KRT9,P35527,0.833552315,1.08e-16,1.403344035,soluble,IMR90_fibroblast,E66,False
ATV SASP (Day 9),67,UGP2,UGP2,Q16851,0.821667866,0.153018608,0.944596946,soluble,IMR90_fibroblast,E67,False
ATV SASP (Day 9),68,F5,F5,P12259,0.820945601,0.083196081,1.97774303,soluble,IMR90_fibroblast,E68,False
ATV SASP (Day 9),69,TIMP1,TIMP1,P01033,0.820924094,8.57e-05,1.461722732,soluble,IMR90_fibroblast,E69,False
ATV SASP (Day 9),70,P4HB,P4HB,P07237,0.814665336,6.45e-05,1.040022492,soluble,IMR90_fibroblast,E70,False
ATV SASP (Day 9),71,B2M,B2M,P61769,0.807468965,0.01137994,0.892264366,soluble,IMR90_fibroblast,E71,False
ATV SASP (Day 9),72,IGFBP4,IGFBP4,P22692,0.806504155,0.001612348,1.038769722,soluble,IMR90_fibroblast,E72,False
ATV SASP (Day 9),73,PCOLCE,PCOLCE,Q15113,0.798052619,0.002297514,0.721112192,soluble,IMR90_fibroblast,E73,False
ATV SASP (Day 9),74,HSPE1,HSPE1,P61604,0.795258983,0.116488993,1.710438251,soluble,IMR90_fibroblast,E74,False
ATV SASP (Day 9),75,LAMA4,LAMA4,Q16363,0.788308545,3.74e-06,1.342246175,soluble,IMR90_fibroblast,E75,False
ATV SASP (Day 9),76,DSP,DSP,P15924,0.786439536,0.002135142,1.438490391,soluble,IMR90_fibroblast,E76,False
ATV SASP (Day 9),77,CALML5,CALML5,Q9NZT1,0.785631358,0.208486182,1.129378915,soluble,IMR90_fibroblast,E77,False
ATV SASP (Day 9),78,ADAM9,ADAM9,Q13443,0.784677642,0.190305427,1.301571846,soluble,IMR90_fibroblast,E78,False
ATV SASP (Day 9),79,MYDGF,MYDGF,Q969H8,0.776047926,0.221808106,2.053869963,soluble,IMR90_fibroblast,E79,False
ATV SASP (Day 9),80,GAS6,GAS6,Q14393,0.767905712,0.000918832,0.690564215,soluble,IMR90_fibroblast,E80,False
ATV SASP (Day 9),81,GNS,GNS,P15586,0.754120303,0.020958041,0.146721542,soluble,IMR90_fibroblast,E81,False
ATV SASP (Day 9),82,GAPDH,GAPDH,P04406,0.745729757,0.000310881,1.23070395,soluble,IMR90_fibroblast,E82,False
ATV SASP (Day 9),83,EEF1A1,EEF1A1,P68104,0.743800349,0.002337613,1.349789619,soluble,IMR90_fibroblast,E83,False
ATV SASP (Day 9),84,NAGLU,NAGLU,P54802,0.741166468,0.001378509,1.117691636,soluble,IMR90_fibroblast,E84,False
ATV SASP (Day 9),85,KRT1,KRT1,P04264,0.740212618,2.08e-14,1.583240509,soluble,IMR90_fibroblast,E85,False
ATV SASP (Day 9),86,NPC2,NPC2,P61916,0.737899755,0.033997823,1.02728653,soluble,IMR90_fibroblast,E86,False
ATV SASP (Day 9),87,LGALS3BP,LGALS3BP,Q08380,0.737444896,2.44e-06,0.818145871,soluble,IMR90_fibroblast,E87,False
ATV SASP (Day 9),88,FBN2,FBN2,P35556,0.736781624,0.074138853,1.116393805,soluble,IMR90_fibroblast,E88,False
ATV SASP (Day 9),89,DSG1,DSG1,Q02413,0.729327538,0.021078,0.977944374,soluble,IMR90_fibroblast,E89,False
ATV SASP (Day 9),90,NUCB1,NUCB1,Q02818,0.690756984,1.66e-07,1.155787706,soluble,IMR90_fibroblast,E90,False
ATV SASP (Day 9),91,FBLN1,FBLN1,P23142,0.690581442,1.67e-06,1.236988306,soluble,IMR90_fibroblast,E91,False
ATV SASP (Day 9),92,AKR1A1,AKR1A1,P14550,0.68171938,0.090500681,0.881122112,soluble,IMR90_fibroblast,E92,False
ATV SASP (Day 9),93,JUP,JUP,P14923,0.674457964,0.024270089,1.105260491,soluble,IMR90_fibroblast,E93,False
ATV SASP (Day 9),94,KRT78,KRT78,Q8N1N4,0.6677215,0.127254131,1.371390581,soluble,IMR90_fibroblast,E94,False
ATV SASP (Day 9),95,HSP90AA1,HSP90AA1,P07900,0.664466542,0.045907587,1.502423167,soluble,IMR90_fibroblast,E95,False
ATV SASP (Day 9),96,RBP4,RBP4,P02753,0.652056711,0.255760649,3.079916954,soluble,IMR90_fibroblast,E96,False
ATV SASP (Day 9),97,SERPINH1,SERPINH1,P50454,0.643829488,3.24e-09,0.697796583,soluble,IMR90_fibroblast,E97,False
ATV SASP (Day 9),98,YWHAB,YWHAB,P31946,0.640481955,0.009902089,1.172397971,soluble,IMR90_fibroblast,E98,False
ATV SASP (Day 9),99,LAMC1,LAMC1,P11047,0.631493576,4.43e-11,0.8674137,soluble,IMR90_fibroblast,E99,False
ATV SASP (Day 9),100,PTPRK,PTPRK,Q15262,0.631466233,0.000936535,0.163763389,soluble,IMR90_fibroblast,E100,False
ATV SASP (Day 9),101,GREM1;GREM2,,O60565;Q9H772,0.6276479,0.130214755,0.447757423,soluble,IMR90_fibroblast,E101,False
ATV SASP (Day 9),102,RPSA,RPSA,P08865,0.626388397,0.00158049,0.018317593,soluble,IMR90_fibroblast,E102,False
ATV SASP (Day 9),103,KRT2,KRT2,P35908,0.62134808,4.6e-05,0.921001673,soluble,IMR90_fibroblast,E103,False
ATV SASP (Day 9),104,MMP2,MMP2,P08253,0.620283157,0.081899676,0.340769917,soluble,IMR90_fibroblast,E104,False
ATV SASP (Day 9),105,SERPINE1,SERPINE1,P05121,0.61884819,0.007131864,1.224778414,soluble,IMR90_fibroblast,E105,False
ATV SASP (Day 9),106,MYH9,MYH9,P35579,0.61595966,4.31e-08,1.199341655,soluble,IMR90_fibroblast,E106,False
ATV SASP (Day 9),107,CD44,CD44,P16070,0.610903018,0.00728955,0.440477371,soluble,IMR90_fibroblast,E107,False
ATV SASP (Day 9),108,ENPP2,ENPP2,Q13822,0.607187014,0.148368732,1.428941488,soluble,IMR90_fibroblast,E108,False
ATV SASP (Day 9),109,FBLN2,FBLN2,P98095,0.604130029,0.001612348,0.675597548,soluble,IMR90_fibroblast,E109,False
ATV SASP (Day 9),110,CTSL,CTSL,P07711,0.599210085,0.190089167,0.995012283,soluble,IMR90_fibroblast,E110,False
ATV SASP (Day 9),111,LUM,LUM,P51884,0.592494352,4.32e-08,1.383987427,soluble,IMR90_fibroblast,E111,False
ATV SASP (Day 9),112,TRAP1,TRAP1,Q12931,0.588285465,0.045907587,0.170805767,soluble,IMR90_fibroblast,E112,False
ATV SASP (Day 9),113,PSMB6,PSMB6,P28072,0.588218361,0.204541466,0.669887662,soluble,IMR90_fibroblast,E113,False
ATV SASP (Day 9),114,KRT5,KRT5,P13647,0.586125838,6.3e-05,1.073623061,soluble,IMR90_fibroblast,E114,False
ATV SASP (Day 9),115,XRCC6,XRCC6,P12956,0.582822392,0.26008152,2.603774548,soluble,IMR90_fibroblast,E115,False
ATV SASP (Day 9),116,FBLN5,FBLN5,Q9UBX5,0.581654491,0.03418967,1.253176928,soluble,IMR90_fibroblast,E116,False
ATV SASP (Day 9),117,PRKCSH,PRKCSH,P14314,0.578806665,0.001927595,0.591744781,soluble,IMR90_fibroblast,E117,False
ATV SASP (Day 9),118,APP,APP,P05067,0.57583245,0.01432959,1.06101203,soluble,IMR90_fibroblast,E118,False
ATV SASP (Day 9),119,COL6A3,COL6A3,P12111,0.570057702,2.2e-20,1.241781354,soluble,IMR90_fibroblast,E119,False
ATV SASP (Day 9),120,AKR1B1,AKR1B1,P15121,0.567509789,0.116488993,0.733304024,soluble,IMR90_fibroblast,E120,False
ATV SASP (Day 9),121,PLOD1,PLOD1,Q02809,0.562591115,8.41e-09,0.992493272,soluble,IMR90_fibroblast,E121,False
ATV SASP (Day 9),122,SH3BGRL,SH3BGRL,O75368,0.562242277,0.193723236,1.291745186,soluble,IMR90_fibroblast,E122,False
ATV SASP (Day 9),123,S100A11,S100A11,P31949,0.552673507,0.102947716,1.146734476,soluble,IMR90_fibroblast,E123,False
ATV SASP (Day 9),124,HSP90AB1,HSP90AB1,P08238,0.545770241,0.003881841,1.09486568,soluble,IMR90_fibroblast,E124,False
ATV SASP (Day 9),125,IGFBP2,IGFBP2,P18065,0.545242679,0.413234866,0.952413321,soluble,IMR90_fibroblast,E125,False
ATV SASP (Day 9),126,BGN,BGN,P21810,0.544148339,0.000417196,1.537259102,soluble,IMR90_fibroblast,E126,False
ATV SASP (Day 9),127,MYL6,MYL6,P60660,0.543032066,0.006800124,0.688216329,soluble,IMR90_fibroblast,E127,False
ATV SASP (Day 9),128,PRELP,PRELP,P51888,0.541365508,0.135309516,1.726518989,soluble,IMR90_fibroblast,E128,False
ATV SASP (Day 9),129,VAT1,VAT1,Q99536,0.531825279,0.146094044,0.987323225,soluble,IMR90_fibroblast,E129,False
ATV SASP (Day 9),130,CUTA,CUTA,O60888,0.53054043,0.003881424,1.067356825,soluble,IMR90_fibroblast,E130,False
ATV SASP (Day 9),131,CST3,CST3,P01034,0.520840419,0.001546961,0.500240326,soluble,IMR90_fibroblast,E131,False
ATV SASP (Day 9),132,TPT1,TPT1,P13693,0.519426331,0.030756927,0.42103222,soluble,IMR90_fibroblast,E132,False
ATV SASP (Day 9),133,ATP2A3,ATP2A3,Q93084,0.516380659,0.088683006,1.056000829,soluble,IMR90_fibroblast,E133,False
ATV SASP (Day 9),134,NID1,NID1,P14543,0.51349802,0.000100026,1.296410322,soluble,IMR90_fibroblast,E134,False
ATV SASP (Day 9),135,PRDX5,PRDX5,P30044,0.50836502,0.149655376,0.947242439,soluble,IMR90_fibroblast,E135,False
ATV SASP (Day 9),136,TALDO1,TALDO1,P37837,0.504497176,0.190089167,0.665519238,soluble,IMR90_fibroblast,E136,False
ATV SASP (Day 9),137,HSPA1A;HSPA1B,,P0DMV8;P0DMV9,0.497912207,0.041550068,1.357803345,soluble,IMR90_fibroblast,E137,False
ATV SASP (Day 9),138,RCN3,RCN3,Q96D15,0.497254356,0.009987128,1.1041255,soluble,IMR90_fibroblast,E138,False
ATV SASP (Day 9),139,SOD3,SOD3,P08294,0.493529035,0.231912151,1.099068284,soluble,IMR90_fibroblast,E139,False
ATV SASP (Day 9),140,DPYSL2,DPYSL2,Q16555,0.487113254,0.190089167,1.223118544,soluble,IMR90_fibroblast,E140,False
ATV SASP (Day 9),141,LIMA1,LIMA1,Q9UHB6,0.480250779,0.252185759,0.982914448,soluble,IMR90_fibroblast,E141,False
ATV SASP (Day 9),142,C1S,C1S,P09871,0.472090133,0.002405628,1.055334091,soluble,IMR90_fibroblast,E142,False
ATV SASP (Day 9),143,CDH13,CDH13,P55290,0.468850521,0.153634589,0.837382555,soluble,IMR90_fibroblast,E143,False
ATV SASP (Day 9),144,S100A4,S100A4,P26447,0.459243441,0.208224772,1.304840684,soluble,IMR90_fibroblast,E144,False
ATV SASP (Day 9),145,HNRNPC,HNRNPC,P07910,0.455046898,0.086445885,1.356417298,soluble,IMR90_fibroblast,E145,False
ATV SASP (Day 9),146,FUCA2,FUCA2,Q9BTY2,0.454925186,0.20401194,1.784142137,soluble,IMR90_fibroblast,E146,False
ATV SASP (Day 9),147,PGK1,PGK1,P00558,0.450777225,0.002048112,1.125149846,soluble,IMR90_fibroblast,E147,False
ATV SASP (Day 9),148,TUBB4A,TUBB4A,P04350,0.450559921,0.073637753,0.69069165,soluble,IMR90_fibroblast,E148,False
ATV SASP (Day 9),149,FN1,FN1,P02751,0.444705906,2.11e-27,1.327960253,soluble,IMR90_fibroblast,E149,False
ATV SASP (Day 9),150,ATP2A1;ATP2A2,,O14983;P16615,0.443421529,0.212214829,1.476484537,soluble,IMR90_fibroblast,E150,False
ATV SASP (Day 9),151,EIF5A,EIF5A,P63241,0.442942668,0.120275162,1.966297865,soluble,IMR90_fibroblast,E151,False
ATV SASP (Day 9),152,ARPC3,ARPC3,O15145,0.442182002,0.067243311,0.192934632,soluble,IMR90_fibroblast,E152,False
ATV SASP (Day 9),153,SOD1,SOD1,P00441,0.440869317,2.21e-05,0.310835004,soluble,IMR90_fibroblast,E153,False
ATV SASP (Day 9),154,ATP13A3,ATP13A3,Q9H7F0,0.435926134,0.230288454,1.523232102,soluble,IMR90_fibroblast,E154,False
ATV SASP (Day 9),155,COL18A1,COL18A1,P39060,0.434158184,0.022521762,0.657811344,soluble,IMR90_fibroblast,E155,False
ATV SASP (Day 9),156,KRT6A,KRT6A,P02538,0.433936,3.07e-06,1.393558502,soluble,IMR90_fibroblast,E156,False
ATV SASP (Day 9),157,CCT8,CCT8,P50990,0.424345194,0.102340825,1.139154077,soluble,IMR90_fibroblast,E157,False
ATV SASP (Day 9),158,TBCA,TBCA,O75347,0.423625074,0.071006942,1.431805491,soluble,IMR90_fibroblast,E158,False
ATV SASP (Day 9),159,LGALS3,LGALS3,P17931,0.422638021,0.153018608,0.675565064,soluble,IMR90_fibroblast,E159,False
ATV SASP (Day 9),160,TUBB1,TUBB1,Q9H4B7,0.420670158,0.285850591,1.432495952,soluble,IMR90_fibroblast,E160,False
ATV SASP (Day 9),161,PDAP1,PDAP1,Q13442,0.419446898,0.250049188,1.953275323,soluble,IMR90_fibroblast,E161,False
ATV SASP (Day 9),162,PDIA3,PDIA3,P30101,0.418028249,0.013773,1.255303144,soluble,IMR90_fibroblast,E162,False
ATV SASP (Day 9),163,EEF1G,EEF1G,P26641,0.416439456,0.255760649,0.646743476,soluble,IMR90_fibroblast,E163,False
ATV SASP (Day 9),164,GNPTG,GNPTG,Q9UJJ9,0.411228041,0.067828527,0.658660054,soluble,IMR90_fibroblast,E164,False
ATV SASP (Day 9),165,FLNB,FLNB,O75369,0.410331092,0.071006942,1.341727257,soluble,IMR90_fibroblast,E165,False
ATV SASP (Day 9),166,ISOC1,ISOC1,Q96CN7,0.405555941,0.22184079,0.894495904,soluble,IMR90_fibroblast,E166,False
ATV SASP (Day 9),167,NME2,NME2,P22392,0.404153149,0.174790914,1.114830971,soluble,IMR90_fibroblast,E167,False
ATV SASP (Day 9),168,COL1A1,COL1A1,P02452,0.402985043,0.001890583,1.313555121,soluble,IMR90_fibroblast,E168,False
ATV SASP (Day 9),169,TKT,TKT,P29401,0.40295894,0.009553038,1.049531698,soluble,IMR90_fibroblast,E169,False
ATV SASP (Day 9),170,FSTL1,FSTL1,Q12841,0.401848665,0.011099426,1.135781407,soluble,IMR90_fibroblast,E170,False
ATV SASP (Day 9),171,STMN1,STMN1,P16949,0.397835274,0.269342801,1.464966178,soluble,IMR90_fibroblast,E171,False
ATV SASP (Day 9),172,KRT14,KRT14,P02533,0.397025855,1.27e-05,1.509246469,soluble,IMR90_fibroblast,E172,False
ATV SASP (Day 9),173,TIMP2,TIMP2,P16035,0.395940752,0.08451311,0.949830353,soluble,IMR90_fibroblast,E173,False
ATV SASP (Day 9),174,SERPINC1,SERPINC1,P01008,0.393942158,0.15460518,0.90542841,soluble,IMR90_fibroblast,E174,False
ATV SASP (Day 9),175,ANXA2,ANXA2,P07355,0.390762855,0.014022762,1.101306796,soluble,IMR90_fibroblast,E175,False
ATV SASP (Day 9),176,TF,TF,P02787,0.390738031,0.123623817,0.647242308,soluble,IMR90_fibroblast,E176,False
ATV SASP (Day 9),177,SH3BGRL3,SH3BGRL3,Q9H299,0.389677261,0.190089167,0.720215499,soluble,IMR90_fibroblast,E177,False
ATV SASP (Day 9),178,HSPA8,HSPA8,P11142,0.384571137,0.00023801,0.639267623,soluble,IMR90_fibroblast,E178,False
ATV SASP (Day 9),179,RAB32,RAB32,Q13637,0.382357564,0.362399555,2.190973759,soluble,IMR90_fibroblast,E179,False
ATV SASP (Day 9),180,TUBA1A,TUBA1A,Q71U36,0.380488516,0.102340825,1.26236105,soluble,IMR90_fibroblast,E180,False
ATV SASP (Day 9),181,STC1,STC1,P52823,0.37871544,0.2200069,0.45161584,soluble,IMR90_fibroblast,E181,False
ATV SASP (Day 9),182,CALU,CALU,O43852,0.377246717,0.044567212,0.798826039,soluble,IMR90_fibroblast,E182,False
ATV SASP (Day 9),183,CBR3;CBR1,,O75828;P16152,0.377148846,0.102340825,0.176860824,soluble,IMR90_fibroblast,E183,False
ATV SASP (Day 9),184,LOXL2,LOXL2,Q9Y4K0,0.372802287,0.004594289,1.120675921,soluble,IMR90_fibroblast,E184,False
ATV SASP (Day 9),185,EIF4A1,EIF4A1,P60842,0.372201715,0.231912151,1.57348454,soluble,IMR90_fibroblast,E185,False
ATV SASP (Day 9),186,TNC,TNC,P24821,0.37197776,0.000154494,1.206704378,soluble,IMR90_fibroblast,E186,False
ATV SASP (Day 9),187,DCD,DCD,P81605,0.371408821,0.172616681,0.818002403,soluble,IMR90_fibroblast,E187,False
ATV SASP (Day 9),188,CTSZ,CTSZ,Q9UBR2,0.370591278,0.190089167,1.369088531,soluble,IMR90_fibroblast,E188,False
ATV SASP (Day 9),189,LTBP1,LTBP1,Q14766,0.368024673,0.365694389,1.756780148,soluble,IMR90_fibroblast,E189,False
ATV SASP (Day 9),190,MYL12B;MYL12A,,O14950;P19105,0.366830655,0.102340825,0.553715289,soluble,IMR90_fibroblast,E190,False
ATV SASP (Day 9),191,GPI,GPI,P06744,0.366030774,0.118295865,2.142888546,soluble,IMR90_fibroblast,E191,False
ATV SASP (Day 9),192,IQGAP1,IQGAP1,P46940,0.365809094,0.356432963,1.433790445,soluble,IMR90_fibroblast,E192,False
ATV SASP (Day 9),193,CNN2,CNN2,Q99439,0.364958097,0.014520842,0.481833488,soluble,IMR90_fibroblast,E193,False
ATV SASP (Day 9),194,SERPING1,SERPING1,P05155,0.360483639,0.001612348,0.982871234,soluble,IMR90_fibroblast,E194,False
ATV SASP (Day 9),195,PTBP1,PTBP1,P26599,0.359519174,0.067828527,1.173886418,soluble,IMR90_fibroblast,E195,False
ATV SASP (Day 9),196,PRDX2,PRDX2,P32119,0.357505154,0.050940726,0.606539965,soluble,IMR90_fibroblast,E196,False
ATV SASP (Day 9),197,LOX,LOX,P28300,0.356297837,0.190089167,0.712958813,soluble,IMR90_fibroblast,E197,False
ATV SASP (Day 9),198,KRT10,KRT10,P13645,0.345072627,0.000232882,1.293243289,soluble,IMR90_fibroblast,E198,False
ATV SASP (Day 9),199,TRIT1,TRIT1,Q9H3H1,0.34360249,0.278787011,1.067829967,soluble,IMR90_fibroblast,E199,False
ATV SASP (Day 9),200,PZP,PZP,P20742,0.342117272,0.17700205,0.904619277,soluble,IMR90_fibroblast,E200,False
ATV SASP (Day 9),201,FKBP1A,FKBP1A,P62942,0.341857085,0.127107827,0.520884216,soluble,IMR90_fibroblast,E201,False
ATV SASP (Day 9),202,EMILIN1,EMILIN1,Q9Y6C2,0.341520339,0.186080438,1.715119243,soluble,IMR90_fibroblast,E202,False
ATV SASP (Day 9),203,UBB;UBC;RPS27A;UBA52,,P0CG47;P0CG48;P62979;P62987,0.341109941,0.139784259,0.721486449,soluble,IMR90_fibroblast,E203,False
ATV SASP (Day 9),204,SERPINE2,SERPINE2,P07093,0.336646927,0.067828527,1.7314533,soluble,IMR90_fibroblast,E204,False
ATV SASP (Day 9),205,ENO1,ENO1,P06733,0.335817759,0.006777192,1.089860797,soluble,IMR90_fibroblast,E205,False
ATV SASP (Day 9),206,COL1A2,COL1A2,P08123,0.333934583,0.278787011,1.379380703,soluble,IMR90_fibroblast,E206,False
ATV SASP (Day 9),207,MASP1,MASP1,P48740,0.329144507,0.221808106,1.187836289,soluble,IMR90_fibroblast,E207,False
ATV SASP (Day 9),208,TUBA1B,TUBA1B,P68363,0.328529121,0.001927595,1.049330473,soluble,IMR90_fibroblast,E208,False
ATV SASP (Day 9),209,CD109,CD109,Q6YHK3,0.31681708,0.026208734,1.361397386,soluble,IMR90_fibroblast,E209,False
ATV SASP (Day 9),210,MFGE8,MFGE8,Q08431,0.314089748,0.044827086,1.179252267,soluble,IMR90_fibroblast,E210,False
ATV SASP (Day 9),211,AGRN,AGRN,O00468,0.309101226,0.428312063,1.703873158,soluble,IMR90_fibroblast,E211,False
ATV SASP (Day 9),212,B4GALT1,B4GALT1,P15291,0.308965389,0.098695599,0.983351946,soluble,IMR90_fibroblast,E212,False
ATV SASP (Day 9),213,POTEF,POTEF,A5A3E0,0.308105574,0.057723693,0.887669981,soluble,IMR90_fibroblast,E213,False
ATV SASP (Day 9),214,IGF2,IGF2,P01344,0.307845376,0.164518658,0.504754722,soluble,IMR90_fibroblast,E214,False
ATV SASP (Day 9),215,GPC1,GPC1,P35052,0.307625199,0.096849411,1.520914435,soluble,IMR90_fibroblast,E215,False
ATV SASP (Day 9),216,MDH2,MDH2,P40926,0.307193461,0.073637753,2.325350761,soluble,IMR90_fibroblast,E216,False
ATV SASP (Day 9),217,LAMB1,LAMB1,P07942,0.303710818,3.07e-06,1.142653584,soluble,IMR90_fibroblast,E217,False
ATV SASP (Day 9),218,ADPRH,ADPRH,P54922,0.302888431,0.461873158,0.590227306,soluble,IMR90_fibroblast,E218,False
ATV SASP (Day 9),219,DAG1,DAG1,Q14118,0.301426796,0.207078708,0.494360685,soluble,IMR90_fibroblast,E219,False
ATV SASP (Day 9),220,CALD1,CALD1,Q05682,0.294855681,0.365694389,1.716249704,soluble,IMR90_fibroblast,E220,False
ATV SASP (Day 9),221,CLEC11A,CLEC11A,Q9Y240,0.293072853,0.110524079,1.076036096,soluble,IMR90_fibroblast,E221,False
ATV SASP (Day 9),222,GAA,GAA,P10253,0.291724691,0.295348565,1.623598814,soluble,IMR90_fibroblast,E222,False
ATV SASP (Day 9),223,KRT16,KRT16,P08779,0.286189733,0.000159108,1.235120416,soluble,IMR90_fibroblast,E223,False
ATV SASP (Day 9),224,TPM2,TPM2,P07951,0.285859567,0.000232882,1.02965641,soluble,IMR90_fibroblast,E224,False
ATV SASP (Day 9),225,SIL1,SIL1,Q9H173,0.28128884,0.190305427,1.273947001,soluble,IMR90_fibroblast,E225,False
ATV SASP (Day 9),226,ACTN4,ACTN4,O43707,0.280235102,0.164518658,1.367752314,soluble,IMR90_fibroblast,E226,False
ATV SASP (Day 9),227,APLP2,APLP2,Q06481,0.272441267,0.242556697,0.737407088,soluble,IMR90_fibroblast,E227,False
ATV SASP (Day 9),228,MIF,MIF,P14174,0.271726809,0.003231455,0.447188944,soluble,IMR90_fibroblast,E228,False
ATV SASP (Day 9),229,NID2,NID2,Q14112,0.269833351,0.101656276,0.956025958,soluble,IMR90_fibroblast,E229,False
ATV SASP (Day 9),230,LEPRE1,LEPRE1,Q32P28,0.269020332,0.09725012,0.146919698,soluble,IMR90_fibroblast,E230,False
ATV SASP (Day 9),231,C1R,C1R,P00736,0.268593741,0.127254131,1.410828233,soluble,IMR90_fibroblast,E231,False
ATV SASP (Day 9),232,LTF,LTF,P02788,0.265696652,0.305749872,0.912032545,soluble,IMR90_fibroblast,E232,False
ATV SASP (Day 9),233,YWHAQ,YWHAQ,P27348,0.263087571,0.188924511,1.911854386,soluble,IMR90_fibroblast,E233,False
ATV SASP (Day 9),234,CFI,CFI,P05156,0.262568282,0.319970989,0.74001956,soluble,IMR90_fibroblast,E234,False
ATV SASP (Day 9),235,EHD2,EHD2,Q9NZN4,0.261285021,0.295348565,0.556771636,soluble,IMR90_fibroblast,E235,False
ATV SASP (Day 9),236,MAN2B2,MAN2B2,Q9Y2E5,0.26050529,0.407509669,2.482097149,soluble,IMR90_fibroblast,E236,False
ATV SASP (Day 9),237,GC,GC,P02774,0.259425858,0.094505563,1.006828189,soluble,IMR90_fibroblast,E237,False
ATV SASP (Day 9),238,UCHL1,UCHL1,P09936,0.257167958,0.031852398,0.630800128,soluble,IMR90_fibroblast,E238,False
ATV SASP (Day 9),239,PARK7,PARK7,Q99497,0.256754241,0.190089167,0.857118845,soluble,IMR90_fibroblast,E239,False
ATV SASP (Day 9),240,KRT17,KRT17,Q04695,0.255469645,0.397880915,1.683991194,soluble,IMR90_fibroblast,E240,False
ATV SASP (Day 9),241,COL6A1,COL6A1,P12109,0.251222393,0.275868737,1.411940575,soluble,IMR90_fibroblast,E241,False
ATV SASP (Day 9),242,A2M,A2M,P01023,0.248470932,0.278787011,1.120665908,soluble,IMR90_fibroblast,E242,False
ATV SASP (Day 9),243,CTHRC1,CTHRC1,Q96CG8,0.247723284,0.146094044,2.379141569,soluble,IMR90_fibroblast,E243,False
ATV SASP (Day 9),244,IGFBP6,IGFBP6,P24592,0.245404104,0.028780637,0.40897879,soluble,IMR90_fibroblast,E244,False
ATV SASP (Day 9),245,TUBB,TUBB,P07437,0.244686237,3.29e-05,0.987154841,soluble,IMR90_fibroblast,E245,False
ATV SASP (Day 9),246,ITIH3,ITIH3,Q06033,0.244672914,0.230553394,0.78907305,soluble,IMR90_fibroblast,E246,False
ATV SASP (Day 9),247,COL3A1,COL3A1,P02461,0.237706284,0.037291097,1.359230757,soluble,IMR90_fibroblast,E247,False
ATV SASP (Day 9),248,PTK7,PTK7,Q13308,0.237621553,0.094505563,1.153306007,soluble,IMR90_fibroblast,E248,False
ATV SASP (Day 9),249,PLTP,PLTP,P55058,0.236201982,0.121051863,2.142540932,soluble,IMR90_fibroblast,E249,False
ATV SASP (Day 9),250,WDR1,WDR1,O75083,0.228541392,0.365694389,0.805083156,soluble,IMR90_fibroblast,E250,False
ATV SASP (Day 9),251,TPI1,TPI1,P60174,0.224060668,0.027175737,1.33210361,soluble,IMR90_fibroblast,E251,False
ATV SASP (Day 9),252,FLNA,FLNA,P21333,0.221449043,1.46e-08,1.067326427,soluble,IMR90_fibroblast,E252,False
ATV SASP (Day 9),253,QPCT,QPCT,Q16769,0.219686015,0.461724791,0.948305786,soluble,IMR90_fibroblast,E253,False
ATV SASP (Day 9),254,TUBB8,TUBB8,Q3ZCM7,0.216305294,0.34577299,0.733177662,soluble,IMR90_fibroblast,E254,False
ATV SASP (Day 9),255,ACTN1,ACTN1,P12814,0.212906223,0.030972541,1.345409632,soluble,IMR90_fibroblast,E255,False
ATV SASP (Day 9),256,CAND1,CAND1,Q86VP6,0.212151949,0.374482608,0.993618786,soluble,IMR90_fibroblast,E256,False
ATV SASP (Day 9),257,AEBP1,AEBP1,Q8IUX7,0.21075988,0.020958041,1.044253945,soluble,IMR90_fibroblast,E257,False
ATV SASP (Day 9),258,ENO3,ENO3,P13929,0.208065672,0.0966488,0.313343823,soluble,IMR90_fibroblast,E258,False
ATV SASP (Day 9),259,THY1,THY1,P04216,0.192357571,0.334831621,2.136125088,soluble,IMR90_fibroblast,E259,False
ATV SASP (Day 9),260,COL12A1,COL12A1,Q99715,0.192111201,3.52e-05,1.059961796,soluble,IMR90_fibroblast,E260,False
ATV SASP (Day 9),261,C4A,C4A,P0C0L4,0.183643368,0.274223392,2.152614594,soluble,IMR90_fibroblast,E261,False
ATV SASP (Day 9),262,PRCP,PRCP,P42785,0.183247428,0.319963937,1.294154048,soluble,IMR90_fibroblast,E262,False
ATV SASP (Day 9),263,HEXB,HEXB,P07686,0.182306233,0.221808106,1.942666173,soluble,IMR90_fibroblast,E263,False
ATV SASP (Day 9),264,PLG,PLG,P00747,0.181932661,0.275868737,1.395892978,soluble,IMR90_fibroblast,E264,False
ATV SASP (Day 9),265,ANPEP,ANPEP,P15144,0.178303791,0.28046883,2.088196754,soluble,IMR90_fibroblast,E265,False
ATV SASP (Day 9),266,PLOD2,PLOD2,O00469,0.177823933,0.326033706,1.666325212,soluble,IMR90_fibroblast,E266,False
ATV SASP (Day 9),267,VCL,VCL,P18206,0.176460664,0.080216669,1.291814566,soluble,IMR90_fibroblast,E267,False
ATV SASP (Day 9),268,YWHAE,YWHAE,P62258,0.175544977,0.174448041,1.93758297,soluble,IMR90_fibroblast,E268,False
ATV SASP (Day 9),269,FAM129B,FAM129B,Q96TA1,0.172366479,0.181278149,0.519204915,soluble,IMR90_fibroblast,E269,False
ATV SASP (Day 9),270,YWHAH,YWHAH,Q04917,0.168788995,0.374728929,1.221758246,soluble,IMR90_fibroblast,E270,False
ATV SASP (Day 9),271,HTRA1,HTRA1,Q92743,0.167437214,0.127133975,0.357861996,soluble,IMR90_fibroblast,E271,False
ATV SASP (Day 9),272,LAMB2,LAMB2,P55268,0.163125627,0.057723693,1.105040073,soluble,IMR90_fibroblast,E272,False
ATV SASP (Day 9),273,ARHGDIA,ARHGDIA,P52565,0.159764023,0.44885983,0.939297855,soluble,IMR90_fibroblast,E273,False
ATV SASP (Day 9),274,MDH1,MDH1,P40925,0.151042051,0.250493243,0.785982192,soluble,IMR90_fibroblast,E274,False
ATV SASP (Day 9),275,CFL1,CFL1,P23528,0.150815196,0.012271168,0.826475084,soluble,IMR90_fibroblast,E275,False
ATV SASP (Day 9),276,GSTP1,GSTP1,P09211,0.150144573,0.220113753,0.914049506,soluble,IMR90_fibroblast,E276,False
ATV SASP (Day 9),277,CAP1,CAP1,Q01518,0.149571867,0.231490958,0.37911585,soluble,IMR90_fibroblast,E277,False
ATV SASP (Day 9),278,CYR61,CYR61,O00622,0.147120431,0.134900798,0.884474576,soluble,IMR90_fibroblast,E278,False
ATV SASP (Day 9),279,IGFBP5,IGFBP5,P24593,0.146821806,0.255760649,1.376288056,soluble,IMR90_fibroblast,E279,False
ATV SASP (Day 9),280,PKM,PKM,P14618,0.145764316,0.010563347,1.195331216,soluble,IMR90_fibroblast,E280,False
ATV SASP (Day 9),281,HSPG2,HSPG2,P98160,0.144037839,0.000338816,1.2366997,soluble,IMR90_fibroblast,E281,False
ATV SASP (Day 9),282,CLU,CLU,P10909,0.139026051,0.044567212,0.89359206,soluble,IMR90_fibroblast,E282,False
ATV SASP (Day 9),283,TXN,TXN,P10599,0.136649874,0.190980822,1.374113798,soluble,IMR90_fibroblast,E283,False
ATV SASP (Day 9),284,RAD23B,RAD23B,P54727,0.135986671,0.177153475,0.830526471,soluble,IMR90_fibroblast,E284,False
ATV SASP (Day 9),285,NNMT,NNMT,P40261,0.132667828,0.201180806,1.095318794,soluble,IMR90_fibroblast,E285,False
ATV SASP (Day 9),286,TXNDC5,TXNDC5,Q8NBS9,0.129960705,0.295348565,1.46022892,soluble,IMR90_fibroblast,E286,False
ATV SASP (Day 9),287,CLIC1,CLIC1,O00299,0.129441801,0.073637753,1.671306968,soluble,IMR90_fibroblast,E287,False
ATV SASP (Day 9),288,PGAM1,PGAM1,P18669,0.127092216,0.081899676,0.822415054,soluble,IMR90_fibroblast,E288,False
ATV SASP (Day 9),289,PSAP,PSAP,P07602,0.12639345,0.068477573,1.381026983,soluble,IMR90_fibroblast,E289,False
ATV SASP (Day 9),290,FBN1,FBN1,P35555,0.122952234,0.014839381,0.851436853,soluble,IMR90_fibroblast,E290,False
ATV SASP (Day 9),291,VCP,VCP,P55072,0.122946035,0.139784259,2.043155909,soluble,IMR90_fibroblast,E291,False
ATV SASP (Day 9),292,PPIA,PPIA,P62937,0.122728729,0.068704531,0.550241888,soluble,IMR90_fibroblast,E292,False
ATV SASP (Day 9),293,EEF2,EEF2,P13639,0.121696436,0.013869893,1.17677927,soluble,IMR90_fibroblast,E293,False
ATV SASP (Day 9),294,ACTC1,ACTC1,P68032,0.121412929,0.172002402,1.196044445,soluble,IMR90_fibroblast,E294,False
ATV SASP (Day 9),295,TAGLN2,TAGLN2,P37802,0.121350131,0.110524079,1.20072484,soluble,IMR90_fibroblast,E295,False
ATV SASP (Day 9),296,PSMB2,PSMB2,P49721,0.116849799,0.250599008,0.737090051,soluble,IMR90_fibroblast,E296,False
ATV SASP (Day 9),297,CAPNS1,CAPNS1,P04632,0.113186137,0.461873158,0.971199214,soluble,IMR90_fibroblast,E297,False
ATV SASP (Day 9),298,LDHB,LDHB,P07195,0.113098937,0.106047147,1.764858961,soluble,IMR90_fibroblast,E298,False
ATV SASP (Day 9),299,PEBP1,PEBP1,P30086,0.106680255,0.442432427,1.285330296,soluble,IMR90_fibroblast,E299,False
ATV SASP (Day 9),300,PRSS23,PRSS23,O95084,0.098688155,0.16105989,0.562101901,soluble,IMR90_fibroblast,E300,False
ATV SASP (Day 9),301,CALM1,CALM1,P62158,0.092093592,0.190089167,1.394485235,soluble,IMR90_fibroblast,E301,False
ATV SASP (Day 9),302,RPLP2,RPLP2,P05387,0.091583814,0.329847552,1.743375421,soluble,IMR90_fibroblast,E302,False
ATV SASP (Day 9),303,LGALS1,LGALS1,P09382,0.089928483,0.03418967,1.427664399,soluble,IMR90_fibroblast,E303,False
ATV SASP (Day 9),304,PXDN,PXDN,Q92626,0.088339368,0.16105989,0.854864478,soluble,IMR90_fibroblast,E304,False
ATV SASP (Day 9),305,CAPZB,CAPZB,P47756,0.086913215,0.461724791,0.649049938,soluble,IMR90_fibroblast,E305,False
ATV SASP (Day 9),306,F10,F10,P00742,0.086333512,0.44885983,0.787688196,soluble,IMR90_fibroblast,E306,False
ATV SASP (Day 9),307,ACTB;ACTG1,,P60709;P63261,0.08527155,0.239055483,1.364589691,soluble,IMR90_fibroblast,E307,False
ATV SASP (Day 9),308,LRP1,LRP1,Q07954,0.083375181,0.104492269,1.599056363,soluble,IMR90_fibroblast,E308,False
ATV SASP (Day 9),309,SERPIND1,SERPIND1,P05546,0.082736077,0.326707447,2.583249569,soluble,IMR90_fibroblast,E309,False
ATV SASP (Day 9),310,TXNRD1,TXNRD1,Q16881,0.076574026,0.424421429,1.734806299,soluble,IMR90_fibroblast,E310,False
ATV SASP (Day 9),311,HGFAC,HGFAC,Q04756,0.07227168,0.435992035,0.580852032,soluble,IMR90_fibroblast,E311,False
ATV SASP (Day 9),312,MTPN,MTPN,P58546,0.066584527,0.427239258,1.222766995,soluble,IMR90_fibroblast,E312,False
ATV SASP (Day 9),313,PRDX6,PRDX6,P30041,0.066168577,0.092888501,1.086989284,soluble,IMR90_fibroblast,E313,False
ATV SASP (Day 9),314,FAM3C,FAM3C,Q92520,0.065520868,0.407509669,1.173935294,soluble,IMR90_fibroblast,E314,False
ATV SASP (Day 9),315,VASN,VASN,Q6EMK4,0.061539021,0.051310392,1.281840205,soluble,IMR90_fibroblast,E315,False
ATV SASP (Day 9),316,CLTC,CLTC,Q00610,0.058995253,0.014520842,1.464118958,soluble,IMR90_fibroblast,E316,False
ATV SASP (Day 9),317,YWHAZ,YWHAZ,P63104,0.054036145,0.190089167,0.852204502,soluble,IMR90_fibroblast,E317,False
ATV SASP (Day 9),318,IGFBP7,IGFBP7,Q16270,0.053235111,0.190089167,1.23769629,soluble,IMR90_fibroblast,E318,False
ATV SASP (Day 9),319,THBS2,THBS2,P35442,0.04333208,0.457556406,0.455842286,soluble,IMR90_fibroblast,E319,False
ATV SASP (Day 9),320,TP53BP1,TP53BP1,Q12888,0.040401109,0.44549363,5.696000576,soluble,IMR90_fibroblast,E320,False
ATV SASP (Day 9),321,SERPINA7,SERPINA7,P05543,0.029853679,0.397880915,0.657526612,soluble,IMR90_fibroblast,E321,False
ATV SASP (Day 9),322,F2,F2,P00734,0.028768198,0.366440451,0.712327003,soluble,IMR90_fibroblast,E322,False
ATV SASP (Day 9),323,RNASET2,RNASET2,O00584,0.027062515,0.345701843,0.786169767,soluble,IMR90_fibroblast,E323,False
ATV SASP (Day 9),324,COL6A2,COL6A2,P12110,0.023078814,0.011115633,1.661159039,soluble,IMR90_fibroblast,E324,False
ATV SASP (Day 9),325,ACTBL2,ACTBL2,Q562R1,0.021582776,0.208224772,0.316788584,soluble,IMR90_fibroblast,E325,False
ATV SASP (Day 9),326,PFN1,PFN1,P07737,0.021307336,0.106405112,1.365996242,soluble,IMR90_fibroblast,E326,False
ATV SASP (Day 9),327,ALCAM,ALCAM,Q13740,0.019878693,0.407509669,0.992386103,soluble,IMR90_fibroblast,E327,False
ATV SASP (Day 9),328,PDLIM1,PDLIM1,O00151,0.015393745,0.387160871,1.59192729,soluble,IMR90_fibroblast,E328,False
ATV SASP (Day 9),329,C3,C3,P01024,0.014566093,0.16873907,1.41647172,soluble,IMR90_fibroblast,E329,False
ATV SASP (Day 9),330,MFAP4,MFAP4,P55083,0.011056311,0.437848997,0.841787994,soluble,IMR90_fibroblast,E330,False
ATV SASP (Day 9),331,COL11A1,COL11A1,P12107,0.010839331,0.427239258,0.409082383,soluble,IMR90_fibroblast,E331,False
ATV SASP (Day 9),332,PLOD3,PLOD3,O60568,0.010171934,0.159960443,1.258786082,soluble,IMR90_fibroblast,E332,False
ATV SASP (Day 9),333,LDHAL6B,LDHAL6B,Q9BYZ2,0.005800833,0.461873158,0.335446775,soluble,IMR90_fibroblast,E333,False
ATV SASP (Day 9),334,COMP,COMP,P49747,0.000358407,0.422890717,0.963163614,soluble,IMR90_fibroblast,E334,False
ATV SASP (Day 9),335,CSPG4,CSPG4,Q6UVK1,0.000340527,0.329847552,0.692269742,soluble,IMR90_fibroblast,E335,False
ATV SASP (Day 9),336,CAPZA1,CAPZA1,P52907,-0.003004699,0.297764854,0.962829769,soluble,IMR90_fibroblast,E336,False
ATV SASP (Day 9),337,ANXA6,ANXA6,P08133,-0.010089287,0.461873158,0.641085982,soluble,IMR90_fibroblast,E337,False
ATV SASP (Day 9),338,HEXA,HEXA,P06865,-0.018674642,0.156569906,1.438904762,soluble,IMR90_fibroblast,E338,False
ATV SASP (Day 9),339,GDI2,GDI2,P50395,-0.022694992,0.365694389,1.738046765,soluble,IMR90_fibroblast,E339,False
ATV SASP (Day 9),340,TAGLN,TAGLN,Q01995,-0.022970044,0.275868737,1.799314618,soluble,IMR90_fibroblast,E340,False
ATV SASP (Day 9),341,EFEMP1,EFEMP1,Q12805,-0.030310359,0.176276872,1.091880083,soluble,IMR90_fibroblast,E341,False
ATV SASP (Day 9),342,VIM,VIM,P08670,-0.030438325,0.212214829,1.27891922,soluble,IMR90_fibroblast,E342,False
ATV SASP (Day 9),343,FLNC,FLNC,Q14315,-0.033360981,0.255760649,1.081794381,soluble,IMR90_fibroblast,E343,False
ATV SASP (Day 9),344,SERPINF2,SERPINF2,P08697,-0.038781948,0.400966907,0.643358171,soluble,IMR90_fibroblast,E344,False
ATV SASP (Day 9),345,ALDOA,ALDOA,P04075,-0.044684757,0.004134423,1.129383087,soluble,IMR90_fibroblast,E345,False
ATV SASP (Day 9),346,COL4A1,COL4A1,P02462,-0.047005483,0.407509669,0.218547642,soluble,IMR90_fibroblast,E346,False
ATV SASP (Day 9),347,APOC3,APOC3,P02656,-0.052500132,0.424421429,0.74277401,soluble,IMR90_fibroblast,E347,False
ATV SASP (Day 9),348,GSN,GSN,P06396,-0.058007327,0.433052574,0.816733181,soluble,IMR90_fibroblast,E348,False
ATV SASP (Day 9),349,A1BG,A1BG,P04217,-0.062920142,0.461873158,0.370192945,soluble,IMR90_fibroblast,E349,False
ATV SASP (Day 9),350,COL15A1,COL15A1,P39059,-0.066374893,0.457931373,1.960527062,soluble,IMR90_fibroblast,E350,False
ATV SASP (Day 9),351,TGFBI,TGFBI,Q15582,-0.066423895,0.002048112,1.76622057,soluble,IMR90_fibroblast,E351,False
ATV SASP (Day 9),352,GLO1,GLO1,Q04760,-0.068190066,0.329847552,0.834025562,soluble,IMR90_fibroblast,E352,False
ATV SASP (Day 9),353,LASP1,LASP1,Q14847,-0.069014401,0.258845033,0.768076658,soluble,IMR90_fibroblast,E353,False
ATV SASP (Day 9),354,APOB,APOB,P04114,-0.069181415,0.427460747,0.72990185,soluble,IMR90_fibroblast,E354,False
ATV SASP (Day 9),355,MRC2,MRC2,Q9UBG0,-0.07340009,0.452317628,1.500928164,soluble,IMR90_fibroblast,E355,False
ATV SASP (Day 9),356,COL5A1,COL5A1,P20908,-0.075544242,0.155302061,0.606214762,soluble,IMR90_fibroblast,E356,False
ATV SASP (Day 9),357,CP,CP,P00450,-0.076139115,0.40867746,0.64891088,soluble,IMR90_fibroblast,E357,False
ATV SASP (Day 9),358,LDHA,LDHA,P00338,-0.079211641,0.054244968,1.777560472,soluble,IMR90_fibroblast,E358,False
ATV SASP (Day 9),359,CSRP1,CSRP1,P21291,-0.082926266,0.110524079,1.146078825,soluble,IMR90_fibroblast,E359,False
ATV SASP (Day 9),360,COL4A2,COL4A2,P08572,-0.084245779,0.364447546,1.126796246,soluble,IMR90_fibroblast,E360,False
ATV SASP (Day 9),361,TLN1,TLN1,Q9Y490,-0.090282443,0.349511709,0.868424654,soluble,IMR90_fibroblast,E361,False
ATV SASP (Day 9),362,RNASE4,RNASE4,P34096,-0.093540453,0.334005842,0.528256953,soluble,IMR90_fibroblast,E362,False
ATV SASP (Day 9),363,PEA15,PEA15,Q15121,-0.095193503,0.387915215,0.46766302,soluble,IMR90_fibroblast,E363,False
ATV SASP (Day 9),364,CORO1C,CORO1C,Q9ULV4,-0.098090188,0.244977049,0.38670668,soluble,IMR90_fibroblast,E364,False
ATV SASP (Day 9),365,MAPRE1,MAPRE1,Q15691,-0.101971779,0.37557206,0.592877269,soluble,IMR90_fibroblast,E365,False
ATV SASP (Day 9),366,BST1,BST1,Q10588,-0.104855252,0.221808106,0.34801352,soluble,IMR90_fibroblast,E366,False
ATV SASP (Day 9),367,ALB,ALB,P02768,-0.113349309,0.33141628,1.330362678,soluble,IMR90_fibroblast,E367,False
ATV SASP (Day 9),368,ITIH2,ITIH2,P19823,-0.114605242,0.400966907,1.515963912,soluble,IMR90_fibroblast,E368,False
ATV SASP (Day 9),369,GALNT5,GALNT5,Q7Z7M9,-0.118240137,0.375683898,0.859855354,soluble,IMR90_fibroblast,E369,False
ATV SASP (Day 9),370,ANXA11,ANXA11,P50995,-0.118666951,0.297764854,0.524228752,soluble,IMR90_fibroblast,E370,False
ATV SASP (Day 9),371,SPARC,SPARC,P09486,-0.121239133,0.050450803,1.032124877,soluble,IMR90_fibroblast,E371,False
ATV SASP (Day 9),372,MXRA5,MXRA5,Q9NR99,-0.131282724,0.424421429,1.973888159,soluble,IMR90_fibroblast,E372,False
ATV SASP (Day 9),373,PLS3,PLS3,P13797,-0.133229254,0.175727885,0.862935662,soluble,IMR90_fibroblast,E373,False
ATV SASP (Day 9),374,VTN,VTN,P04004,-0.140868089,0.179417937,0.484190434,soluble,IMR90_fibroblast,E374,False
ATV SASP (Day 9),375,ANXA1,ANXA1,P04083,-0.143477554,0.255760649,1.737582207,soluble,IMR90_fibroblast,E375,False
ATV SASP (Day 9),376,APOD,APOD,P05090,-0.143879409,0.424421429,0.917071462,soluble,IMR90_fibroblast,E376,False
ATV SASP (Day 9),377,SNX3,SNX3,O60493,-0.155473535,0.400333582,0.740341961,soluble,IMR90_fibroblast,E377,False
ATV SASP (Day 9),378,MAT2A,MAT2A,P31153,-0.158352301,0.457931373,3.674066305,soluble,IMR90_fibroblast,E378,False
ATV SASP (Day 9),379,APOE,APOE,P02649,-0.161818967,0.305749872,0.430733562,soluble,IMR90_fibroblast,E379,False
ATV SASP (Day 9),380,CLEC3B,CLEC3B,P05452,-0.162900011,0.374307772,2.501554489,soluble,IMR90_fibroblast,E380,False
ATV SASP (Day 9),381,ANXA5,ANXA5,P08758,-0.191455634,0.011008292,1.201578259,soluble,IMR90_fibroblast,E381,False
ATV SASP (Day 9),382,TPM3,TPM3,P06753,-0.19517661,0.329847552,1.924766064,soluble,IMR90_fibroblast,E382,False
ATV SASP (Day 9),383,MSN,MSN,P26038,-0.196810403,0.214290506,0.87809211,soluble,IMR90_fibroblast,E383,False
ATV SASP (Day 9),384,RIC8B,RIC8B,Q9NVN3,-0.200377318,0.369137084,0.666619837,soluble,IMR90_fibroblast,E384,False
ATV SASP (Day 9),385,PRSS1;PRSS2;PRSS3P2,,P07477;P07478;Q8NHM4,-0.201659708,0.386384158,0.723985434,soluble,IMR90_fibroblast,E385,False
ATV SASP (Day 9),386,LMNA,LMNA,P02545,-0.201889221,0.000154494,1.477982998,soluble,IMR90_fibroblast,E386,False
ATV SASP (Day 9),387,HBA1,HBA1,P69905,-0.20660985,0.332325176,0.888108909,soluble,IMR90_fibroblast,E387,False
ATV SASP (Day 9),388,MAN2B1,MAN2B1,O00754,-0.21346196,0.384853049,0.857928813,soluble,IMR90_fibroblast,E388,False
ATV SASP (Day 9),389,SERPINF1,SERPINF1,P36955,-0.218090849,0.457931373,1.252719045,soluble,IMR90_fibroblast,E389,False
ATV SASP (Day 9),390,PRDX1,PRDX1,Q06830,-0.227972651,0.334962428,1.557584167,soluble,IMR90_fibroblast,E390,False
ATV SASP (Day 9),391,HSPA4,HSPA4,P34932,-0.232835588,0.239055483,0.500476658,soluble,IMR90_fibroblast,E391,False
ATV SASP (Day 9),392,HBD;HBE1;HBB;HBG1;HBG2,,P02042;P02100;P68871;P69891;P69892,-0.248287461,0.208486182,0.704566479,soluble,IMR90_fibroblast,E392,False
ATV SASP (Day 9),393,CFH,CFH,P08603,-0.259904626,0.397880915,1.365249872,soluble,IMR90_fibroblast,E393,False
ATV SASP (Day 9),394,GANAB,GANAB,Q14697,-0.265369264,0.329847552,1.760555983,soluble,IMR90_fibroblast,E394,False
ATV SASP (Day 9),395,COL5A2,COL5A2,P05997,-0.266492671,0.329847552,0.738129854,soluble,IMR90_fibroblast,E395,False
ATV SASP (Day 9),396,RAP1B;RAP1A,,P61224;P62834,-0.279620493,0.407509669,1.762717962,soluble,IMR90_fibroblast,E396,False
ATV SASP (Day 9),397,TANK,TANK,Q92844,-0.281548028,0.276968608,2.483653069,soluble,IMR90_fibroblast,E397,False
ATV SASP (Day 9),398,BTD,BTD,P43251,-0.297176643,0.277038078,0.671080232,soluble,IMR90_fibroblast,E398,False
ATV SASP (Day 9),399,VCAN,VCAN,P13611,-0.312449749,0.438958194,0.908653855,soluble,IMR90_fibroblast,E399,False
ATV SASP (Day 9),400,PTRF,PTRF,Q6NZI2,-0.313426235,0.410207029,0.897603929,soluble,IMR90_fibroblast,E400,False
ATV SASP (Day 9),401,HSP90B1,HSP90B1,P14625,-0.316481258,0.038502916,1.861697435,soluble,IMR90_fibroblast,E401,False
ATV SASP (Day 9),402,MFAP5,MFAP5,Q13361,-0.317148453,0.372264301,1.8237921,soluble,IMR90_fibroblast,E402,False
ATV SASP (Day 9),403,ALDH1A1,ALDH1A1,P00352,-0.332225882,0.452317628,1.690115929,soluble,IMR90_fibroblast,E403,False
ATV SASP (Day 9),404,AMY1A;AMY2A;AMY2B,,P04745;P04746;P19961,-0.345374941,0.24812143,0.669555724,soluble,IMR90_fibroblast,E404,False
ATV SASP (Day 9),405,EZR,EZR,P15311,-0.355599021,0.107065846,0.97773242,soluble,IMR90_fibroblast,E405,False
ATV SASP (Day 9),406,GAPDHS,GAPDHS,O14556,-0.365922304,0.437887203,1.745254755,soluble,IMR90_fibroblast,E406,False
ATV SASP (Day 9),407,DSTN,DSTN,P60981,-0.369907872,0.275868737,0.910683811,soluble,IMR90_fibroblast,E407,False
ATV SASP (Day 9),408,ACTR3,ACTR3,P61158,-0.378779407,0.427460747,1.133931756,soluble,IMR90_fibroblast,E408,False
ATV SASP (Day 9),409,HSPB1,HSPB1,P04792,-0.382076902,0.022821451,0.900526464,soluble,IMR90_fibroblast,E409,False
ATV SASP (Day 9),410,CLIC4,CLIC4,Q9Y696,-0.382436577,0.04438883,1.092822075,soluble,IMR90_fibroblast,E410,False
ATV SASP (Day 9),411,THBS1,THBS1,P07996,-0.395060493,0.255760649,1.464223862,soluble,IMR90_fibroblast,E411,False
ATV SASP (Day 9),412,LMNB1,LMNB1,P20700,-0.409395174,0.44885983,4.935847759,soluble,IMR90_fibroblast,E412,False
ATV SASP (Day 9),413,POSTN,POSTN,Q15063,-0.425443498,0.365694389,1.554672003,soluble,IMR90_fibroblast,E413,False
ATV SASP (Day 9),414,RRBP1,RRBP1,Q9P2E9,-0.427041793,0.36991954,1.094328046,soluble,IMR90_fibroblast,E414,False
ATV SASP (Day 9),415,IGFBP3,IGFBP3,P17936,-0.429213558,0.365694389,1.11082387,soluble,IMR90_fibroblast,E415,False
ATV SASP (Day 9),416,TFG,TFG,Q92734,-0.436729688,0.278787011,0.783826053,soluble,IMR90_fibroblast,E416,False
ATV SASP (Day 9),417,VASP,VASP,P50552,-0.439475681,0.401597151,1.471959591,soluble,IMR90_fibroblast,E417,False
ATV SASP (Day 9),418,COTL1,COTL1,Q14019,-0.45111261,0.12801768,0.866805732,soluble,IMR90_fibroblast,E418,False
ATV SASP (Day 9),419,CD81,CD81,P60033,-0.453809,0.190089167,1.269415379,soluble,IMR90_fibroblast,E419,False
ATV SASP (Day 9),420,EFEMP2,EFEMP2,O95967,-0.499503619,0.062440511,0.574622214,soluble,IMR90_fibroblast,E420,False
ATV SASP (Day 9),421,SDF4,SDF4,Q9BRK5,-0.519962743,0.307747662,2.097226381,soluble,IMR90_fibroblast,E421,False
ATV SASP (Day 9),422,PSMA7;PSMA8,,O14818;Q8TAA3,-0.538688466,0.374482608,1.379525542,soluble,IMR90_fibroblast,E422,False
ATV SASP (Day 9),423,MYLPF,MYLPF,Q96A32,-0.604691977,0.461724791,3.349045753,soluble,IMR90_fibroblast,E423,False
ATV SASP (Day 9),424,ACO1,ACO1,P21399,-0.611902714,0.182342519,4.322922707,soluble,IMR90_fibroblast,E424,False
ATV SASP (Day 9),425,PSMA3,PSMA3,P25788,-0.646041825,0.30125203,1.172296047,soluble,IMR90_fibroblast,E425,False
ATV SASP (Day 9),426,PDXK,PDXK,O00764,-0.653328004,0.400966907,2.020031452,soluble,IMR90_fibroblast,E426,False
ATV SASP (Day 9),427,ALDOC,ALDOC,P09972,-0.696451955,0.457931373,1.017188311,soluble,IMR90_fibroblast,E427,False
ATV SASP (Day 9),428,43710,43710,Q15019,-0.71756703,0.208224772,1.160012722,soluble,IMR90_fibroblast,E428,False
ATV SASP (Day 9),429,CTGF,CTGF,P29279,-0.728248433,0.002048112,0.451424837,soluble,IMR90_fibroblast,E429,False
ATV SASP (Day 9),430,LIMCH1,LIMCH1,Q9UPQ0,-0.785711079,0.28994892,1.300839305,soluble,IMR90_fibroblast,E430,False
ATV SASP (Day 9),431,LSM3,LSM3,P62310,-0.859561775,0.424421429,2.557547569,soluble,IMR90_fibroblast,E431,False
ATV SASP (Day 9),432,IPO5,IPO5,O00410,-0.932193086,0.175727885,1.962419271,soluble,IMR90_fibroblast,E432,False
ATV SASP (Day 9),433,GBE1,GBE1,Q04446,-0.951702635,0.190089167,1.354572654,soluble,IMR90_fibroblast,E433,False
ATV SASP (Day 9),434,ANGPTL1;ANGPTL2,,O95841;Q9UKU9,-0.953153605,0.339224296,3.427375317,soluble,IMR90_fibroblast,E434,False
ATV SASP (Day 9),435,HLA-C,HLA-C,P10321,-1.11203558,0.127133975,1.787266612,soluble,IMR90_fibroblast,E435,False
ATV SASP (Day 9),436,PDLIM7,PDLIM7,Q9NR12,-1.11464246,0.130214755,2.068113089,soluble,IMR90_fibroblast,E436,False
ATV SASP (Day 9),437,CCT2,CCT2,P78371,-1.249131255,0.246188724,2.360363722,soluble,IMR90_fibroblast,E437,False
ATV SASP (Day 9),438,RCN1,RCN1,Q15293,-1.27805098,0.34577299,2.906487703,soluble,IMR90_fibroblast,E438,False
ATV SASP (Day 9),439,GPX3,GPX3,P22352,-1.310018984,0.305749872,1.820802331,soluble,IMR90_fibroblast,E439,False
ATV SASP (Day 9),440,PAM,PAM,P19021,-1.403282682,0.427460747,2.297890902,soluble,IMR90_fibroblast,E440,False
ATV SASP (Day 9),441,PSME1,PSME1,Q06323,-1.636299313,0.365694389,2.439431667,soluble,IMR90_fibroblast,E441,False
ATV SASP (Day 9),442,TPM4,TPM4,P67936,-1.930612389,0.364447546,2.075824738,soluble,IMR90_fibroblast,E442,False
ATV SASP (Day 9),443,LTBP2,LTBP2,Q14767,-2.242006054,0.16873907,1.784389734,soluble,IMR90_fibroblast,E443,False
RAS SASP (Day 4),4,HNRNPAB,HNRNPAB,Q99729,6.127690062,,,soluble,IMR90_fibroblast,E4,False
RAS SASP (Day 4),5,HDLBP,HDLBP,Q00341,4.973980463,,,soluble,IMR90_fibroblast,E5,False
RAS SASP (Day 4),6,LMNB1,LMNB1,P20700,4.880533927,0.038923183,1.020128489,soluble,IMR90_fibroblast,E6,False
RAS SASP (Day 4),7,GALNS,GALNS,P34059,4.140495048,,,soluble,IMR90_fibroblast,E7,False
RAS SASP (Day 4),8,SFPQ,SFPQ,P23246,4.042722729,0.000161423,0.329007804,soluble,IMR90_fibroblast,E8,False
RAS SASP (Day 4),9,PSMB1,PSMB1,P20618,3.881343545,,,soluble,IMR90_fibroblast,E9,False
RAS SASP (Day 4),10,NASP,NASP,P49321,3.792733335,0.004322124,0.470421791,soluble,IMR90_fibroblast,E10,False
RAS SASP (Day 4),11,PUF60,PUF60,Q9UHX1,3.666955084,0.14964294,2.911333084,soluble,IMR90_fibroblast,E11,False
RAS SASP (Day 4),12,TPM1,TPM1,P09493,3.653724496,0.144768016,1.658349872,soluble,IMR90_fibroblast,E12,False
RAS SASP (Day 4),13,AAMDC,AAMDC,Q9H7C9,3.339161211,,,soluble,IMR90_fibroblast,E13,False
RAS SASP (Day 4),14,NANS,NANS,Q9NR45,3.273676093,,,soluble,IMR90_fibroblast,E14,False
RAS SASP (Day 4),15,FUBP1,FUBP1,Q96AE4,3.268274599,0.0058352,1.088543415,soluble,IMR90_fibroblast,E15,False
RAS SASP (Day 4),16,PRMT1,PRMT1,Q99873,3.221693792,0.082888545,0.408064574,soluble,IMR90_fibroblast,E16,False
RAS SASP (Day 4),17,SF3A2,SF3A2,Q15428,3.207829631,,,soluble,IMR90_fibroblast,E17,False
RAS SASP (Day 4),18,GLUD1,GLUD1,P00367,3.198600716,,,soluble,IMR90_fibroblast,E18,False
RAS SASP (Day 4),19,CAPN1,CAPN1,P07384,3.159526879,0.135818999,2.848675489,soluble,IMR90_fibroblast,E19,False
RAS SASP (Day 4),20,HNRNPDL,HNRNPDL,O14979,3.097198896,3.57e-07,0.223888427,soluble,IMR90_fibroblast,E20,False
RAS SASP (Day 4),21,ADH5,ADH5,P11766,3.030360586,0.082803793,0.738608718,soluble,IMR90_fibroblast,E21,False
RAS SASP (Day 4),22,SRSF7,SRSF7,Q16629,2.984427717,,,soluble,IMR90_fibroblast,E22,False
RAS SASP (Day 4),23,HNRNPL,HNRNPL,P14866,2.946179793,0.005114982,0.165766761,soluble,IMR90_fibroblast,E23,False
RAS SASP (Day 4),24,ACO2,ACO2,Q99798,2.940204644,,,soluble,IMR90_fibroblast,E24,False
RAS SASP (Day 4),25,SERBP1,SERBP1,Q8NC51,2.884723596,0.216218793,1.130915403,soluble,IMR90_fibroblast,E25,False
RAS SASP (Day 4),26,DDX1,DDX1,Q92499,2.841556784,0.020718297,0.317296505,soluble,IMR90_fibroblast,E26,False
RAS SASP (Day 4),27,HIST1H2AG;HIST1H2AD;HIST2H2AC;HIST2H2AA3;HIST1H2AH;HIST1H2AJ;H2AFJ,,P0C0S8;P20671;Q16777;Q6FI13;Q96KK5;Q99878;Q9BTM1,2.795771466,,,soluble,IMR90_fibroblast,E27,False
RAS SASP (Day 4),28,COPG1,COPG1,Q9Y678,2.788274492,0.091596843,0.185859144,soluble,IMR90_fibroblast,E28,False
RAS SASP (Day 4),29,HARS,HARS,P12081,2.783504601,0.256150482,1.351644397,soluble,IMR90_fibroblast,E29,False
RAS SASP (Day 4),30,TMPO,TMPO,P42166,2.772253768,,,soluble,IMR90_fibroblast,E30,False
RAS SASP (Day 4),31,COPS4,COPS4,Q9BT78,2.759598349,,,soluble,IMR90_fibroblast,E31,False
RAS SASP (Day 4),32,PSMC6,PSMC6,P62333,2.704730378,0.048613685,0.122955121,soluble,IMR90_fibroblast,E32,False
RAS SASP (Day 4),33,PTBP1,PTBP1,P26599,2.702890727,3.43e-05,0.565627694,soluble,IMR90_fibroblast,E33,False
RAS SASP (Day 4),34,ATP6V1A,ATP6V1A,P38606,2.687805177,,,soluble,IMR90_fibroblast,E34,False
RAS SASP (Day 4),35,RBBP7,RBBP7,Q16576,2.661735562,,,soluble,IMR90_fibroblast,E35,False
RAS SASP (Day 4),36,UBE2I,UBE2I,P63279,2.659639119,0.130121101,2.674742699,soluble,IMR90_fibroblast,E36,False
RAS SASP (Day 4),37,HNRNPA2B1,HNRNPA2B1,P22626,2.658365534,2.56e-15,1.327295303,soluble,IMR90_fibroblast,E37,False
RAS SASP (Day 4),38,RNPEP,RNPEP,Q9H4A4,2.657526803,,,soluble,IMR90_fibroblast,E38,False
RAS SASP (Day 4),39,PSMD2,PSMD2,Q13200,2.650404472,0.068063341,0.614718616,soluble,IMR90_fibroblast,E39,False
RAS SASP (Day 4),40,HNRNPH3,HNRNPH3,P31942,2.640416789,0.000574823,0.306758583,soluble,IMR90_fibroblast,E40,False
RAS SASP (Day 4),41,MAT2A,MAT2A,P31153,2.636513531,0.067628234,0.341150671,soluble,IMR90_fibroblast,E41,False
RAS SASP (Day 4),42,RBMX,RBMX,P38159,2.633608869,4.73e-06,0.06964913,soluble,IMR90_fibroblast,E42,False
RAS SASP (Day 4),43,XRCC6,XRCC6,P12956,2.584101539,,,soluble,IMR90_fibroblast,E43,False
RAS SASP (Day 4),44,HNRNPA1,HNRNPA1,P09651,2.555565475,3.73e-10,0.834779382,soluble,IMR90_fibroblast,E44,False
RAS SASP (Day 4),45,NONO,NONO,Q15233,2.552420429,2.32e-08,0.24506399,soluble,IMR90_fibroblast,E45,False
RAS SASP (Day 4),46,HNRNPM,HNRNPM,P52272,2.542372819,0.000305857,0.229558811,soluble,IMR90_fibroblast,E46,False
RAS SASP (Day 4),47,G6PD,G6PD,P11413,2.534129252,8.35e-05,0.246308893,soluble,IMR90_fibroblast,E47,False
RAS SASP (Day 4),48,HNRNPU,HNRNPU,Q00839,2.491520313,0.00350364,0.585570633,soluble,IMR90_fibroblast,E48,False
RAS SASP (Day 4),49,HMGA2,HMGA2,P52926,2.485291272,8.43e-05,0.971033633,soluble,IMR90_fibroblast,E49,False
RAS SASP (Day 4),50,FERMT2,FERMT2,Q96AC1,2.462663641,0.23395636,0.995739996,soluble,IMR90_fibroblast,E50,False
RAS SASP (Day 4),51,FUS,FUS,P35637,2.455945144,0.016060914,0.070102394,soluble,IMR90_fibroblast,E51,False
RAS SASP (Day 4),52,HNRNPH1,HNRNPH1,P31943,2.438828537,1.2e-07,0.672038555,soluble,IMR90_fibroblast,E52,False
RAS SASP (Day 4),53,CBX3,CBX3,Q13185,2.408030817,9.56e-06,0.068840921,soluble,IMR90_fibroblast,E53,False
RAS SASP (Day 4),54,SRP9,SRP9,P49458,2.407505718,,,soluble,IMR90_fibroblast,E54,False
RAS SASP (Day 4),55,ATP6V1B2,ATP6V1B2,P21281,2.38453326,,,soluble,IMR90_fibroblast,E55,False
RAS SASP (Day 4),56,RANBP1,RANBP1,P43487,2.337051719,0.013021178,0.471680731,soluble,IMR90_fibroblast,E56,False
RAS SASP (Day 4),57,EIF3CL;EIF3C,,B5ME19;Q99613,2.329404016,,,soluble,IMR90_fibroblast,E57,False
RAS SASP (Day 4),58,IDH1,IDH1,O75874,2.323024659,0.094395512,0.511932731,soluble,IMR90_fibroblast,E58,False
RAS SASP (Day 4),59,CARS,CARS,P49589,2.312366721,,,soluble,IMR90_fibroblast,E59,False
RAS SASP (Day 4),60,SEC31A,SEC31A,O94979,2.311856017,0.235874238,2.5343256,soluble,IMR90_fibroblast,E60,False
RAS SASP (Day 4),61,DBI,DBI,P07108,2.292660236,,,soluble,IMR90_fibroblast,E61,False
RAS SASP (Day 4),62,ILF3,ILF3,Q12906,2.289792862,4.97e-05,0.206272736,soluble,IMR90_fibroblast,E62,False
RAS SASP (Day 4),63,HMGB1,HMGB1,P09429,2.277901557,1.03e-07,0.709756732,soluble,IMR90_fibroblast,E63,False
RAS SASP (Day 4),64,ESD,ESD,P10768,2.276997959,0.128140982,1.93536222,soluble,IMR90_fibroblast,E64,False
RAS SASP (Day 4),65,ACAT2,ACAT2,Q9BWD1,2.270562222,,,soluble,IMR90_fibroblast,E65,False
RAS SASP (Day 4),66,NPEPPS,NPEPPS,P55786,2.256890126,0.021339365,0.330911696,soluble,IMR90_fibroblast,E66,False
RAS SASP (Day 4),67,FKBP9,FKBP9,O95302,2.253070015,0.042806883,0.929074526,soluble,IMR90_fibroblast,E67,False
RAS SASP (Day 4),68,ERP29,ERP29,P30040,2.237021525,,,soluble,IMR90_fibroblast,E68,False
RAS SASP (Day 4),69,AK1,AK1,P00568,2.218135381,0.109195271,2.120317936,soluble,IMR90_fibroblast,E69,False
RAS SASP (Day 4),70,SF3B2,SF3B2,Q13435,2.217842241,,,soluble,IMR90_fibroblast,E70,False
RAS SASP (Day 4),71,SNRPD2,SNRPD2,P62316,2.209814519,0.070026702,0.402865291,soluble,IMR90_fibroblast,E71,False
RAS SASP (Day 4),72,IRGQ,IRGQ,Q8WZA9,2.196627579,,,soluble,IMR90_fibroblast,E72,False
RAS SASP (Day 4),73,FKBP10,FKBP10,Q96AY3,2.196573543,5.17e-08,0.247248039,soluble,IMR90_fibroblast,E73,False
RAS SASP (Day 4),74,PPP1CA,PPP1CA,P62136,2.19119179,0.135818999,0.225784987,soluble,IMR90_fibroblast,E74,False
RAS SASP (Day 4),75,DDAH2,DDAH2,O95865,2.165531684,,,soluble,IMR90_fibroblast,E75,False
RAS SASP (Day 4),76,C14orf166,C14orf166,Q9Y224,2.152016806,0.083049498,1.467030168,soluble,IMR90_fibroblast,E76,False
RAS SASP (Day 4),77,ASF1B;ASF1A,,Q9NVP2;Q9Y294,2.13903291,,,soluble,IMR90_fibroblast,E77,False
RAS SASP (Day 4),78,UGP2,UGP2,Q16851,2.110515419,0.015334328,1.365986705,soluble,IMR90_fibroblast,E78,False
RAS SASP (Day 4),79,PSMA4,PSMA4,P25789,2.110023114,0.058058683,1.302363753,soluble,IMR90_fibroblast,E79,False
RAS SASP (Day 4),80,CSDE1,CSDE1,O75534,2.108783496,,,soluble,IMR90_fibroblast,E80,False
RAS SASP (Day 4),81,HDGF,HDGF,P51858,2.079683348,6.21e-05,0.408043861,soluble,IMR90_fibroblast,E81,False
RAS SASP (Day 4),82,PALLD,PALLD,Q8WX93,2.049044227,0.041504655,0.19869183,soluble,IMR90_fibroblast,E82,False
RAS SASP (Day 4),83,DNAJC8,DNAJC8,O75937,2.042318928,,,soluble,IMR90_fibroblast,E83,False
RAS SASP (Day 4),84,COLGALT1,COLGALT1,Q8NBJ5,2.032786244,0.126562215,0.263386071,soluble,IMR90_fibroblast,E84,False
RAS SASP (Day 4),85,HNRNPC,HNRNPC,P07910,1.974654682,1.54e-06,0.779501855,soluble,IMR90_fibroblast,E85,False
RAS SASP (Day 4),86,IARS,IARS,P41252,1.973376589,0.175763758,1.942562222,soluble,IMR90_fibroblast,E86,False
RAS SASP (Day 4),87,G3BP1,G3BP1,Q13283,1.935185052,0.001780379,0.027271673,soluble,IMR90_fibroblast,E87,False
RAS SASP (Day 4),88,SAP18,SAP18,O00422,1.92967346,,,soluble,IMR90_fibroblast,E88,False
RAS SASP (Day 4),89,PRDX2,PRDX2,P32119,1.929523206,0.01920364,1.731525064,soluble,IMR90_fibroblast,E89,False
RAS SASP (Day 4),90,IPO5,IPO5,O00410,1.925475828,0.006697248,0.572778165,soluble,IMR90_fibroblast,E90,False
RAS SASP (Day 4),91,LSM3,LSM3,P62310,1.877633349,0.070672727,2.190667629,soluble,IMR90_fibroblast,E91,False
RAS SASP (Day 4),92,RPS3,RPS3,P23396,1.876604459,0.277475958,3.603216887,soluble,IMR90_fibroblast,E92,False
RAS SASP (Day 4),93,EIF3I,EIF3I,Q13347,1.871568652,0.008993547,0.280689031,soluble,IMR90_fibroblast,E93,False
RAS SASP (Day 4),94,DUT,DUT,P33316,1.855763969,0.000785695,0.214080662,soluble,IMR90_fibroblast,E94,False
RAS SASP (Day 4),95,EFEMP1,EFEMP1,Q12805,1.851009948,0.01028511,0.186948806,soluble,IMR90_fibroblast,E95,False
RAS SASP (Day 4),96,UGDH,UGDH,O60701,1.846752433,0.000501087,0.435358405,soluble,IMR90_fibroblast,E96,False
RAS SASP (Day 4),97,SEC23A,SEC23A,Q15436,1.836504575,0.023732144,0.07629846,soluble,IMR90_fibroblast,E97,False
RAS SASP (Day 4),98,GBE1,GBE1,Q04446,1.831851203,0.080860204,0.205810219,soluble,IMR90_fibroblast,E98,False
RAS SASP (Day 4),99,HMGB3,HMGB3,O15347,1.828953297,0.048613685,0.260845453,soluble,IMR90_fibroblast,E99,False
RAS SASP (Day 4),100,CNN3,CNN3,Q15417,1.828725551,0.218210094,0.636137605,soluble,IMR90_fibroblast,E100,False
RAS SASP (Day 4),101,PSMA6,PSMA6,P60900,1.828057441,0.182577025,1.884539127,soluble,IMR90_fibroblast,E101,False
RAS SASP (Day 4),102,GDI1,GDI1,P31150,1.827118894,0.155804513,0.828782678,soluble,IMR90_fibroblast,E102,False
RAS SASP (Day 4),103,POTEE,POTEE,Q6S8J3,1.826012707,0.079097085,1.507280707,soluble,IMR90_fibroblast,E103,False
RAS SASP (Day 4),104,HNRNPK,HNRNPK,P61978,1.81820829,1.74e-11,0.869520545,soluble,IMR90_fibroblast,E104,False
RAS SASP (Day 4),105,EIF2S3,EIF2S3,P41091,1.80020631,,,soluble,IMR90_fibroblast,E105,False
RAS SASP (Day 4),106,PSMC3,PSMC3,P17980,1.799803661,0.059886849,1.492257833,soluble,IMR90_fibroblast,E106,False
RAS SASP (Day 4),107,NSFL1C,NSFL1C,Q9UNZ2,1.796473438,0.224315185,0.572129667,soluble,IMR90_fibroblast,E107,False
RAS SASP (Day 4),108,PPP2R1A,PPP2R1A,P30153,1.788036391,0.058058683,1.012417674,soluble,IMR90_fibroblast,E108,False
RAS SASP (Day 4),109,TMOD3,TMOD3,Q9NYL9,1.781698808,0.118597596,0.224926516,soluble,IMR90_fibroblast,E109,False
RAS SASP (Day 4),110,DPYSL2,DPYSL2,Q16555,1.780126568,7.21e-12,0.554577589,soluble,IMR90_fibroblast,E110,False
RAS SASP (Day 4),111,EIF3L,EIF3L,Q9Y262,1.777269885,,,soluble,IMR90_fibroblast,E111,False
RAS SASP (Day 4),112,PSMA7,PSMA7,O14818,1.771390948,0.006147933,1.150895953,soluble,IMR90_fibroblast,E112,False
RAS SASP (Day 4),113,PEPD,PEPD,P12955,1.767583763,0.066859531,1.590404034,soluble,IMR90_fibroblast,E113,False
RAS SASP (Day 4),114,PSAT1,PSAT1,Q9Y617,1.761333597,0.248311052,0.360202432,soluble,IMR90_fibroblast,E114,False
RAS SASP (Day 4),115,PARVA,PARVA,Q9NVD7,1.760869955,0.181915235,2.747569799,soluble,IMR90_fibroblast,E115,False
RAS SASP (Day 4),116,HMGA1,HMGA1,P17096,1.755230962,0.18760059,2.392232656,soluble,IMR90_fibroblast,E116,False
RAS SASP (Day 4),117,PCNA,PCNA,P12004,1.739254056,2.13e-05,0.845754385,soluble,IMR90_fibroblast,E117,False
RAS SASP (Day 4),118,ALYREF,ALYREF,Q86V81,1.675272741,0.006388019,0.329229176,soluble,IMR90_fibroblast,E118,False
RAS SASP (Day 4),119,FDPS,FDPS,P14324,1.658102684,0.010486111,0.005407886,soluble,IMR90_fibroblast,E119,False
RAS SASP (Day 4),120,FASN,FASN,P49327,1.65238873,0.001209145,1.205451012,soluble,IMR90_fibroblast,E120,False
RAS SASP (Day 4),121,SNRNP70,SNRNP70,P08621,1.646774743,,,soluble,IMR90_fibroblast,E121,False
RAS SASP (Day 4),122,MOS,MOS,P00540,1.642588473,0.005302881,2.178036928,soluble,IMR90_fibroblast,E122,False
RAS SASP (Day 4),123,HSPA4,HSPA4,P34932,1.638271865,0.000327834,0.517579079,soluble,IMR90_fibroblast,E123,False
RAS SASP (Day 4),124,AKR1A1,AKR1A1,P14550,1.634384513,0.093582625,2.120057821,soluble,IMR90_fibroblast,E124,False
RAS SASP (Day 4),125,CRYZ,CRYZ,Q08257,1.632923984,,,soluble,IMR90_fibroblast,E125,False
RAS SASP (Day 4),126,SEC13,SEC13,P55735,1.632227344,0.09501875,0.276666135,soluble,IMR90_fibroblast,E126,False
RAS SASP (Day 4),127,PYGB,PYGB,P11216,1.622855138,0.215615946,0.356637865,soluble,IMR90_fibroblast,E127,False
RAS SASP (Day 4),128,ACLY,ACLY,P53396,1.617559587,0.01517649,1.247462869,soluble,IMR90_fibroblast,E128,False
RAS SASP (Day 4),129,CNPY2,CNPY2,Q9Y2B0,1.613637534,,,soluble,IMR90_fibroblast,E129,False
RAS SASP (Day 4),130,SND1,SND1,Q7KZF4,1.612888569,0.001288854,0.338518232,soluble,IMR90_fibroblast,E130,False
RAS SASP (Day 4),131,PSMA1,PSMA1,P25786,1.609375241,0.001294957,0.644042015,soluble,IMR90_fibroblast,E131,False
RAS SASP (Day 4),132,LTBP4,LTBP4,Q8N2S1,1.603904273,,,soluble,IMR90_fibroblast,E132,False
RAS SASP (Day 4),133,PSMA3,PSMA3,P25788,1.587365668,0.090005505,0.6116786,soluble,IMR90_fibroblast,E133,False
RAS SASP (Day 4),134,EIF4G1,EIF4G1,Q04637,1.585019974,,,soluble,IMR90_fibroblast,E134,False
RAS SASP (Day 4),135,KNG1,KNG1,P01042,1.576359413,0.236608617,1.159982085,soluble,IMR90_fibroblast,E135,False
RAS SASP (Day 4),136,CDV3,CDV3,Q9UKY7,1.575414663,,,soluble,IMR90_fibroblast,E136,False
RAS SASP (Day 4),137,SNRPGP15;SNRPG,,A8MWD9;P62308,1.569667763,0.038420459,0.204496518,soluble,IMR90_fibroblast,E137,False
RAS SASP (Day 4),138,USP5,USP5,P45974,1.567786577,,,soluble,IMR90_fibroblast,E138,False
RAS SASP (Day 4),139,MANF,MANF,P55145,1.562957255,1.67e-05,0.094095819,soluble,IMR90_fibroblast,E139,False
RAS SASP (Day 4),140,PRDX3,PRDX3,P30048,1.546537121,5.32e-08,0.207638845,soluble,IMR90_fibroblast,E140,False
RAS SASP (Day 4),141,HIST1H1B,HIST1H1B,P16401,1.536118678,0.00455299,1.834652185,soluble,IMR90_fibroblast,E141,False
RAS SASP (Day 4),142,AKR1B1,AKR1B1,P15121,1.532922289,0.020605278,1.756865978,soluble,IMR90_fibroblast,E142,False
RAS SASP (Day 4),143,RPS12,RPS12,P25398,1.515721736,2.58e-06,0.890128314,soluble,IMR90_fibroblast,E143,False
RAS SASP (Day 4),144,LPP,LPP,Q93052,1.514027628,,,soluble,IMR90_fibroblast,E144,False
RAS SASP (Day 4),145,CARHSP1,CARHSP1,Q9Y2V2,1.512979422,,,soluble,IMR90_fibroblast,E145,False
RAS SASP (Day 4),146,EIF3F,EIF3F,O00303,1.507778769,0.088367357,1.163029194,soluble,IMR90_fibroblast,E146,False
RAS SASP (Day 4),147,EIF3B,EIF3B,P55884,1.506970753,0.0850174,0.378000885,soluble,IMR90_fibroblast,E147,False
RAS SASP (Day 4),148,PSMD6,PSMD6,Q15008,1.506647802,,,soluble,IMR90_fibroblast,E148,False
RAS SASP (Day 4),149,NPM1,NPM1,P06748,1.504995013,1.04e-07,1.724159837,soluble,IMR90_fibroblast,E149,False
RAS SASP (Day 4),150,HIST1H2AB;HIST3H2A;HIST1H2AC,,P04908;Q7L7L0;Q93077,1.504698494,3.68e-14,0.496355176,soluble,IMR90_fibroblast,E150,False
RAS SASP (Day 4),151,P4HA2,P4HA2,O15460,1.504382452,0.058112089,0.046577469,soluble,IMR90_fibroblast,E151,False
RAS SASP (Day 4),152,SRSF6,SRSF6,Q13247,1.499848353,0.276687307,2.139722109,soluble,IMR90_fibroblast,E152,False
RAS SASP (Day 4),153,WBP2,WBP2,Q969T9,1.499239644,,,soluble,IMR90_fibroblast,E153,False
RAS SASP (Day 4),154,RUVBL2,RUVBL2,Q9Y230,1.498924086,0.177477314,0.393336564,soluble,IMR90_fibroblast,E154,False
RAS SASP (Day 4),155,STRAP,STRAP,Q9Y3F4,1.497298718,0.078816785,0.176942766,soluble,IMR90_fibroblast,E155,False
RAS SASP (Day 4),156,HNRNPD,HNRNPD,Q14103,1.496199302,2.24e-06,0.672207177,soluble,IMR90_fibroblast,E156,False
RAS SASP (Day 4),157,AP2B1,AP2B1,P63010,1.493377319,0.143869977,1.28499043,soluble,IMR90_fibroblast,E157,False
RAS SASP (Day 4),158,KHSRP,KHSRP,Q92945,1.483729911,0.204341224,1.163705587,soluble,IMR90_fibroblast,E158,False
RAS SASP (Day 4),159,GSR,GSR,P00390,1.482506998,,,soluble,IMR90_fibroblast,E159,False
RAS SASP (Day 4),160,HIST1H1E;HIST1H1D,,P10412;P16402,1.482101674,1.2e-07,1.072181702,soluble,IMR90_fibroblast,E160,False
RAS SASP (Day 4),161,MAP4,MAP4,P27816,1.475175602,0.000188425,0.732683659,soluble,IMR90_fibroblast,E161,False
RAS SASP (Day 4),162,DDX39B,DDX39B,Q13838,1.467852831,,,soluble,IMR90_fibroblast,E162,False
RAS SASP (Day 4),163,SUMO1,SUMO1,P63165,1.462602243,0.144768016,2.00861764,soluble,IMR90_fibroblast,E163,False
RAS SASP (Day 4),164,HSP90AB2P,HSP90AB2P,Q58FF8,1.456671586,,,soluble,IMR90_fibroblast,E164,False
RAS SASP (Day 4),165,AARS,AARS,P49588,1.444927382,0.022487634,0.153703809,soluble,IMR90_fibroblast,E165,False
RAS SASP (Day 4),166,MYO1C,MYO1C,O00159,1.444367979,0.190691442,1.128759623,soluble,IMR90_fibroblast,E166,False
RAS SASP (Day 4),167,LMNA,LMNA,P02545,1.431516054,3.34e-71,0.93974638,soluble,IMR90_fibroblast,E167,False
RAS SASP (Day 4),168,FKBP4,FKBP4,Q02790,1.428593477,0.024414211,0.850876808,soluble,IMR90_fibroblast,E168,False
RAS SASP (Day 4),169,ACO1,ACO1,P21399,1.428313452,0.116214042,0.159027264,soluble,IMR90_fibroblast,E169,False
RAS SASP (Day 4),170,TARS,TARS,P26639,1.425257427,0.248311052,0.273277432,soluble,IMR90_fibroblast,E170,False
RAS SASP (Day 4),171,AHCY,AHCY,P23526,1.416871486,0.003627142,0.198613718,soluble,IMR90_fibroblast,E171,False
RAS SASP (Day 4),172,GYG1,GYG1,P46976,1.406422706,0.181915235,2.778661489,soluble,IMR90_fibroblast,E172,False
RAS SASP (Day 4),173,ARCN1,ARCN1,P48444,1.40471291,0.023083914,0.431635469,soluble,IMR90_fibroblast,E173,False
RAS SASP (Day 4),174,HIST1H2BJ;HIST1H2BO;HIST1H2BB;HIST2H2BE,,P06899;P23527;P33778;Q16778,1.403305658,1.19e-05,1.64256525,soluble,IMR90_fibroblast,E174,False
RAS SASP (Day 4),175,ELAVL1,ELAVL1,Q15717,1.398230983,0.004795831,0.178851619,soluble,IMR90_fibroblast,E175,False
RAS SASP (Day 4),176,AP2A1,AP2A1,O95782,1.397001417,0.029154427,0.579345882,soluble,IMR90_fibroblast,E176,False
RAS SASP (Day 4),177,NAP1L4,NAP1L4,Q99733,1.394387665,0.268912115,1.726916075,soluble,IMR90_fibroblast,E177,False
RAS SASP (Day 4),178,PACSIN2,PACSIN2,Q9UNF0,1.391137181,0.069209511,0.141134128,soluble,IMR90_fibroblast,E178,False
RAS SASP (Day 4),179,DDX39A,DDX39A,O00148,1.383444504,0.024964756,0.155457482,soluble,IMR90_fibroblast,E179,False
RAS SASP (Day 4),180,KIF5A,KIF5A,Q12840,1.382496856,0.047702426,0.45722267,soluble,IMR90_fibroblast,E180,False
RAS SASP (Day 4),181,TALDO1,TALDO1,P37837,1.373213708,5.15e-07,1.059303999,soluble,IMR90_fibroblast,E181,False
RAS SASP (Day 4),182,CSE1L,CSE1L,P55060,1.370933363,0.002849544,1.197783828,soluble,IMR90_fibroblast,E182,False
RAS SASP (Day 4),183,PRDX5,PRDX5,P30044,1.367552837,0.082216842,1.141095996,soluble,IMR90_fibroblast,E183,False
RAS SASP (Day 4),184,PSMA5,PSMA5,P28066,1.360881878,0.262220497,0.906265736,soluble,IMR90_fibroblast,E184,False
RAS SASP (Day 4),185,CSTB,CSTB,P04080,1.359276746,0.038643508,1.632530928,soluble,IMR90_fibroblast,E185,False
RAS SASP (Day 4),186,SRSF3,SRSF3,P84103,1.354377757,0.19296772,2.560308933,soluble,IMR90_fibroblast,E186,False
RAS SASP (Day 4),187,RPL29,RPL29,P47914,1.353402404,0.175763758,0.249468893,soluble,IMR90_fibroblast,E187,False
RAS SASP (Day 4),188,RPS4X,RPS4X,P62701,1.350677277,0.234436794,1.422184944,soluble,IMR90_fibroblast,E188,False
RAS SASP (Day 4),189,TUBB3,TUBB3,Q13509,1.349359099,0.263459386,0.817339242,soluble,IMR90_fibroblast,E189,False
RAS SASP (Day 4),190,HN1L,HN1L,Q9H910,1.334665635,,,soluble,IMR90_fibroblast,E190,False
RAS SASP (Day 4),191,NCL,NCL,P19338,1.333629421,1.95e-09,0.850623548,soluble,IMR90_fibroblast,E191,False
RAS SASP (Day 4),192,RUVBL1,RUVBL1,Q9Y265,1.332691932,0.074997548,0.977099776,soluble,IMR90_fibroblast,E192,False
RAS SASP (Day 4),193,DCN,DCN,P07585,1.322359278,1.16e-11,1.318688869,soluble,IMR90_fibroblast,E193,False
RAS SASP (Day 4),194,HIST1H2BK;H2BFS;HIST1H2BD;HIST1H2BC;HIST2H2BF;HIST1H2BH;HIST1H2BN;HIST1H2BM;HIST1H2BL,,O60814;P57053;P58876;P62807;Q5QNW6;Q93079;Q99877;Q99879;Q99880,1.313555093,6.75e-06,0.836548746,soluble,IMR90_fibroblast,E194,False
RAS SASP (Day 4),195,PGD,PGD,P52209,1.312423966,0.016276176,0.414420187,soluble,IMR90_fibroblast,E195,False
RAS SASP (Day 4),196,UAP1,UAP1,Q16222,1.310458713,0.07811847,0.671361923,soluble,IMR90_fibroblast,E196,False
RAS SASP (Day 4),197,EDF1,EDF1,O60869,1.307233197,0.083512785,0.343430907,soluble,IMR90_fibroblast,E197,False
RAS SASP (Day 4),198,RPS28,RPS28,P62857,1.301468219,0.19597408,0.940459609,soluble,IMR90_fibroblast,E198,False
RAS SASP (Day 4),199,SERPINH1,SERPINH1,P50454,1.290459379,1.69e-26,0.791481674,soluble,IMR90_fibroblast,E199,False
RAS SASP (Day 4),200,MAP1B,MAP1B,P46821,1.288366531,0.029375111,0.632915139,soluble,IMR90_fibroblast,E200,False
RAS SASP (Day 4),201,CNBP,CNBP,P62633,1.280513062,0.074398177,0.294342786,soluble,IMR90_fibroblast,E201,False
RAS SASP (Day 4),202,SNRPD3,SNRPD3,P62318,1.270924189,0.001288188,0.706886292,soluble,IMR90_fibroblast,E202,False
RAS SASP (Day 4),203,43715,43715,Q16181,1.27016794,0.18894789,2.014247417,soluble,IMR90_fibroblast,E203,False
RAS SASP (Day 4),204,GOT1,GOT1,P17174,1.262569011,0.117978425,0.567099512,soluble,IMR90_fibroblast,E204,False
RAS SASP (Day 4),205,USP14,USP14,P54578,1.261035349,0.307983404,0.283236504,soluble,IMR90_fibroblast,E205,False
RAS SASP (Day 4),206,LUM,LUM,P51884,1.252805212,2.19e-07,1.035896301,soluble,IMR90_fibroblast,E206,False
RAS SASP (Day 4),207,HSPA9,HSPA9,P38646,1.252625866,0.027871934,1.788587689,soluble,IMR90_fibroblast,E207,False
RAS SASP (Day 4),208,SET,SET,Q01105,1.24166923,1.81e-06,0.428795338,soluble,IMR90_fibroblast,E208,False
RAS SASP (Day 4),209,TUFM,TUFM,P49411,1.237887554,,,soluble,IMR90_fibroblast,E209,False
RAS SASP (Day 4),210,DNASE2,DNASE2,O00115,1.232351612,0.001672015,0.266755998,soluble,IMR90_fibroblast,E210,False
RAS SASP (Day 4),211,MDH2,MDH2,P40926,1.228521608,2.57e-05,1.489972472,soluble,IMR90_fibroblast,E211,False
RAS SASP (Day 4),212,CBR1,CBR1,P16152,1.224625503,0.062772071,0.715161502,soluble,IMR90_fibroblast,E212,False
RAS SASP (Day 4),213,PSME2,PSME2,Q9UL46,1.223887183,0.01115645,0.440776497,soluble,IMR90_fibroblast,E213,False
RAS SASP (Day 4),214,CDK1,CDK1,P06493,1.22352555,0.020558562,1.086239457,soluble,IMR90_fibroblast,E214,False
RAS SASP (Day 4),215,PSMD4,PSMD4,P55036,1.211090279,0.108342224,0.165697113,soluble,IMR90_fibroblast,E215,False
RAS SASP (Day 4),216,PGLS,PGLS,O95336,1.208455288,0.076642815,1.427237511,soluble,IMR90_fibroblast,E216,False
RAS SASP (Day 4),217,VPS29,VPS29,Q9UBQ0,1.199399894,0.28429896,0.32336548,soluble,IMR90_fibroblast,E217,False
RAS SASP (Day 4),218,TXNRD1,TXNRD1,Q16881,1.19306631,5.12e-06,0.397720158,soluble,IMR90_fibroblast,E218,False
RAS SASP (Day 4),219,GFPT1,GFPT1,Q06210,1.187559726,0.154643164,0.576277792,soluble,IMR90_fibroblast,E219,False
RAS SASP (Day 4),220,SOD1,SOD1,P00441,1.173372698,0.000332393,0.895437002,soluble,IMR90_fibroblast,E220,False
RAS SASP (Day 4),221,PSMB4,PSMB4,P28070,1.162331618,0.003184159,0.382157028,soluble,IMR90_fibroblast,E221,False
RAS SASP (Day 4),222,RCN1,RCN1,Q15293,1.161105935,0.068063341,1.323528767,soluble,IMR90_fibroblast,E222,False
RAS SASP (Day 4),223,ESYT1,ESYT1,Q9BSJ8,1.1608428,0.262665407,0.64152056,soluble,IMR90_fibroblast,E223,False
RAS SASP (Day 4),224,ATIC,ATIC,P31939,1.159625371,0.255226087,0.806092799,soluble,IMR90_fibroblast,E224,False
RAS SASP (Day 4),225,EEA1,EEA1,Q15075,1.149438626,,,soluble,IMR90_fibroblast,E225,False
RAS SASP (Day 4),226,COL4A1,COL4A1,P02462,1.145394724,0.015877481,1.448186994,soluble,IMR90_fibroblast,E226,False
RAS SASP (Day 4),227,FHL2,FHL2,Q14192,1.133288468,0.238314445,0.232028648,soluble,IMR90_fibroblast,E227,False
RAS SASP (Day 4),228,APEH,APEH,P13798,1.129922382,,,soluble,IMR90_fibroblast,E228,False
RAS SASP (Day 4),229,SYNE1,SYNE1,Q8NF91,1.129662125,0.161317322,1.584554672,soluble,IMR90_fibroblast,E229,False
RAS SASP (Day 4),230,KIF5B,KIF5B,P33176,1.129231531,,,soluble,IMR90_fibroblast,E230,False
RAS SASP (Day 4),231,DPYSL3,DPYSL3,Q14195,1.116092837,0.001172106,1.071244597,soluble,IMR90_fibroblast,E231,False
RAS SASP (Day 4),232,SNX12,SNX12,Q9UMY4,1.111146853,0.220835051,1.013091326,soluble,IMR90_fibroblast,E232,False
RAS SASP (Day 4),233,CTPS1,CTPS1,P17812,1.108889056,,,soluble,IMR90_fibroblast,E233,False
RAS SASP (Day 4),234,43719,43719,Q9NVA2,1.108117276,0.148578476,1.477319479,soluble,IMR90_fibroblast,E234,False
RAS SASP (Day 4),235,RPS15A,RPS15A,P62244,1.10198372,,,soluble,IMR90_fibroblast,E235,False
RAS SASP (Day 4),236,CLTB,CLTB,P09497,1.099154954,0.193031365,0.657147646,soluble,IMR90_fibroblast,E236,False
RAS SASP (Day 4),237,SERPINB8,SERPINB8,P50452,1.098526867,0.076163777,0.519927621,soluble,IMR90_fibroblast,E237,False
RAS SASP (Day 4),238,SRM,SRM,P19623,1.096094056,0.09110658,1.019472837,soluble,IMR90_fibroblast,E238,False
RAS SASP (Day 4),239,DDX3X,DDX3X,O00571,1.089231355,0.064758463,0.530384541,soluble,IMR90_fibroblast,E239,False
RAS SASP (Day 4),240,ERO1L,ERO1L,Q96HE7,1.086988605,0.063467362,0.92126435,soluble,IMR90_fibroblast,E240,False
RAS SASP (Day 4),241,EIF6,EIF6,P56537,1.081688798,0.023983069,1.284427524,soluble,IMR90_fibroblast,E241,False
RAS SASP (Day 4),242,MYDGF,MYDGF,Q969H8,1.075710757,0.23744695,1.931246161,soluble,IMR90_fibroblast,E242,False
RAS SASP (Day 4),243,LMO7,LMO7,Q8WWI1,1.070337411,,,soluble,IMR90_fibroblast,E243,False
RAS SASP (Day 4),244,PHGDH,PHGDH,O43175,1.068929044,0.186980127,0.576496184,soluble,IMR90_fibroblast,E244,False
RAS SASP (Day 4),245,MYH10,MYH10,P35580,1.060033541,,,soluble,IMR90_fibroblast,E245,False
RAS SASP (Day 4),246,ENO2,ENO2,P09104,1.048786658,0.288495825,0.616238117,soluble,IMR90_fibroblast,E246,False
RAS SASP (Day 4),247,PFKP,PFKP,Q01813,1.046819446,0.01033455,0.360616386,soluble,IMR90_fibroblast,E247,False
RAS SASP (Day 4),248,SMS,SMS,P52788,1.042698651,0.2868995,0.650200784,soluble,IMR90_fibroblast,E248,False
RAS SASP (Day 4),249,PTBP2,PTBP2,Q9UKA9,1.039329188,,,soluble,IMR90_fibroblast,E249,False
RAS SASP (Day 4),250,TPM2,TPM2,P07951,1.037429506,2.69e-08,0.754433692,soluble,IMR90_fibroblast,E250,False
RAS SASP (Day 4),251,SARS,SARS,P49591,1.036367714,0.050769518,0.337634951,soluble,IMR90_fibroblast,E251,False
RAS SASP (Day 4),252,PTMS,PTMS,P20962,1.035308304,7.06e-07,0.786623776,soluble,IMR90_fibroblast,E252,False
RAS SASP (Day 4),253,ACTR2,ACTR2,P61160,1.031768349,0.063878761,1.394438624,soluble,IMR90_fibroblast,E253,False
RAS SASP (Day 4),254,VPS35,VPS35,Q96QK1,1.028059432,0.290118857,1.160603642,soluble,IMR90_fibroblast,E254,False
RAS SASP (Day 4),255,RRBP1,RRBP1,Q9P2E9,1.02689248,0.000540928,0.964100003,soluble,IMR90_fibroblast,E255,False
RAS SASP (Day 4),256,NEDD8,NEDD8,Q15843,1.013021736,0.154003908,0.863102436,soluble,IMR90_fibroblast,E256,False
RAS SASP (Day 4),257,COQ6,COQ6,Q9Y2Z9,1.010645334,0.015000942,1.240825415,soluble,IMR90_fibroblast,E257,False
RAS SASP (Day 4),258,UBA1,UBA1,P22314,1.007195701,0.000148032,1.157548904,soluble,IMR90_fibroblast,E258,False
RAS SASP (Day 4),259,EEF1G,EEF1G,P26641,1.005195584,0.013277935,1.343614459,soluble,IMR90_fibroblast,E259,False
RAS SASP (Day 4),260,NAP1L1,NAP1L1,P55209,1.004412386,0.213121977,1.571952224,soluble,IMR90_fibroblast,E260,False
RAS SASP (Day 4),261,SYNCRIP,SYNCRIP,O60506,1.002059944,0.049015911,1.537356496,soluble,IMR90_fibroblast,E261,False
RAS SASP (Day 4),262,RPLP0;RPLP0P6,,P05388;Q8NHW5,0.988589292,0.016896343,0.775768638,soluble,IMR90_fibroblast,E262,False
RAS SASP (Day 4),263,DARS,DARS,P14868,0.979873889,0.152711642,2.18869257,soluble,IMR90_fibroblast,E263,False
RAS SASP (Day 4),264,AIMP1,AIMP1,Q12904,0.979482099,0.175763758,0.257110417,soluble,IMR90_fibroblast,E264,False
RAS SASP (Day 4),265,PABPC1,PABPC1,P11940,0.975171489,0.000389556,1.430953145,soluble,IMR90_fibroblast,E265,False
RAS SASP (Day 4),266,YBX1,YBX1,P67809,0.972806304,0.147266205,1.46076858,soluble,IMR90_fibroblast,E266,False
RAS SASP (Day 4),267,VAPA,VAPA,Q9P0L0,0.972710179,0.082028292,1.735195994,soluble,IMR90_fibroblast,E267,False
RAS SASP (Day 4),268,HIST1H3A,HIST1H3A,P68431,0.969677299,1.42e-06,0.731353819,soluble,IMR90_fibroblast,E268,False
RAS SASP (Day 4),269,IMPDH2,IMPDH2,P12268,0.96764768,0.194009299,0.529629767,soluble,IMR90_fibroblast,E269,False
RAS SASP (Day 4),270,PSMB6,PSMB6,P28072,0.961626431,0.071063012,1.248861432,soluble,IMR90_fibroblast,E270,False
RAS SASP (Day 4),271,VDAC1,VDAC1,P21796,0.960187679,0.1931505,3.161475658,soluble,IMR90_fibroblast,E271,False
RAS SASP (Day 4),272,ALDOC,ALDOC,P09972,0.957392984,0.026577659,1.596750975,soluble,IMR90_fibroblast,E272,False
RAS SASP (Day 4),273,RARS,RARS,P54136,0.953045877,0.190541753,3.023200274,soluble,IMR90_fibroblast,E273,False
RAS SASP (Day 4),274,PSME1,PSME1,Q06323,0.948079252,0.023983069,1.540486336,soluble,IMR90_fibroblast,E274,False
RAS SASP (Day 4),275,NUDT5,NUDT5,Q9UKK9,0.946978659,0.082888545,0.549442232,soluble,IMR90_fibroblast,E275,False
RAS SASP (Day 4),276,PPP2CB;PPP2CA,,P62714;P67775,0.939444078,,,soluble,IMR90_fibroblast,E276,False
RAS SASP (Day 4),277,CDC37,CDC37,Q16543,0.932020366,0.004639926,0.593069077,soluble,IMR90_fibroblast,E277,False
RAS SASP (Day 4),278,HIST1H4A,HIST1H4A,P62805,0.931017453,9.68e-05,0.746062636,soluble,IMR90_fibroblast,E278,False
RAS SASP (Day 4),279,RPS7,RPS7,P62081,0.9299257,0.181521976,1.058493257,soluble,IMR90_fibroblast,E279,False
RAS SASP (Day 4),280,BANF1,BANF1,O75531,0.929506511,0.139620111,2.48012352,soluble,IMR90_fibroblast,E280,False
RAS SASP (Day 4),281,SH3BGRL,SH3BGRL,O75368,0.923305109,0.094391203,1.968446255,soluble,IMR90_fibroblast,E281,False
RAS SASP (Day 4),282,COL4A3,COL4A3,Q01955,0.922541231,0.000346123,0.318375766,soluble,IMR90_fibroblast,E282,False
RAS SASP (Day 4),283,CMPK1,CMPK1,P30085,0.918880811,0.154003908,1.850926399,soluble,IMR90_fibroblast,E283,False
RAS SASP (Day 4),284,TXNDC5,TXNDC5,Q8NBS9,0.913976716,0.003337985,1.793340445,soluble,IMR90_fibroblast,E284,False
RAS SASP (Day 4),285,CPT2,CPT2,P23786,0.899756517,,,soluble,IMR90_fibroblast,E285,False
RAS SASP (Day 4),286,HSP90B1,HSP90B1,P14625,0.891718855,6.06e-13,1.223045468,soluble,IMR90_fibroblast,E286,False
RAS SASP (Day 4),287,GNS,GNS,P15586,0.891579142,0.202606553,1.763513923,soluble,IMR90_fibroblast,E287,False
RAS SASP (Day 4),288,DYNC1H1,DYNC1H1,Q14204,0.881532649,0.053963282,0.530095756,soluble,IMR90_fibroblast,E288,False
RAS SASP (Day 4),289,UBE2L3,UBE2L3,P68036,0.878938823,0.082888545,0.484360218,soluble,IMR90_fibroblast,E289,False
RAS SASP (Day 4),290,GDI2,GDI2,P50395,0.876956058,2.25e-08,0.839110255,soluble,IMR90_fibroblast,E290,False
RAS SASP (Day 4),291,PDIA3,PDIA3,P30101,0.876520762,2.52e-14,1.088212013,soluble,IMR90_fibroblast,E291,False
RAS SASP (Day 4),292,NAGK,NAGK,Q9UJ70,0.876490845,,,soluble,IMR90_fibroblast,E292,False
RAS SASP (Day 4),293,UBAP2L,UBAP2L,Q14157,0.87116873,0.091511154,0.369877964,soluble,IMR90_fibroblast,E293,False
RAS SASP (Day 4),294,ACTR3,ACTR3,P61158,0.869291073,0.002048657,0.488060415,soluble,IMR90_fibroblast,E294,False
RAS SASP (Day 4),295,KATNAL2,KATNAL2,Q8IYT4,0.862275395,0.000467474,0.586084008,soluble,IMR90_fibroblast,E295,False
RAS SASP (Day 4),296,IQGAP1,IQGAP1,P46940,0.859516642,0.046868542,0.834205449,soluble,IMR90_fibroblast,E296,False
RAS SASP (Day 4),297,SRSF2,SRSF2,Q01130,0.853070109,0.23949919,2.065481901,soluble,IMR90_fibroblast,E297,False
RAS SASP (Day 4),298,C1R,C1R,P00736,0.85206616,0.009305885,0.859838188,soluble,IMR90_fibroblast,E298,False
RAS SASP (Day 4),299,43710,43710,Q15019,0.840830608,0.246839092,1.032717586,soluble,IMR90_fibroblast,E299,False
RAS SASP (Day 4),300,PGM1,PGM1,P36871,0.837809869,0.148228855,0.746345937,soluble,IMR90_fibroblast,E300,False
RAS SASP (Day 4),301,EIF4B,EIF4B,P23588,0.834951378,0.304518232,0.357793927,soluble,IMR90_fibroblast,E301,False
RAS SASP (Day 4),302,PFDN5,PFDN5,Q99471,0.834510299,0.189769243,0.315811485,soluble,IMR90_fibroblast,E302,False
RAS SASP (Day 4),303,NARS,NARS,O43776,0.831965004,0.256150482,0.222542346,soluble,IMR90_fibroblast,E303,False
RAS SASP (Day 4),304,CS,CS,O75390,0.824781652,0.190691442,0.473186672,soluble,IMR90_fibroblast,E304,False
RAS SASP (Day 4),305,RPL38,RPL38,P63173,0.805697079,0.175763758,0.085618697,soluble,IMR90_fibroblast,E305,False
RAS SASP (Day 4),306,PSMB2,PSMB2,P49721,0.804991882,0.018179942,0.327622384,soluble,IMR90_fibroblast,E306,False
RAS SASP (Day 4),307,PLIN3,PLIN3,O60664,0.803239093,0.220835051,0.688794792,soluble,IMR90_fibroblast,E307,False
RAS SASP (Day 4),308,UPF2,UPF2,Q9HAU5,0.801195287,0.095786777,1.265779018,soluble,IMR90_fibroblast,E308,False
RAS SASP (Day 4),309,PGM3,PGM3,O95394,0.798927089,0.127039864,1.251011848,soluble,IMR90_fibroblast,E309,False
RAS SASP (Day 4),310,C1S,C1S,P09871,0.779645814,0.006778516,1.738977313,soluble,IMR90_fibroblast,E310,False
RAS SASP (Day 4),311,RPL30,RPL30,P62888,0.778853811,0.268912115,0.367545158,soluble,IMR90_fibroblast,E311,False
RAS SASP (Day 4),312,ARPC1B,ARPC1B,O15143,0.778725363,0.246839092,0.647496819,soluble,IMR90_fibroblast,E312,False
RAS SASP (Day 4),313,C5,C5,P01031,0.772744793,0.008178969,0.138549969,soluble,IMR90_fibroblast,E313,False
RAS SASP (Day 4),314,EIF1AX,EIF1AX,P47813,0.770233853,0.304265048,0.537272871,soluble,IMR90_fibroblast,E314,False
RAS SASP (Day 4),315,PSMD9,PSMD9,O00233,0.768108738,0.171619144,1.411068439,soluble,IMR90_fibroblast,E315,False
RAS SASP (Day 4),316,STMN1,STMN1,P16949,0.766689635,2.51e-09,0.732663274,soluble,IMR90_fibroblast,E316,False
RAS SASP (Day 4),317,SERPINB6,SERPINB6,P35237,0.765222215,0.2868995,0.786831737,soluble,IMR90_fibroblast,E317,False
RAS SASP (Day 4),318,STIP1,STIP1,P31948,0.763078304,0.164203584,1.146947265,soluble,IMR90_fibroblast,E318,False
RAS SASP (Day 4),319,GLO1,GLO1,Q04760,0.762164061,0.016371395,0.985547125,soluble,IMR90_fibroblast,E319,False
RAS SASP (Day 4),320,CSRP2,CSRP2,Q16527,0.756211608,0.216275562,0.761101544,soluble,IMR90_fibroblast,E320,False
RAS SASP (Day 4),321,SRI,SRI,P30626,0.752671542,0.058058683,0.231100634,soluble,IMR90_fibroblast,E321,False
RAS SASP (Day 4),322,ATP5O,ATP5O,P48047,0.752073079,,,soluble,IMR90_fibroblast,E322,False
RAS SASP (Day 4),323,PDIA4,PDIA4,P13667,0.751395555,2.89e-13,0.621087372,soluble,IMR90_fibroblast,E323,False
RAS SASP (Day 4),324,ARHGAP1,ARHGAP1,Q07960,0.750287163,,,soluble,IMR90_fibroblast,E324,False
RAS SASP (Day 4),325,HBA1,HBA1,P69905,0.748397182,1.49e-07,0.654531717,soluble,IMR90_fibroblast,E325,False
RAS SASP (Day 4),326,CALR,CALR,P27797,0.748100369,2e-08,1.057258606,soluble,IMR90_fibroblast,E326,False
RAS SASP (Day 4),327,TCEB1,TCEB1,Q15369,0.743570928,0.071442285,0.272904813,soluble,IMR90_fibroblast,E327,False
RAS SASP (Day 4),328,STMN2,STMN2,Q93045,0.733134825,2.04e-05,0.234532014,soluble,IMR90_fibroblast,E328,False
RAS SASP (Day 4),329,RAD23B,RAD23B,P54727,0.731023279,0.051608472,0.326589674,soluble,IMR90_fibroblast,E329,False
RAS SASP (Day 4),330,DCD,DCD,P81605,0.71757894,0.108862031,0.321730822,soluble,IMR90_fibroblast,E330,False
RAS SASP (Day 4),331,RPS11,RPS11,P62280,0.717000206,0.001523044,0.668921947,soluble,IMR90_fibroblast,E331,False
RAS SASP (Day 4),332,CABP7,CABP7,Q86V35,0.715890306,,,soluble,IMR90_fibroblast,E332,False
RAS SASP (Day 4),333,GARS,GARS,P41250,0.714881501,0.107584475,0.31577903,soluble,IMR90_fibroblast,E333,False
RAS SASP (Day 4),334,MFAP4,MFAP4,P55083,0.712673792,0.23949919,0.404763043,soluble,IMR90_fibroblast,E334,False
RAS SASP (Day 4),335,LEPRE1,LEPRE1,Q32P28,0.703800219,0.029712625,0.409984738,soluble,IMR90_fibroblast,E335,False
RAS SASP (Day 4),336,LDHA,LDHA,P00338,0.702547723,4.44e-11,0.952919304,soluble,IMR90_fibroblast,E336,False
RAS SASP (Day 4),337,CLTA,CLTA,P09496,0.701681921,0.077258514,0.268972665,soluble,IMR90_fibroblast,E337,False
RAS SASP (Day 4),338,RPS16,RPS16,P62249,0.70090784,0.291019307,0.764751613,soluble,IMR90_fibroblast,E338,False
RAS SASP (Day 4),339,MAPRE1,MAPRE1,Q15691,0.700830707,0.110581947,1.05641377,soluble,IMR90_fibroblast,E339,False
RAS SASP (Day 4),340,EIF4H,EIF4H,Q15056,0.700775514,0.216218793,1.137713432,soluble,IMR90_fibroblast,E340,False
RAS SASP (Day 4),341,TMSB4X,TMSB4X,P62328,0.698887765,0.302588709,0.609168768,soluble,IMR90_fibroblast,E341,False
RAS SASP (Day 4),342,TPD52L2,TPD52L2,O43399,0.695901835,0.143963066,0.843628228,soluble,IMR90_fibroblast,E342,False
RAS SASP (Day 4),343,FAM129B,FAM129B,Q96TA1,0.694693304,0.001508226,0.266421527,soluble,IMR90_fibroblast,E343,False
RAS SASP (Day 4),344,PSMD14,PSMD14,O00487,0.685786165,0.12400937,2.096585989,soluble,IMR90_fibroblast,E344,False
RAS SASP (Day 4),345,ACTN1,ACTN1,P12814,0.674981445,8.31e-20,0.888762593,soluble,IMR90_fibroblast,E345,False
RAS SASP (Day 4),346,ACTN2,ACTN2,P35609,0.672482445,0.000969272,0.345707744,soluble,IMR90_fibroblast,E346,False
RAS SASP (Day 4),347,PPP1R18,PPP1R18,Q6NYC8,0.668388496,0.101873088,0.137751788,soluble,IMR90_fibroblast,E347,False
RAS SASP (Day 4),348,TPP1,TPP1,O14773,0.667343243,0.028790679,0.613895833,soluble,IMR90_fibroblast,E348,False
RAS SASP (Day 4),349,VCP,VCP,P55072,0.664276598,6.14e-13,1.192967176,soluble,IMR90_fibroblast,E349,False
RAS SASP (Day 4),350,HYOU1,HYOU1,Q9Y4L1,0.663518057,0.270076218,0.406533629,soluble,IMR90_fibroblast,E350,False
RAS SASP (Day 4),351,MDH1,MDH1,P40925,0.661444789,1.04e-07,0.472972244,soluble,IMR90_fibroblast,E351,False
RAS SASP (Day 4),352,GSS,GSS,P48637,0.660066248,0.307893535,0.114292055,soluble,IMR90_fibroblast,E352,False
RAS SASP (Day 4),353,RNH1,RNH1,P13489,0.655751972,0.173898326,1.362214208,soluble,IMR90_fibroblast,E353,False
RAS SASP (Day 4),354,ALDOA,ALDOA,P04075,0.653657071,6.6e-36,0.890519917,soluble,IMR90_fibroblast,E354,False
RAS SASP (Day 4),355,GLRX,GLRX,P35754,0.647483391,0.240526579,1.690956473,soluble,IMR90_fibroblast,E355,False
RAS SASP (Day 4),356,SCP2,SCP2,P22307,0.645033454,,,soluble,IMR90_fibroblast,E356,False
RAS SASP (Day 4),357,ACP1,ACP1,P24666,0.64070535,0.281606188,2.199668169,soluble,IMR90_fibroblast,E357,False
RAS SASP (Day 4),358,HSPB1,HSPB1,P04792,0.636732655,2.55e-07,0.829332232,soluble,IMR90_fibroblast,E358,False
RAS SASP (Day 4),359,PDIA6,PDIA6,Q15084,0.633994314,1.92e-07,0.893630207,soluble,IMR90_fibroblast,E359,False
RAS SASP (Day 4),360,PRKCSH,PRKCSH,P14314,0.631161386,0.000272404,1.098161459,soluble,IMR90_fibroblast,E360,False
RAS SASP (Day 4),361,CACYBP,CACYBP,Q9HB71,0.630737762,0.184234188,0.909514546,soluble,IMR90_fibroblast,E361,False
RAS SASP (Day 4),362,RPL3,RPL3,P39023,0.628300669,0.275318238,1.653165698,soluble,IMR90_fibroblast,E362,False
RAS SASP (Day 4),363,PSMB7,PSMB7,Q99436,0.624340096,0.010292416,0.226959005,soluble,IMR90_fibroblast,E363,False
RAS SASP (Day 4),364,MYL9,MYL9,P24844,0.622820595,0.005039357,0.909804642,soluble,IMR90_fibroblast,E364,False
RAS SASP (Day 4),365,CTSA,CTSA,P10619,0.621735826,0.09501875,0.467078894,soluble,IMR90_fibroblast,E365,False
RAS SASP (Day 4),366,PSMC1,PSMC1,P62191,0.621089227,0.043050651,0.089616328,soluble,IMR90_fibroblast,E366,False
RAS SASP (Day 4),367,HINT1,HINT1,P49773,0.620090705,0.216275562,0.640975118,soluble,IMR90_fibroblast,E367,False
RAS SASP (Day 4),368,RPS14,RPS14,P62263,0.618705218,0.022897096,1.202885866,soluble,IMR90_fibroblast,E368,False
RAS SASP (Day 4),369,HSPA5,HSPA5,P11021,0.615796102,4.92e-22,0.950269997,soluble,IMR90_fibroblast,E369,False
RAS SASP (Day 4),370,PAFAH1B3,PAFAH1B3,Q15102,0.613677575,0.270076218,0.222910494,soluble,IMR90_fibroblast,E370,False
RAS SASP (Day 4),371,RPL11,RPL11,P62913,0.610433167,0.166596697,0.793394566,soluble,IMR90_fibroblast,E371,False
RAS SASP (Day 4),372,COPB2,COPB2,P35606,0.60890377,0.181521976,1.029979467,soluble,IMR90_fibroblast,E372,False
RAS SASP (Day 4),373,ACTN4,ACTN4,O43707,0.608873802,8.08e-05,1.259195328,soluble,IMR90_fibroblast,E373,False
RAS SASP (Day 4),374,HSPH1,HSPH1,Q92598,0.60217878,0.106283719,1.134270787,soluble,IMR90_fibroblast,E374,False
RAS SASP (Day 4),375,RPL12,RPL12,P30050,0.601663315,0.049866467,0.550921738,soluble,IMR90_fibroblast,E375,False
RAS SASP (Day 4),376,PPA1,PPA1,Q15181,0.601555006,0.150645179,0.324852079,soluble,IMR90_fibroblast,E376,False
RAS SASP (Day 4),377,EIF2S1,EIF2S1,P05198,0.599270522,0.237588074,2.077263117,soluble,IMR90_fibroblast,E377,False
RAS SASP (Day 4),378,ST13,ST13,P50502,0.599076113,0.076663925,0.427238226,soluble,IMR90_fibroblast,E378,False
RAS SASP (Day 4),379,SEC22B,SEC22B,O75396,0.591898746,0.214307103,0.302233309,soluble,IMR90_fibroblast,E379,False
RAS SASP (Day 4),380,CAPNS1,CAPNS1,P04632,0.580766691,0.300748156,0.555038571,soluble,IMR90_fibroblast,E380,False
RAS SASP (Day 4),381,LSM7,LSM7,Q9UK45,0.574820389,,,soluble,IMR90_fibroblast,E381,False
RAS SASP (Day 4),382,ARPC1A,ARPC1A,Q92747,0.570216015,0.046394348,0.155043975,soluble,IMR90_fibroblast,E382,False
RAS SASP (Day 4),383,PKM,PKM,P14618,0.569554222,5.44e-17,1.156096697,soluble,IMR90_fibroblast,E383,False
RAS SASP (Day 4),384,HSD17B4,HSD17B4,P51659,0.568578131,0.245523207,2.678100824,soluble,IMR90_fibroblast,E384,False
RAS SASP (Day 4),385,NUDT3,NUDT3,O95989,0.562494242,,,soluble,IMR90_fibroblast,E385,False
RAS SASP (Day 4),386,PAM16,PAM16,Q9Y3D7,0.558665939,0.16999978,1.032818437,soluble,IMR90_fibroblast,E386,False
RAS SASP (Day 4),387,ATOX1,ATOX1,O00244,0.558608943,0.272587921,1.164435625,soluble,IMR90_fibroblast,E387,False
RAS SASP (Day 4),388,MTPN,MTPN,P58546,0.556071388,0.022973653,0.638219595,soluble,IMR90_fibroblast,E388,False
RAS SASP (Day 4),389,VTN,VTN,P04004,0.555547777,0.013384468,1.25626564,soluble,IMR90_fibroblast,E389,False
RAS SASP (Day 4),390,SHMT2,SHMT2,P34897,0.554447842,0.138139902,2.602428675,soluble,IMR90_fibroblast,E390,False
RAS SASP (Day 4),391,LASP1,LASP1,Q14847,0.553081721,0.000131288,0.964475751,soluble,IMR90_fibroblast,E391,False
RAS SASP (Day 4),392,TUBB4B,TUBB4B,P68371,0.549504166,6.45e-07,1.073464274,soluble,IMR90_fibroblast,E392,False
RAS SASP (Day 4),393,43717,43717,Q9UHD8,0.544630696,0.296139791,0.461215228,soluble,IMR90_fibroblast,E393,False
RAS SASP (Day 4),394,RPL5,RPL5,P46777,0.544164048,0.03742225,0.942497313,soluble,IMR90_fibroblast,E394,False
RAS SASP (Day 4),395,PTRF,PTRF,Q6NZI2,0.541297913,0.14215615,1.33876121,soluble,IMR90_fibroblast,E395,False
RAS SASP (Day 4),396,PHB,PHB,P35232,0.538146002,0.100723438,0.305778801,soluble,IMR90_fibroblast,E396,False
RAS SASP (Day 4),397,MYLK,MYLK,Q15746,0.531856246,0.141137619,0.165614069,soluble,IMR90_fibroblast,E397,False
RAS SASP (Day 4),398,TGFBI,TGFBI,Q15582,0.531794372,1.53e-12,1.470257401,soluble,IMR90_fibroblast,E398,False
RAS SASP (Day 4),399,WDR77,WDR77,Q9BQA1,0.528865133,,,soluble,IMR90_fibroblast,E399,False
RAS SASP (Day 4),400,LDHB,LDHB,P07195,0.528531258,0.001108537,0.982779145,soluble,IMR90_fibroblast,E400,False
RAS SASP (Day 4),401,TRAPPC6B,TRAPPC6B,Q86SZ2,0.528501698,0.02520256,0.546439648,soluble,IMR90_fibroblast,E401,False
RAS SASP (Day 4),402,STRBP,STRBP,Q96SI9,0.52818246,0.005153402,0.178897172,soluble,IMR90_fibroblast,E402,False
RAS SASP (Day 4),403,VCL,VCL,P18206,0.526644772,1.84e-12,0.924554586,soluble,IMR90_fibroblast,E403,False
RAS SASP (Day 4),404,TUBB2A,TUBB2A,Q13885,0.5261305,1.54e-05,0.482931852,soluble,IMR90_fibroblast,E404,False
RAS SASP (Day 4),405,TUBB,TUBB,P07437,0.524126942,0.038782066,0.569541216,soluble,IMR90_fibroblast,E405,False
RAS SASP (Day 4),406,MIF,MIF,P14174,0.52297967,0.005002749,1.349609256,soluble,IMR90_fibroblast,E406,False
RAS SASP (Day 4),407,SNRPD1,SNRPD1,P62314,0.516878424,,,soluble,IMR90_fibroblast,E407,False
RAS SASP (Day 4),408,COL4A2,COL4A2,P08572,0.51513873,0.047982926,1.203139901,soluble,IMR90_fibroblast,E408,False
RAS SASP (Day 4),409,IPO7,IPO7,O95373,0.514650187,0.078473305,0.198378012,soluble,IMR90_fibroblast,E409,False
RAS SASP (Day 4),410,TXNL1,TXNL1,O43396,0.511240844,0.196178723,1.477438927,soluble,IMR90_fibroblast,E410,False
RAS SASP (Day 4),411,RPL35,RPL35,P42766,0.510258924,0.005114982,0.35046339,soluble,IMR90_fibroblast,E411,False
RAS SASP (Day 4),412,DCTN1,DCTN1,Q14203,0.506069015,0.305835794,0.225343913,soluble,IMR90_fibroblast,E412,False
RAS SASP (Day 4),413,PDLIM1,PDLIM1,O00151,0.504177748,0.047982926,1.616143942,soluble,IMR90_fibroblast,E413,False
RAS SASP (Day 4),414,TUBB4A,TUBB4A,P04350,0.50043255,0.194452172,0.298466742,soluble,IMR90_fibroblast,E414,False
RAS SASP (Day 4),415,RPS20,RPS20,P60866,0.498373895,0.144783299,0.362027794,soluble,IMR90_fibroblast,E415,False
RAS SASP (Day 4),416,DYNLRB1,DYNLRB1,Q9NP97,0.497704135,0.194266916,0.675030828,soluble,IMR90_fibroblast,E416,False
RAS SASP (Day 4),417,VAPB,VAPB,O95292,0.490735311,,,soluble,IMR90_fibroblast,E417,False
RAS SASP (Day 4),418,EEF1D,EEF1D,P29692,0.48857144,0.003348064,0.813903511,soluble,IMR90_fibroblast,E418,False
RAS SASP (Day 4),419,CNN2,CNN2,Q99439,0.479300431,0.007852425,0.563460171,soluble,IMR90_fibroblast,E419,False
RAS SASP (Day 4),420,XPNPEP3,XPNPEP3,Q9NQH7,0.478008622,0.267582939,3.138672113,soluble,IMR90_fibroblast,E420,False
RAS SASP (Day 4),421,DCTN2,DCTN2,Q13561,0.474250763,0.00014113,0.383970648,soluble,IMR90_fibroblast,E421,False
RAS SASP (Day 4),422,EPRS,EPRS,P07814,0.461098336,0.00284869,0.258891732,soluble,IMR90_fibroblast,E422,False
RAS SASP (Day 4),423,S100A10,S100A10,P60903,0.459045005,0.001126099,0.270265847,soluble,IMR90_fibroblast,E423,False
RAS SASP (Day 4),424,PRDX1,PRDX1,Q06830,0.449128451,4.62e-12,0.991215706,soluble,IMR90_fibroblast,E424,False
RAS SASP (Day 4),425,HSP90AA1,HSP90AA1,P07900,0.444879179,0.010128941,1.282708049,soluble,IMR90_fibroblast,E425,False
RAS SASP (Day 4),426,ERP44,ERP44,Q9BS26,0.442343782,0.141631545,1.079117894,soluble,IMR90_fibroblast,E426,False
RAS SASP (Day 4),427,TUBA1C,TUBA1C,Q9BQE3,0.434740126,0.276784691,1.015246511,soluble,IMR90_fibroblast,E427,False
RAS SASP (Day 4),428,DLST,DLST,P36957,0.434628052,0.107367512,1.39133656,soluble,IMR90_fibroblast,E428,False
RAS SASP (Day 4),429,MAPK13;MAPK8;MAPK9;MAPK12;MAPK10;MAPK11;MAPK14,,O15264;P45983;P45984;P53778;P53779;Q15759;Q16539,0.434432503,,,soluble,IMR90_fibroblast,E429,False
RAS SASP (Day 4),430,SUMO3;SUMO2;SUMO4,,P55854;P61956;Q6EEV6,0.431580752,8.68e-06,0.145543188,soluble,IMR90_fibroblast,E430,False
RAS SASP (Day 4),431,PCBP2,PCBP2,Q15366,0.43135184,0.288495825,1.529735327,soluble,IMR90_fibroblast,E431,False
RAS SASP (Day 4),432,UBL5,UBL5,Q9BZL1,0.430792779,0.236366419,0.28431794,soluble,IMR90_fibroblast,E432,False
RAS SASP (Day 4),433,DSTN,DSTN,P60981,0.423367667,0.278835933,0.766204178,soluble,IMR90_fibroblast,E433,False
RAS SASP (Day 4),434,PRDX4,PRDX4,Q13162,0.422242256,0.235874238,1.754662156,soluble,IMR90_fibroblast,E434,False
RAS SASP (Day 4),435,RPL10A,RPL10A,P62906,0.421481175,0.000993453,0.428885162,soluble,IMR90_fibroblast,E435,False
RAS SASP (Day 4),436,MYLK3;MYLK4;MYLK2,,Q32MK0;Q86YV6;Q9H1R3,0.420722547,,,soluble,IMR90_fibroblast,E436,False
RAS SASP (Day 4),437,PLS3,PLS3,P13797,0.419247634,0.153780904,0.417897642,soluble,IMR90_fibroblast,E437,False
RAS SASP (Day 4),438,PPME1,PPME1,Q9Y570,0.414575283,,,soluble,IMR90_fibroblast,E438,False
RAS SASP (Day 4),439,AFM,AFM,P43652,0.413146899,,,soluble,IMR90_fibroblast,E439,False
RAS SASP (Day 4),440,ATP5A1,ATP5A1,P25705,0.412899349,0.0985833,1.425775528,soluble,IMR90_fibroblast,E440,False
RAS SASP (Day 4),441,LGALS3,LGALS3,P17931,0.409452058,0.000396481,0.652887285,soluble,IMR90_fibroblast,E441,False
RAS SASP (Day 4),442,CHMP4B,CHMP4B,Q9H444,0.404195418,0.012184771,0.374860018,soluble,IMR90_fibroblast,E442,False
RAS SASP (Day 4),443,EIF3A,EIF3A,Q14152,0.402083558,,,soluble,IMR90_fibroblast,E443,False
RAS SASP (Day 4),444,MAPK1,MAPK1,P28482,0.397863874,0.153481779,0.342755467,soluble,IMR90_fibroblast,E444,False
RAS SASP (Day 4),445,PDXK,PDXK,O00764,0.395989496,,,soluble,IMR90_fibroblast,E445,False
RAS SASP (Day 4),446,C12orf10,C12orf10,Q9HB07,0.393764567,0.024416868,0.171333224,soluble,IMR90_fibroblast,E446,False
RAS SASP (Day 4),447,UTS2,UTS2,O95399,0.393106833,3.28e-05,0.158812821,soluble,IMR90_fibroblast,E447,False
RAS SASP (Day 4),448,PDLIM7,PDLIM7,Q9NR12,0.386321323,0.182577025,1.069674015,soluble,IMR90_fibroblast,E448,False
RAS SASP (Day 4),449,PLD3,PLD3,Q8IV08,0.385342361,0.129205546,1.240704656,soluble,IMR90_fibroblast,E449,False
RAS SASP (Day 4),450,GANAB,GANAB,Q14697,0.380680401,0.092214635,1.090884447,soluble,IMR90_fibroblast,E450,False
RAS SASP (Day 4),451,AKR1E2,AKR1E2,Q96JD6,0.378811854,,,soluble,IMR90_fibroblast,E451,False
RAS SASP (Day 4),452,YWHAH,YWHAH,Q04917,0.378283054,0.137563579,0.900575995,soluble,IMR90_fibroblast,E452,False
RAS SASP (Day 4),453,PADI1,PADI1,Q9ULC6,0.373983944,,,soluble,IMR90_fibroblast,E453,False
RAS SASP (Day 4),454,VBP1,VBP1,P61758,0.373910244,,,soluble,IMR90_fibroblast,E454,False
RAS SASP (Day 4),455,CBR3,CBR3,O75828,0.373454183,0.144292085,0.887676656,soluble,IMR90_fibroblast,E455,False
RAS SASP (Day 4),456,RPS6,RPS6,P62753,0.372941359,0.002835794,0.49336347,soluble,IMR90_fibroblast,E456,False
RAS SASP (Day 4),457,PFDN2,PFDN2,Q9UHV9,0.360132858,0.03044297,0.815790415,soluble,IMR90_fibroblast,E457,False
RAS SASP (Day 4),458,RAN,RAN,P62826,0.359483652,0.094395512,1.2410881520000001,soluble,IMR90_fibroblast,E458,False
RAS SASP (Day 4),459,PDAP1,PDAP1,Q13442,0.359190866,0.011214488,0.317716181,soluble,IMR90_fibroblast,E459,False
RAS SASP (Day 4),460,P4HB,P4HB,P07237,0.353222846,1.4e-14,0.721425533,soluble,IMR90_fibroblast,E460,False
RAS SASP (Day 4),461,CTTN,CTTN,Q14247,0.352107482,0.000350563,0.405750632,soluble,IMR90_fibroblast,E461,False
RAS SASP (Day 4),462,RCN3,RCN3,Q96D15,0.350832561,0.049786155,1.073325872,soluble,IMR90_fibroblast,E462,False
RAS SASP (Day 4),463,ETF1,ETF1,P62495,0.350222173,0.006471504,0.345250517,soluble,IMR90_fibroblast,E463,False
RAS SASP (Day 4),464,HN1,HN1,Q9UK76,0.346884222,0.054192348,0.36815384,soluble,IMR90_fibroblast,E464,False
RAS SASP (Day 4),465,HEBP2,HEBP2,Q9Y5Z4,0.346793501,0.060513195,0.396418929,soluble,IMR90_fibroblast,E465,False
RAS SASP (Day 4),466,PAFAH1B2,PAFAH1B2,P68402,0.34613935,0.195899453,0.24669677,soluble,IMR90_fibroblast,E466,False
RAS SASP (Day 4),467,ITIH3,ITIH3,Q06033,0.342654267,0.155804513,1.237771869,soluble,IMR90_fibroblast,E467,False
RAS SASP (Day 4),468,OTUB1,OTUB1,Q96FW1,0.336897175,0.111274236,1.555015683,soluble,IMR90_fibroblast,E468,False
RAS SASP (Day 4),469,LCK;FYN;YES1;LYN;HCK;FGR;FGFR1;MAK;FGFR2;FGFR4;FGFR3;BLK;CDK20;ICK,,P06239;P06241;P07947;P07948;P08631;P09769;P11362;P20794;P21802;P22455;P22607;P51451;Q8IZL9;Q9UPZ9,0.336506267,0.018605862,0.016160337,soluble,IMR90_fibroblast,E469,False
RAS SASP (Day 4),470,FLNA,FLNA,P21333,0.333994241,2.19e-23,0.931163788,soluble,IMR90_fibroblast,E470,False
RAS SASP (Day 4),471,RPS13,RPS13,P62277,0.32718583,0.134629228,0.195498228,soluble,IMR90_fibroblast,E471,False
RAS SASP (Day 4),472,PLCH1,PLCH1,Q4KWH8,0.325734941,0.0985833,0.928656459,soluble,IMR90_fibroblast,E472,False
RAS SASP (Day 4),473,SOD2,SOD2,P04179,0.325314481,0.268819011,0.297184438,soluble,IMR90_fibroblast,E473,False
RAS SASP (Day 4),474,CRIP2,CRIP2,P52943,0.316841216,0.070053562,0.183415458,soluble,IMR90_fibroblast,E474,False
RAS SASP (Day 4),475,RTN4,RTN4,Q9NQC3,0.31446375,0.206541016,1.895384669,soluble,IMR90_fibroblast,E475,False
RAS SASP (Day 4),476,STX7,STX7,O15400,0.310462528,0.125348958,0.300573856,soluble,IMR90_fibroblast,E476,False
RAS SASP (Day 4),477,HSPA1A;HSPA1B,,P0DMV8;P0DMV9,0.309654917,1.24e-09,0.712760329,soluble,IMR90_fibroblast,E477,False
RAS SASP (Day 4),478,PDLIM4,PDLIM4,P50479,0.308586513,0.216275562,1.084139824,soluble,IMR90_fibroblast,E478,False
RAS SASP (Day 4),479,CRTAP,CRTAP,O75718,0.306579731,0.073008538,0.374245524,soluble,IMR90_fibroblast,E479,False
RAS SASP (Day 4),480,RPL9,RPL9,P32969,0.303632399,0.181521976,0.313403219,soluble,IMR90_fibroblast,E480,False
RAS SASP (Day 4),481,RPL23A,RPL23A,P62750,0.300649054,0.013956087,0.45979923,soluble,IMR90_fibroblast,E481,False
RAS SASP (Day 4),482,COL3A1,COL3A1,P02461,0.299634642,3.64e-05,0.728059471,soluble,IMR90_fibroblast,E482,False
RAS SASP (Day 4),483,TPM3,TPM3,P06753,0.298087011,0.007357399,1.310931325,soluble,IMR90_fibroblast,E483,False
RAS SASP (Day 4),484,KPNB1,KPNB1,Q14974,0.297728829,0.258161413,1.771255612,soluble,IMR90_fibroblast,E484,False
RAS SASP (Day 4),485,BCAP31,BCAP31,P51572,0.294145037,0.272630351,0.277034014,soluble,IMR90_fibroblast,E485,False
RAS SASP (Day 4),486,ENO3,ENO3,P13929,0.293710681,0.190691442,1.412662268,soluble,IMR90_fibroblast,E486,False
RAS SASP (Day 4),487,RPS18,RPS18,P62269,0.289165752,0.000619853,0.420774817,soluble,IMR90_fibroblast,E487,False
RAS SASP (Day 4),488,ACTR1A,ACTR1A,P61163,0.28501156,0.014650241,0.09440054,soluble,IMR90_fibroblast,E488,False
RAS SASP (Day 4),489,REXO2,REXO2,Q9Y3B8,0.283331324,0.044138481,0.063645832,soluble,IMR90_fibroblast,E489,False
RAS SASP (Day 4),490,CAPG,CAPG,P40121,0.282238646,0.233398418,0.678561389,soluble,IMR90_fibroblast,E490,False
RAS SASP (Day 4),491,PA2G4,PA2G4,Q9UQ80,0.281736834,0.000902455,0.510989547,soluble,IMR90_fibroblast,E491,False
RAS SASP (Day 4),492,PAICS,PAICS,P22234,0.281477661,0.042881336,0.139357165,soluble,IMR90_fibroblast,E492,False
RAS SASP (Day 4),493,YWHAQ,YWHAQ,P27348,0.278209986,0.247747975,0.438741535,soluble,IMR90_fibroblast,E493,False
RAS SASP (Day 4),494,MARCKS,MARCKS,P29966,0.275508309,0.150645179,0.820503652,soluble,IMR90_fibroblast,E494,False
RAS SASP (Day 4),495,GSN,GSN,P06396,0.263756327,0.133014573,1.021434546,soluble,IMR90_fibroblast,E495,False
RAS SASP (Day 4),496,TUBB8,TUBB8,Q3ZCM7,0.26308333,0.248229506,0.308817506,soluble,IMR90_fibroblast,E496,False
RAS SASP (Day 4),497,HSPE1,HSPE1,P61604,0.262962062,0.047982926,0.537219703,soluble,IMR90_fibroblast,E497,False
RAS SASP (Day 4),498,PCBP1,PCBP1,Q15365,0.260590247,0.261994315,1.578815103,soluble,IMR90_fibroblast,E498,False
RAS SASP (Day 4),499,RPLP2,RPLP2,P05387,0.25992461,0.292353408,0.456575543,soluble,IMR90_fibroblast,E499,False
RAS SASP (Day 4),500,PPM1F,PPM1F,P49593,0.258164229,0.167846657,0.371857017,soluble,IMR90_fibroblast,E500,False
RAS SASP (Day 4),501,CAPRIN1,CAPRIN1,Q14444,0.255670975,0.082367781,1.275102615,soluble,IMR90_fibroblast,E501,False
RAS SASP (Day 4),502,PLAT,PLAT,P00750,0.254007075,0.207666086,1.15369463,soluble,IMR90_fibroblast,E502,False
RAS SASP (Day 4),503,CTSC,CTSC,P53634,0.253597081,0.092906077,1.293661356,soluble,IMR90_fibroblast,E503,False
RAS SASP (Day 4),504,GPI,GPI,P06744,0.252710194,0.011171628,0.753187716,soluble,IMR90_fibroblast,E504,False
RAS SASP (Day 4),505,SQSTM1,SQSTM1,Q13501,0.251789473,0.038694664,0.436826825,soluble,IMR90_fibroblast,E505,False
RAS SASP (Day 4),506,IGFBP3,IGFBP3,P17936,0.243919306,0.228481024,0.837140262,soluble,IMR90_fibroblast,E506,False
RAS SASP (Day 4),507,PGAM1,PGAM1,P18669,0.241969118,0.006379647,1.450179458,soluble,IMR90_fibroblast,E507,False
RAS SASP (Day 4),508,ENO1,ENO1,P06733,0.24003295,1.35e-07,0.998933136,soluble,IMR90_fibroblast,E508,False
RAS SASP (Day 4),509,PRPF19,PRPF19,Q9UMS4,0.2349945,0.006002713,0.773407459,soluble,IMR90_fibroblast,E509,False
RAS SASP (Day 4),510,RPL17,RPL17,P18621,0.228407361,6.09e-05,0.203132689,soluble,IMR90_fibroblast,E510,False
RAS SASP (Day 4),511,CUTA,CUTA,O60888,0.227720712,0.188797926,0.617586553,soluble,IMR90_fibroblast,E511,False
RAS SASP (Day 4),512,RPSA,RPSA,P08865,0.225449299,0.134606816,0.35622251,soluble,IMR90_fibroblast,E512,False
RAS SASP (Day 4),513,HSPA2,HSPA2,P54652,0.222029836,0.01345998,1.360208154,soluble,IMR90_fibroblast,E513,False
RAS SASP (Day 4),514,CHORDC1,CHORDC1,Q9UHD1,0.219001324,,,soluble,IMR90_fibroblast,E514,False
RAS SASP (Day 4),515,ATP5B,ATP5B,P06576,0.216158464,0.022198814,1.289478183,soluble,IMR90_fibroblast,E515,False
RAS SASP (Day 4),516,RPS21,RPS21,P63220,0.214176136,0.286009375,1.418603659,soluble,IMR90_fibroblast,E516,False
RAS SASP (Day 4),517,PARK7,PARK7,Q99497,0.204934757,0.031055352,0.638036549,soluble,IMR90_fibroblast,E517,False
RAS SASP (Day 4),518,AP1M1,AP1M1,Q9BXS5,0.204256182,,,soluble,IMR90_fibroblast,E518,False
RAS SASP (Day 4),519,TPM4,TPM4,P67936,0.204069521,0.082803793,1.051558137,soluble,IMR90_fibroblast,E519,False
RAS SASP (Day 4),520,CCT8,CCT8,P50990,0.192912013,0.243636595,1.400873184,soluble,IMR90_fibroblast,E520,False
RAS SASP (Day 4),521,APOE,APOE,P02649,0.190056969,0.001730445,0.408431172,soluble,IMR90_fibroblast,E521,False
RAS SASP (Day 4),522,CCT3,CCT3,P49368,0.188892602,0.058763669,0.902761817,soluble,IMR90_fibroblast,E522,False
RAS SASP (Day 4),523,MYOF,MYOF,Q9NZM1,0.183972548,0.146753566,0.479599088,soluble,IMR90_fibroblast,E523,False
RAS SASP (Day 4),524,FSCN1,FSCN1,Q16658,0.183697893,7.45e-06,1.255901098,soluble,IMR90_fibroblast,E524,False
RAS SASP (Day 4),525,COL5A2,COL5A2,P05997,0.183370322,0.007852425,0.747313738,soluble,IMR90_fibroblast,E525,False
RAS SASP (Day 4),526,FAM114A1,FAM114A1,Q8IWE2,0.183072173,0.216218793,0.041357882,soluble,IMR90_fibroblast,E526,False
RAS SASP (Day 4),527,APOM,APOM,O95445,0.179254574,0.214307103,2.237042904,soluble,IMR90_fibroblast,E527,False
RAS SASP (Day 4),528,ARHGDIA,ARHGDIA,P52565,0.179137458,0.09372228,0.7456339,soluble,IMR90_fibroblast,E528,False
RAS SASP (Day 4),529,C1QBP,C1QBP,Q07021,0.179037961,,,soluble,IMR90_fibroblast,E529,False
RAS SASP (Day 4),530,COL1A2,COL1A2,P08123,0.177676593,4.62e-10,1.49446559,soluble,IMR90_fibroblast,E530,False
RAS SASP (Day 4),531,LOX,LOX,P28300,0.177404817,0.035878771,0.071618006,soluble,IMR90_fibroblast,E531,False
RAS SASP (Day 4),532,GSTP1,GSTP1,P09211,0.176389706,0.27836937,1.078250766,soluble,IMR90_fibroblast,E532,False
RAS SASP (Day 4),533,HSP90AB1,HSP90AB1,P08238,0.174590758,9.13e-05,1.136866331,soluble,IMR90_fibroblast,E533,False
RAS SASP (Day 4),534,CAPN2,CAPN2,P17655,0.172598486,0.033181486,0.963651419,soluble,IMR90_fibroblast,E534,False
RAS SASP (Day 4),535,ACOT7,ACOT7,O00154,0.172296379,0.005246875,0.309635133,soluble,IMR90_fibroblast,E535,False
RAS SASP (Day 4),536,TUBA1B,TUBA1B,P68363,0.171570041,0.027871934,1.794591784,soluble,IMR90_fibroblast,E536,False
RAS SASP (Day 4),537,LDHAL6B,LDHAL6B,Q9BYZ2,0.170968439,0.191478964,0.507957995,soluble,IMR90_fibroblast,E537,False
RAS SASP (Day 4),538,GPCPD1,GPCPD1,Q9NPB8,0.170183595,,,soluble,IMR90_fibroblast,E538,False
RAS SASP (Day 4),539,SPTAN1,SPTAN1,Q13813,0.169904095,,,soluble,IMR90_fibroblast,E539,False
RAS SASP (Day 4),540,DBNL,DBNL,Q9UJU6,0.163649506,0.001288188,0.332367063,soluble,IMR90_fibroblast,E540,False
RAS SASP (Day 4),541,FCGBP,FCGBP,Q9Y6R7,0.161808361,0.027447059,0.219067171,soluble,IMR90_fibroblast,E541,False
RAS SASP (Day 4),542,WDR1,WDR1,O75083,0.159601101,0.009303493,0.780622363,soluble,IMR90_fibroblast,E542,False
RAS SASP (Day 4),543,ZYX,ZYX,Q15942,0.158620662,0.083559301,1.852689862,soluble,IMR90_fibroblast,E543,False
RAS SASP (Day 4),544,PFDN6,PFDN6,O15212,0.158064687,0.055050634,0.278667927,soluble,IMR90_fibroblast,E544,False
RAS SASP (Day 4),545,HSPA6,HSPA6,P17066,0.151554367,0.133868521,0.37051487,soluble,IMR90_fibroblast,E545,False
RAS SASP (Day 4),546,POLD1,POLD1,P28340,0.147619183,0.130121101,0.56437403,soluble,IMR90_fibroblast,E546,False
RAS SASP (Day 4),547,EEF1A1,EEF1A1,P68104,0.142760231,0.008971815,1.135447741,soluble,IMR90_fibroblast,E547,False
RAS SASP (Day 4),548,TRAP1,TRAP1,Q12931,0.140782619,0.010016248,0.405106515,soluble,IMR90_fibroblast,E548,False
RAS SASP (Day 4),549,RPL26,RPL26,P61254,0.139803632,0.010311137,0.285585165,soluble,IMR90_fibroblast,E549,False
RAS SASP (Day 4),550,SPTBN1,SPTBN1,Q01082,0.131038303,0.020605278,0.581026375,soluble,IMR90_fibroblast,E550,False
RAS SASP (Day 4),551,YWHAE,YWHAE,P62258,0.116712861,0.066226303,1.185087323,soluble,IMR90_fibroblast,E551,False
RAS SASP (Day 4),552,TCP1,TCP1,P17987,0.115242511,0.219677591,1.54225266,soluble,IMR90_fibroblast,E552,False
RAS SASP (Day 4),553,KRT77,KRT77,Q7Z794,0.113396307,0.073624545,3.35268569,soluble,IMR90_fibroblast,E553,False
RAS SASP (Day 4),554,APOC3,APOC3,P02656,0.111553894,0.00701979,0.429474115,soluble,IMR90_fibroblast,E554,False
RAS SASP (Day 4),555,NUDT2,NUDT2,P50583,0.110636326,,,soluble,IMR90_fibroblast,E555,False
RAS SASP (Day 4),556,SSBP1,SSBP1,Q04837,0.09959025,0.007628176,0.243755415,soluble,IMR90_fibroblast,E556,False
RAS SASP (Day 4),557,HSPA8,HSPA8,P11142,0.093673419,0.002509833,1.066181064,soluble,IMR90_fibroblast,E557,False
RAS SASP (Day 4),558,HK2,HK2,P52789,0.081782763,0.175763758,0.243543684,soluble,IMR90_fibroblast,E558,False
RAS SASP (Day 4),559,EDIL3,EDIL3,O43854,0.080315742,0.210369307,0.953638852,soluble,IMR90_fibroblast,E559,False
RAS SASP (Day 4),560,GSTO1,GSTO1,P78417,0.077359182,0.088233684,0.64022696,soluble,IMR90_fibroblast,E560,False
RAS SASP (Day 4),561,ARPC3,ARPC3,O15145,0.073146519,0.166234543,1.650826931,soluble,IMR90_fibroblast,E561,False
RAS SASP (Day 4),562,CORO1B,CORO1B,Q9BR76,0.061103477,0.061931217,1.043507576,soluble,IMR90_fibroblast,E562,False
RAS SASP (Day 4),563,PSPH,PSPH,P78330,0.060173204,0.076619145,0.140894338,soluble,IMR90_fibroblast,E563,False
RAS SASP (Day 4),564,PXN,PXN,P49023,0.059490715,,,soluble,IMR90_fibroblast,E564,False
RAS SASP (Day 4),565,TMSB10,TMSB10,P63313,0.059361067,0.288799245,0.323434591,soluble,IMR90_fibroblast,E565,False
RAS SASP (Day 4),566,YKT6,YKT6,O15498,0.057979983,0.145694539,0.633875191,soluble,IMR90_fibroblast,E566,False
RAS SASP (Day 4),567,ARPC4,ARPC4,P59998,0.049641404,0.063467362,0.840377212,soluble,IMR90_fibroblast,E567,False
RAS SASP (Day 4),568,PROSC,PROSC,O94903,0.049607903,0.142447004,0.447139561,soluble,IMR90_fibroblast,E568,False
RAS SASP (Day 4),569,FTL,FTL,P02792,0.048598298,0.062772071,0.216271445,soluble,IMR90_fibroblast,E569,False
RAS SASP (Day 4),570,PANK2,PANK2,Q9BZ23,0.046424436,,,soluble,IMR90_fibroblast,E570,False
RAS SASP (Day 4),571,CAPZB,CAPZB,P47756,0.045890613,0.144580222,1.259757638,soluble,IMR90_fibroblast,E571,False
RAS SASP (Day 4),572,CORO1C,CORO1C,Q9ULV4,0.041322769,0.082803793,1.507949829,soluble,IMR90_fibroblast,E572,False
RAS SASP (Day 4),573,MAP4K4;MINK1;TNIK,,O95819;Q8N4C8;Q9UKE5,0.040034025,0.118102581,1.321181178,soluble,IMR90_fibroblast,E573,False
RAS SASP (Day 4),574,MYL12B;MYL12A,,O14950;P19105,0.037352723,0.045705861,0.584823906,soluble,IMR90_fibroblast,E574,False
RAS SASP (Day 4),575,PDLIM5,PDLIM5,Q96HC4,0.03687179,1.18e-05,0.241544455,soluble,IMR90_fibroblast,E575,False
RAS SASP (Day 4),576,NES,NES,P48681,0.034215541,0.053773974,1.199281454,soluble,IMR90_fibroblast,E576,False
RAS SASP (Day 4),577,PAFAH1B1,PAFAH1B1,P43034,0.033317428,1.7e-12,0.293198198,soluble,IMR90_fibroblast,E577,False
RAS SASP (Day 4),578,PFDN1,PFDN1,O60925,0.033234976,0.166596697,0.217508167,soluble,IMR90_fibroblast,E578,False
RAS SASP (Day 4),579,IGFBP7,IGFBP7,Q16270,0.03151523,0.139533973,0.88407129,soluble,IMR90_fibroblast,E579,False
RAS SASP (Day 4),580,RPLP1,RPLP1,P05386,0.02910895,0.288495825,0.376788855,soluble,IMR90_fibroblast,E580,False
RAS SASP (Day 4),581,CCT5,CCT5,P48643,0.028096767,0.000151349,0.769061089,soluble,IMR90_fibroblast,E581,False
RAS SASP (Day 4),582,YWHAZ,YWHAZ,P63104,0.025764577,0.108304197,1.330926657,soluble,IMR90_fibroblast,E582,False
RAS SASP (Day 4),583,MYH11,MYH11,P35749,0.024266827,,,soluble,IMR90_fibroblast,E583,False
RAS SASP (Day 4),584,CAPZA2,CAPZA2,P47755,0.024195746,0.061375023,1.455697894,soluble,IMR90_fibroblast,E584,False
RAS SASP (Day 4),585,FLNB,FLNB,O75369,0.022636597,0.000783822,0.768886507,soluble,IMR90_fibroblast,E585,False
RAS SASP (Day 4),586,VTA1,VTA1,Q9NP79,0.022339836,0.024226142,0.048483793,soluble,IMR90_fibroblast,E586,False
RAS SASP (Day 4),587,RPS24,RPS24,P62847,0.022276371,0.191783908,4.221565247,soluble,IMR90_fibroblast,E587,False
RAS SASP (Day 4),588,SNRPF,SNRPF,P62306,0.013393959,0.304412465,1.026516318,soluble,IMR90_fibroblast,E588,False
RAS SASP (Day 4),589,PEA15,PEA15,Q15121,0.00977412,0.016375723,0.305596054,soluble,IMR90_fibroblast,E589,False
RAS SASP (Day 4),590,TWF2,TWF2,Q6IBS0,0.002970436,9.64e-06,0.335925102,soluble,IMR90_fibroblast,E590,False
RAS SASP (Day 4),591,UBQLN2,UBQLN2,Q9UHD9,-0.002045094,,,soluble,IMR90_fibroblast,E591,False
RAS SASP (Day 4),592,GMFB,GMFB,P60983,-0.002890924,0.003661754,0.137057111,soluble,IMR90_fibroblast,E592,False
RAS SASP (Day 4),593,UCHL1,UCHL1,P09936,-0.013800692,0.029532704,0.358738422,soluble,IMR90_fibroblast,E593,False
RAS SASP (Day 4),594,LRRC59,LRRC59,Q96AG4,-0.01622134,,,soluble,IMR90_fibroblast,E594,False
RAS SASP (Day 4),595,SLC9A3R2,SLC9A3R2,Q15599,-0.017797092,0.004844767,0.302149683,soluble,IMR90_fibroblast,E595,False
RAS SASP (Day 4),596,TXN,TXN,P10599,-0.019363516,0.150645179,1.318350911,soluble,IMR90_fibroblast,E596,False
RAS SASP (Day 4),597,PEBP1,PEBP1,P30086,-0.019593211,0.01591192,0.896254063,soluble,IMR90_fibroblast,E597,False
RAS SASP (Day 4),598,CCT4,CCT4,P50991,-0.021554373,0.143869977,0.811124384,soluble,IMR90_fibroblast,E598,False
RAS SASP (Day 4),599,LAMP1,LAMP1,P11279,-0.025830889,0.103984612,1.098740578,soluble,IMR90_fibroblast,E599,False
RAS SASP (Day 4),600,ACTBL2,ACTBL2,Q562R1,-0.027140039,0.123958625,1.347359896,soluble,IMR90_fibroblast,E600,False
RAS SASP (Day 4),601,MYL6B,MYL6B,P14649,-0.028691117,0.1663875,2.093587637,soluble,IMR90_fibroblast,E601,False
RAS SASP (Day 4),602,YWHAG,YWHAG,P61981,-0.029760026,0.000227276,0.403961986,soluble,IMR90_fibroblast,E602,False
RAS SASP (Day 4),603,PLBD2,PLBD2,Q8NHP8,-0.032166873,0.227112325,0.57365793,soluble,IMR90_fibroblast,E603,False
RAS SASP (Day 4),604,HSPD1,HSPD1,P10809,-0.034514274,0.194701321,0.743282259,soluble,IMR90_fibroblast,E604,False
RAS SASP (Day 4),605,NPC2,NPC2,P61916,-0.036534062,0.129205546,1.110147834,soluble,IMR90_fibroblast,E605,False
RAS SASP (Day 4),606,TLN1,TLN1,Q9Y490,-0.037307269,0.247771704,1.213775635,soluble,IMR90_fibroblast,E606,False
RAS SASP (Day 4),607,NUCKS1,NUCKS1,Q9H1E3,-0.039104194,0.308044753,0.808279395,soluble,IMR90_fibroblast,E607,False
RAS SASP (Day 4),608,TJP2,TJP2,Q9UDY2,-0.039740013,,,soluble,IMR90_fibroblast,E608,False
RAS SASP (Day 4),609,OLA1,OLA1,Q9NTK5,-0.040379112,0.107367512,0.701904058,soluble,IMR90_fibroblast,E609,False
RAS SASP (Day 4),610,GLB1,GLB1,P16278,-0.040907325,0.245881145,0.696459234,soluble,IMR90_fibroblast,E610,False
RAS SASP (Day 4),611,UBE2V1,UBE2V1,Q13404,-0.044783779,1.09e-05,0.293782175,soluble,IMR90_fibroblast,E611,False
RAS SASP (Day 4),612,EEF2,EEF2,P13639,-0.045591693,0.011479806,1.041401744,soluble,IMR90_fibroblast,E612,False
RAS SASP (Day 4),613,NUTF2,NUTF2,P61970,-0.047405254,9.8e-05,0.245970219,soluble,IMR90_fibroblast,E613,False
RAS SASP (Day 4),614,ITIH1,ITIH1,P19827,-0.047565452,0.091946494,0.391092271,soluble,IMR90_fibroblast,E614,False
RAS SASP (Day 4),615,STX12,STX12,Q86Y82,-0.052061685,0.137491901,2.257099628,soluble,IMR90_fibroblast,E615,False
RAS SASP (Day 4),616,HEXB,HEXB,P07686,-0.052654942,0.002460919,0.771722436,soluble,IMR90_fibroblast,E616,False
RAS SASP (Day 4),617,TGM2,TGM2,P21980,-0.058511557,,,soluble,IMR90_fibroblast,E617,False
RAS SASP (Day 4),618,CRACR2A,CRACR2A,Q9BSW2,-0.059198335,0.237175667,1.735794783,soluble,IMR90_fibroblast,E618,False
RAS SASP (Day 4),619,CCT7,CCT7,Q99832,-0.060049969,0.012131526,0.958337963,soluble,IMR90_fibroblast,E619,False
RAS SASP (Day 4),620,HK1,HK1,P19367,-0.0601528,0.100154923,1.38076818,soluble,IMR90_fibroblast,E620,False
RAS SASP (Day 4),621,CLTC,CLTC,Q00610,-0.060956074,0.000756537,1.239025712,soluble,IMR90_fibroblast,E621,False
RAS SASP (Day 4),622,PLEC,PLEC,Q15149,-0.061288425,1.34e-10,0.931210756,soluble,IMR90_fibroblast,E622,False
RAS SASP (Day 4),623,TPT1,TPT1,P13693,-0.063537755,0.180760852,1.68743968,soluble,IMR90_fibroblast,E623,False
RAS SASP (Day 4),624,COL1A1,COL1A1,P02452,-0.065204002,1.54e-06,1.852940202,soluble,IMR90_fibroblast,E624,False
RAS SASP (Day 4),625,PRKAR1A,PRKAR1A,P10644,-0.069668172,0.024226142,0.524225593,soluble,IMR90_fibroblast,E625,False
RAS SASP (Day 4),626,ANP32B,ANP32B,Q92688,-0.070559717,0.133868521,0.582281649,soluble,IMR90_fibroblast,E626,False
RAS SASP (Day 4),627,RPL36A,RPL36A,P83881,-0.071129982,0.004485968,0.291166067,soluble,IMR90_fibroblast,E627,False
RAS SASP (Day 4),628,PTGES3,PTGES3,Q15185,-0.073467544,0.125489264,1.361082315,soluble,IMR90_fibroblast,E628,False
RAS SASP (Day 4),629,RPL21,RPL21,P46778,-0.079690076,0.001236279,0.552206874,soluble,IMR90_fibroblast,E629,False
RAS SASP (Day 4),630,EIF5A,EIF5A,P63241,-0.08040078,0.171619564,1.025654793,soluble,IMR90_fibroblast,E630,False
RAS SASP (Day 4),631,FTH1,FTH1,P02794,-0.082868338,,,soluble,IMR90_fibroblast,E631,False
RAS SASP (Day 4),632,MAP1LC3B2;MAP1LC3B,,A6NCE7;Q9GZQ8,-0.084181947,0.056785415,0.406875968,soluble,IMR90_fibroblast,E632,False
RAS SASP (Day 4),633,HEXA,HEXA,P06865,-0.085056639,0.102806919,1.296873569,soluble,IMR90_fibroblast,E633,False
RAS SASP (Day 4),634,MVP,MVP,Q14764,-0.089132099,0.172574861,1.072317839,soluble,IMR90_fibroblast,E634,False
RAS SASP (Day 4),635,RNASE4,RNASE4,P34096,-0.093021954,0.250434544,1.102196455,soluble,IMR90_fibroblast,E635,False
RAS SASP (Day 4),636,NME2,NME2,P22392,-0.095896877,0.280943534,1.243965387,soluble,IMR90_fibroblast,E636,False
RAS SASP (Day 4),637,TUBA1A,TUBA1A,Q71U36,-0.096995579,0.062772071,1.197059274,soluble,IMR90_fibroblast,E637,False
RAS SASP (Day 4),638,S100A11,S100A11,P31949,-0.098815097,0.184615181,1.839984775,soluble,IMR90_fibroblast,E638,False
RAS SASP (Day 4),639,RPS5,RPS5,P46782,-0.100820897,0.196118427,1.13942349,soluble,IMR90_fibroblast,E639,False
RAS SASP (Day 4),640,RPE,RPE,Q96AT9,-0.100947156,,,soluble,IMR90_fibroblast,E640,False
RAS SASP (Day 4),641,FLNC,FLNC,Q14315,-0.103542747,0.238524028,1.108018041,soluble,IMR90_fibroblast,E641,False
RAS SASP (Day 4),642,CDO1,CDO1,Q16878,-0.104164158,0.14964294,0.279557616,soluble,IMR90_fibroblast,E642,False
RAS SASP (Day 4),643,ATP5E;ATP5EP2,,P56381;Q5VTU8,-0.105009943,,,soluble,IMR90_fibroblast,E643,False
RAS SASP (Day 4),644,TOLLIP,TOLLIP,Q9H0E2,-0.105550887,,,soluble,IMR90_fibroblast,E644,False
RAS SASP (Day 4),645,TWF1,TWF1,Q12792,-0.108040793,0.007921605,0.725416005,soluble,IMR90_fibroblast,E645,False
RAS SASP (Day 4),646,AP2S1,AP2S1,P53680,-0.109948864,,,soluble,IMR90_fibroblast,E646,False
RAS SASP (Day 4),647,DYNLL1,DYNLL1,P63167,-0.111551851,0.001729435,0.221488953,soluble,IMR90_fibroblast,E647,False
RAS SASP (Day 4),648,AMPD2,AMPD2,Q01433,-0.112877324,,,soluble,IMR90_fibroblast,E648,False
RAS SASP (Day 4),649,PGK1,PGK1,P00558,-0.113654177,0.23949919,1.333506942,soluble,IMR90_fibroblast,E649,False
RAS SASP (Day 4),650,ATP5D,ATP5D,P30049,-0.118207267,,,soluble,IMR90_fibroblast,E650,False
RAS SASP (Day 4),651,RPL35A,RPL35A,P18077,-0.119532712,,,soluble,IMR90_fibroblast,E651,False
RAS SASP (Day 4),652,ARPC2,ARPC2,O15144,-0.123115943,0.10232821,0.863601267,soluble,IMR90_fibroblast,E652,False
RAS SASP (Day 4),653,RPL27A,RPL27A,P46776,-0.123515773,0.022349921,1.46600771,soluble,IMR90_fibroblast,E653,False
RAS SASP (Day 4),654,CAPZA1,CAPZA1,P52907,-0.125530716,0.068223649,1.492923617,soluble,IMR90_fibroblast,E654,False
RAS SASP (Day 4),655,TAGLN,TAGLN,Q01995,-0.125753568,0.084701109,0.781924844,soluble,IMR90_fibroblast,E655,False
RAS SASP (Day 4),656,TPI1,TPI1,P60174,-0.125819289,0.256150482,1.35172677,soluble,IMR90_fibroblast,E656,False
RAS SASP (Day 4),657,CYFIP1,CYFIP1,Q7L576,-0.136705172,0.0056113,0.203446165,soluble,IMR90_fibroblast,E657,False
RAS SASP (Day 4),658,AP2M1,AP2M1,Q96CW1,-0.138339245,0.100154923,0.269287318,soluble,IMR90_fibroblast,E658,False
RAS SASP (Day 4),659,PICALM,PICALM,Q13492,-0.139062052,0.109195271,0.519980729,soluble,IMR90_fibroblast,E659,False
RAS SASP (Day 4),660,PRDX6,PRDX6,P30041,-0.141477343,1.64e-05,0.500414729,soluble,IMR90_fibroblast,E660,False
RAS SASP (Day 4),661,MYL6,MYL6,P60660,-0.142996647,0.054242139,1.185338259,soluble,IMR90_fibroblast,E661,False
RAS SASP (Day 4),662,EPB41L3,EPB41L3,Q9Y2J2,-0.14447084,0.047730531,0.533471584,soluble,IMR90_fibroblast,E662,False
RAS SASP (Day 4),663,MESDC2,MESDC2,Q14696,-0.14720914,0.198113745,0.833283246,soluble,IMR90_fibroblast,E663,False
RAS SASP (Day 4),664,GNB2L1,GNB2L1,P63244,-0.149386962,0.152845187,0.635753751,soluble,IMR90_fibroblast,E664,False
RAS SASP (Day 4),665,PTGDS,PTGDS,P41222,-0.149606659,,,soluble,IMR90_fibroblast,E665,False
RAS SASP (Day 4),666,UBE2N,UBE2N,P61088,-0.150050136,0.125356435,1.012422562,soluble,IMR90_fibroblast,E666,False
RAS SASP (Day 4),667,MARCKSL1,MARCKSL1,P49006,-0.150843168,0.000785695,0.340572,soluble,IMR90_fibroblast,E667,False
RAS SASP (Day 4),668,BASP1,BASP1,P80723,-0.152391493,1.34e-13,0.368271232,soluble,IMR90_fibroblast,E668,False
RAS SASP (Day 4),669,CHMP1A,CHMP1A,Q9HD42,-0.153056299,0.005704666,0.122359313,soluble,IMR90_fibroblast,E669,False
RAS SASP (Day 4),670,CFL2,CFL2,Q9Y281,-0.155472304,4.44e-06,0.570957959,soluble,IMR90_fibroblast,E670,False
RAS SASP (Day 4),671,VIM,VIM,P08670,-0.156503888,3.28e-05,1.624577761,soluble,IMR90_fibroblast,E671,False
RAS SASP (Day 4),672,CHID1,CHID1,Q9BWS9,-0.157586648,,,soluble,IMR90_fibroblast,E672,False
RAS SASP (Day 4),673,SERPINA7,SERPINA7,P05543,-0.159025782,0.175702027,4.009129524,soluble,IMR90_fibroblast,E673,False
RAS SASP (Day 4),674,CCDC50,CCDC50,Q8IVM0,-0.159603725,0.216218793,0.344118983,soluble,IMR90_fibroblast,E674,False
RAS SASP (Day 4),675,DNAJA1,DNAJA1,P31689,-0.164729124,0.182577025,0.518017113,soluble,IMR90_fibroblast,E675,False
RAS SASP (Day 4),676,GNPTG,GNPTG,Q9UJJ9,-0.165076836,0.272630351,1.739831567,soluble,IMR90_fibroblast,E676,False
RAS SASP (Day 4),677,LGALS1,LGALS1,P09382,-0.167010351,0.057629336,1.03440249,soluble,IMR90_fibroblast,E677,False
RAS SASP (Day 4),678,CLIC4,CLIC4,Q9Y696,-0.173620915,0.023083914,0.785183549,soluble,IMR90_fibroblast,E678,False
RAS SASP (Day 4),679,VAT1,VAT1,Q99536,-0.173717495,0.004251102,0.779345632,soluble,IMR90_fibroblast,E679,False
RAS SASP (Day 4),680,MANBA,MANBA,O00462,-0.17678059,0.002689454,0.546011269,soluble,IMR90_fibroblast,E680,False
RAS SASP (Day 4),681,PCMT1,PCMT1,P22061,-0.17871594,0.003260143,0.572205067,soluble,IMR90_fibroblast,E681,False
RAS SASP (Day 4),682,TAB2,TAB2,Q9NYJ8,-0.179437426,0.055562285,0.334172279,soluble,IMR90_fibroblast,E682,False
RAS SASP (Day 4),683,ACTB;ACTG1,,P60709;P63261,-0.179475862,0.001235035,1.335642457,soluble,IMR90_fibroblast,E683,False
RAS SASP (Day 4),684,EIF4A1,EIF4A1,P60842,-0.180680161,0.096601801,1.50746882,soluble,IMR90_fibroblast,E684,False
RAS SASP (Day 4),685,CTSD,CTSD,P07339,-0.182538224,0.227112325,1.333276987,soluble,IMR90_fibroblast,E685,False
RAS SASP (Day 4),686,PPP1CB,PPP1CB,P62140,-0.183185347,,,soluble,IMR90_fibroblast,E686,False
RAS SASP (Day 4),687,NUDC,NUDC,Q9Y266,-0.185987213,1.69e-07,0.269088238,soluble,IMR90_fibroblast,E687,False
RAS SASP (Day 4),688,RAP1GDS1,RAP1GDS1,P52306,-0.186657575,,,soluble,IMR90_fibroblast,E688,False
RAS SASP (Day 4),689,PFN2,PFN2,P35080,-0.187823483,0.000445121,0.196149409,soluble,IMR90_fibroblast,E689,False
RAS SASP (Day 4),690,YWHAB,YWHAB,P31946,-0.188913681,0.031768425,1.151906133,soluble,IMR90_fibroblast,E690,False
RAS SASP (Day 4),691,FAU,FAU,P62861,-0.192568235,0.216218793,0.989154458,soluble,IMR90_fibroblast,E691,False
RAS SASP (Day 4),692,COTL1,COTL1,Q14019,-0.19533328,0.001588246,0.830877304,soluble,IMR90_fibroblast,E692,False
RAS SASP (Day 4),693,SIPA1,SIPA1,Q96FS4,-0.200194517,0.14053514,0.265471607,soluble,IMR90_fibroblast,E693,False
RAS SASP (Day 4),694,VASP,VASP,P50552,-0.200969689,0.000214502,1.052400827,soluble,IMR90_fibroblast,E694,False
RAS SASP (Day 4),695,ITGAV,ITGAV,P06756,-0.207897144,,,soluble,IMR90_fibroblast,E695,False
RAS SASP (Day 4),696,KRT17,KRT17,Q04695,-0.210705503,0.286246951,2.456272125,soluble,IMR90_fibroblast,E696,False
RAS SASP (Day 4),697,TUBB6,TUBB6,Q9BUF5,-0.223389655,0.004642347,1.09590745,soluble,IMR90_fibroblast,E697,False
RAS SASP (Day 4),698,SFN,SFN,P31947,-0.226100584,0.000340641,0.353671849,soluble,IMR90_fibroblast,E698,False
RAS SASP (Day 4),699,TBCB,TBCB,Q99426,-0.227118022,0.01890319,0.311896861,soluble,IMR90_fibroblast,E699,False
RAS SASP (Day 4),700,CCT2,CCT2,P78371,-0.246540708,0.03836948,1.307527661,soluble,IMR90_fibroblast,E700,False
RAS SASP (Day 4),701,RPS26,RPS26,P62854,-0.247853584,1.17e-05,0.143424243,soluble,IMR90_fibroblast,E701,False
RAS SASP (Day 4),702,SPARC,SPARC,P09486,-0.249120591,1.5e-06,0.620550632,soluble,IMR90_fibroblast,E702,False
RAS SASP (Day 4),703,PSMC2,PSMC2,P35998,-0.25035478,0.140949401,0.746237814,soluble,IMR90_fibroblast,E703,False
RAS SASP (Day 4),704,CFL1,CFL1,P23528,-0.25449368,0.191154408,1.526889682,soluble,IMR90_fibroblast,E704,False
RAS SASP (Day 4),705,MYH14,MYH14,Q7Z406,-0.254676516,0.150645179,0.135853469,soluble,IMR90_fibroblast,E705,False
RAS SASP (Day 4),706,PZP,PZP,P20742,-0.256342983,,,soluble,IMR90_fibroblast,E706,False
RAS SASP (Day 4),707,CTNNA1,CTNNA1,P35221,-0.26578147,0.009303493,0.273973048,soluble,IMR90_fibroblast,E707,False
RAS SASP (Day 4),708,A2M,A2M,P01023,-0.267630054,0.084077367,2.159011364,soluble,IMR90_fibroblast,E708,False
RAS SASP (Day 4),709,PC,PC,P11498,-0.270142991,0.264505767,1.445002675,soluble,IMR90_fibroblast,E709,False
RAS SASP (Day 4),710,TKT,TKT,P29401,-0.278600656,2.24e-06,2.093302011,soluble,IMR90_fibroblast,E710,False
RAS SASP (Day 4),711,FABP3,FABP3,P05413,-0.281973502,0.003275881,0.111433424,soluble,IMR90_fibroblast,E711,False
RAS SASP (Day 4),712,CSRP1,CSRP1,P21291,-0.28716334,0.000429643,1.171564221,soluble,IMR90_fibroblast,E712,False
RAS SASP (Day 4),713,DBN1,DBN1,Q16643,-0.293826217,8.99e-09,0.509780884,soluble,IMR90_fibroblast,E713,False
RAS SASP (Day 4),714,KRT10,KRT10,P13645,-0.303659173,4.44e-19,1.278829336,soluble,IMR90_fibroblast,E714,False
RAS SASP (Day 4),715,RPL24,RPL24,P83731,-0.31035771,0.024322557,0.987830281,soluble,IMR90_fibroblast,E715,False
RAS SASP (Day 4),716,ACTC1,ACTC1,P68032,-0.310412929,0.087685764,0.945905209,soluble,IMR90_fibroblast,E716,False
RAS SASP (Day 4),717,COL18A1,COL18A1,P39060,-0.310999404,0.056910805,1.313967466,soluble,IMR90_fibroblast,E717,False
RAS SASP (Day 4),718,TUBAL3,TUBAL3,A6NHL2,-0.313518802,0.108304197,0.624701202,soluble,IMR90_fibroblast,E718,False
RAS SASP (Day 4),719,CALM1,CALM1,P62158,-0.314193171,0.001174438,0.817669451,soluble,IMR90_fibroblast,E719,False
RAS SASP (Day 4),720,TSPAN3,TSPAN3,O60637,-0.317821052,0.202889064,0.183863044,soluble,IMR90_fibroblast,E720,False
RAS SASP (Day 4),721,MYH9,MYH9,P35579,-0.317868642,1.59e-14,0.85720259,soluble,IMR90_fibroblast,E721,False
RAS SASP (Day 4),722,RPL39;RPL39P5,,P62891;Q59GN2,-0.321879794,0.144783299,0.37497893,soluble,IMR90_fibroblast,E722,False
RAS SASP (Day 4),723,CANX,CANX,P27824,-0.321921526,,,soluble,IMR90_fibroblast,E723,False
RAS SASP (Day 4),724,SERPINF1,SERPINF1,P36955,-0.32458963,4.04e-12,0.521563292,soluble,IMR90_fibroblast,E724,False
RAS SASP (Day 4),725,UBE2D3;UBE2D2,,P61077;P62837,-0.327046176,0.14964294,1.374930501,soluble,IMR90_fibroblast,E725,False
RAS SASP (Day 4),726,CAND1,CAND1,Q86VP6,-0.327495575,0.01517649,0.754065454,soluble,IMR90_fibroblast,E726,False
RAS SASP (Day 4),727,GGCT,GGCT,O75223,-0.329329723,0.003901899,0.054355014,soluble,IMR90_fibroblast,E727,False
RAS SASP (Day 4),728,ARPC5L,ARPC5L,Q9BPX5,-0.330305699,0.216212087,2.819210052,soluble,IMR90_fibroblast,E728,False
RAS SASP (Day 4),729,COL5A1,COL5A1,P20908,-0.331772283,0.001711453,1.156687856,soluble,IMR90_fibroblast,E729,False
RAS SASP (Day 4),730,PFN1,PFN1,P07737,-0.333999397,0.006030959,1.199994206,soluble,IMR90_fibroblast,E730,False
RAS SASP (Day 4),731,KRT2,KRT2,P35908,-0.336178583,1e-08,1.240148664,soluble,IMR90_fibroblast,E731,False
RAS SASP (Day 4),732,FKBP1A,FKBP1A,P62942,-0.338910284,1.07e-06,0.457624942,soluble,IMR90_fibroblast,E732,False
RAS SASP (Day 4),733,RPS23,RPS23,P62266,-0.340839078,0.051345854,2.247697592,soluble,IMR90_fibroblast,E733,False
RAS SASP (Day 4),734,RDX,RDX,P35241,-0.342402189,0.003623338,0.999690056,soluble,IMR90_fibroblast,E734,False
RAS SASP (Day 4),735,TAGLN2,TAGLN2,P37802,-0.342808451,0.175763758,1.232255936,soluble,IMR90_fibroblast,E735,False
RAS SASP (Day 4),736,TBCA,TBCA,O75347,-0.350785844,1.9e-16,0.350555837,soluble,IMR90_fibroblast,E736,False
RAS SASP (Day 4),737,DTD1,DTD1,Q8TEA8,-0.365853385,0.051101766,0.116697922,soluble,IMR90_fibroblast,E737,False
RAS SASP (Day 4),738,ACAP1,ACAP1,Q15027,-0.36764535,0.001591829,0.32248497,soluble,IMR90_fibroblast,E738,False
RAS SASP (Day 4),739,MAPK15,MAPK15,Q8TD08,-0.373782902,0.002011697,0.169948265,soluble,IMR90_fibroblast,E739,False
RAS SASP (Day 4),740,RPS27;RPS27L,,P42677;Q71UM5,-0.374959562,9.81e-05,0.191180363,soluble,IMR90_fibroblast,E740,False
RAS SASP (Day 4),741,CCAR2,CCAR2,Q8N163,-0.377764378,0.186160642,1.4971416,soluble,IMR90_fibroblast,E741,False
RAS SASP (Day 4),742,OXSR1,OXSR1,O95747,-0.380357802,0.233701307,0.658133447,soluble,IMR90_fibroblast,E742,False
RAS SASP (Day 4),743,CKAP4,CKAP4,Q07065,-0.38177014,0.004216719,1.605170727,soluble,IMR90_fibroblast,E743,False
RAS SASP (Day 4),744,RPS9,RPS9,P46781,-0.382099341,1.13e-06,0.285825878,soluble,IMR90_fibroblast,E744,False
RAS SASP (Day 4),745,HEBP1,HEBP1,Q9NRV9,-0.385404986,,,soluble,IMR90_fibroblast,E745,False
RAS SASP (Day 4),746,EWSR1,EWSR1,Q01844,-0.398508703,,,soluble,IMR90_fibroblast,E746,False
RAS SASP (Day 4),747,GRN,GRN,P28799,-0.40749879,8.35e-05,1.009488463,soluble,IMR90_fibroblast,E747,False
RAS SASP (Day 4),748,RPL34,RPL34,P49207,-0.408190203,4.64e-07,0.330697596,soluble,IMR90_fibroblast,E748,False
RAS SASP (Day 4),749,STC2,STC2,O76061,-0.413530575,0.164936288,1.402156949,soluble,IMR90_fibroblast,E749,False
RAS SASP (Day 4),750,RPS19,RPS19,P39019,-0.414355521,0.08086487,0.157182246,soluble,IMR90_fibroblast,E750,False
RAS SASP (Day 4),751,CCDC80,CCDC80,Q76M96,-0.422083811,,,soluble,IMR90_fibroblast,E751,False
RAS SASP (Day 4),752,A1BG,A1BG,P04217,-0.42391343,0.161317322,2.982924223,soluble,IMR90_fibroblast,E752,False
RAS SASP (Day 4),753,EFEMP2,EFEMP2,O95967,-0.425996165,9.95e-09,0.450475812,soluble,IMR90_fibroblast,E753,False
RAS SASP (Day 4),754,RPS8,RPS8,P62241,-0.427317218,4.09e-05,0.757576406,soluble,IMR90_fibroblast,E754,False
RAS SASP (Day 4),755,TIMP2,TIMP2,P16035,-0.430324506,0.028657534,0.923266411,soluble,IMR90_fibroblast,E755,False
RAS SASP (Day 4),756,KRT6B,KRT6B,P04259,-0.44162395,0.03223925,1.215248466,soluble,IMR90_fibroblast,E756,False
RAS SASP (Day 4),757,DTYMK,DTYMK,P23919,-0.445242149,,,soluble,IMR90_fibroblast,E757,False
RAS SASP (Day 4),758,SH3GL1,SH3GL1,Q99961,-0.445280016,0.000227838,0.260045588,soluble,IMR90_fibroblast,E758,False
RAS SASP (Day 4),759,SNX3,SNX3,O60493,-0.452362239,0.110054495,0.935487032,soluble,IMR90_fibroblast,E759,False
RAS SASP (Day 4),760,RPL23,RPL23,P62829,-0.452532073,7.62e-06,0.314253479,soluble,IMR90_fibroblast,E760,False
RAS SASP (Day 4),761,EEF1B2,EEF1B2,P24534,-0.452737193,0.075874937,2.185254812,soluble,IMR90_fibroblast,E761,False
RAS SASP (Day 4),762,CROCC,CROCC,Q5TZA2,-0.453098293,0.000119465,0.194616362,soluble,IMR90_fibroblast,E762,False
RAS SASP (Day 4),763,RPL36,RPL36,Q9Y3U8,-0.457380323,0.000108816,0.348968536,soluble,IMR90_fibroblast,E763,False
RAS SASP (Day 4),764,AKAP2,AKAP2,Q9Y2D5,-0.457964396,0.002623926,0.398567379,soluble,IMR90_fibroblast,E764,False
RAS SASP (Day 4),765,RPL13,RPL13,P26373,-0.458260679,1.18e-05,0.825987458,soluble,IMR90_fibroblast,E765,False
RAS SASP (Day 4),766,PDCD5,PDCD5,O14737,-0.461373537,1.81e-06,0.73208791,soluble,IMR90_fibroblast,E766,False
RAS SASP (Day 4),767,CLIC6,CLIC6,Q96NY7,-0.469349026,0.000108618,0.261416495,soluble,IMR90_fibroblast,E767,False
RAS SASP (Day 4),768,PSMD12,PSMD12,O00232,-0.472527079,,,soluble,IMR90_fibroblast,E768,False
RAS SASP (Day 4),769,MTHFD1,MTHFD1,P11586,-0.472877842,,,soluble,IMR90_fibroblast,E769,False
RAS SASP (Day 4),770,RPS25,RPS25,P62851,-0.473886823,1.56e-06,0.429312944,soluble,IMR90_fibroblast,E770,False
RAS SASP (Day 4),771,KRT14,KRT14,P02533,-0.474847516,1.66e-08,1.259113669,soluble,IMR90_fibroblast,E771,False
RAS SASP (Day 4),772,RPL4,RPL4,P36578,-0.476951213,4.17e-07,0.625205278,soluble,IMR90_fibroblast,E772,False
RAS SASP (Day 4),773,BAG6,BAG6,P46379,-0.47799633,0.182577025,1.980036378,soluble,IMR90_fibroblast,E773,False
RAS SASP (Day 4),774,ANXA5,ANXA5,P08758,-0.481699186,0.016780978,1.623680711,soluble,IMR90_fibroblast,E774,False
RAS SASP (Day 4),775,KRT5,KRT5,P13647,-0.484854796,0.000138589,1.563079357,soluble,IMR90_fibroblast,E775,False
RAS SASP (Day 4),776,POTEJ,POTEJ,P0CG39,-0.487364421,0.08001825,1.443362117,soluble,IMR90_fibroblast,E776,False
RAS SASP (Day 4),777,AHNAK,AHNAK,Q09666,-0.489445096,8.83e-08,1.08035183,soluble,IMR90_fibroblast,E777,False
RAS SASP (Day 4),778,CTNNB1,CTNNB1,P35222,-0.493088001,0.088291036,2.404716015,soluble,IMR90_fibroblast,E778,False
RAS SASP (Day 4),779,RPS3A,RPS3A,P61247,-0.501582734,8.47e-08,0.922352433,soluble,IMR90_fibroblast,E779,False
RAS SASP (Day 4),780,RPL10,RPL10,P27635,-0.503165969,0.002647978,0.156979293,soluble,IMR90_fibroblast,E780,False
RAS SASP (Day 4),781,CLIC1,CLIC1,O00299,-0.504612037,6.21e-14,0.693997025,soluble,IMR90_fibroblast,E781,False
RAS SASP (Day 4),782,RPL27,RPL27,P61353,-0.5064804,3.29e-05,0.691302121,soluble,IMR90_fibroblast,E782,False
RAS SASP (Day 4),783,HGS,HGS,O14964,-0.520970038,0.146753566,1.353429794,soluble,IMR90_fibroblast,E783,False
RAS SASP (Day 4),784,PPIA,PPIA,P62937,-0.524281629,0.210369307,1.389311671,soluble,IMR90_fibroblast,E784,False
RAS SASP (Day 4),785,IMMT,IMMT,Q16891,-0.526321959,0.049049522,0.708383083,soluble,IMR90_fibroblast,E785,False
RAS SASP (Day 4),786,RPL19,RPL19,P84098,-0.53422709,0.000143168,0.355845928,soluble,IMR90_fibroblast,E786,False
RAS SASP (Day 4),787,SH3BGRL3,SH3BGRL3,Q9H299,-0.540397358,0.024416868,0.88982445,soluble,IMR90_fibroblast,E787,False
RAS SASP (Day 4),788,IQGAP2,IQGAP2,Q13576,-0.543757037,0.001298202,0.310032517,soluble,IMR90_fibroblast,E788,False
RAS SASP (Day 4),789,MAP3K5,MAP3K5,Q99683,-0.546321149,0.131821814,0.813203394,soluble,IMR90_fibroblast,E789,False
RAS SASP (Day 4),790,MDN1,MDN1,Q9NU22,-0.550305934,0.059039873,1.263711095,soluble,IMR90_fibroblast,E790,False
RAS SASP (Day 4),791,KRT9,KRT9,P35527,-0.550708974,1.42e-06,1.711634278,soluble,IMR90_fibroblast,E791,False
RAS SASP (Day 4),792,PITPNA,PITPNA,Q00169,-0.564433019,0.178978832,0.690196216,soluble,IMR90_fibroblast,E792,False
RAS SASP (Day 4),793,KRT73,KRT73,Q86Y46,-0.56788583,0.03044297,1.06812048,soluble,IMR90_fibroblast,E793,False
RAS SASP (Day 4),794,POTEF,POTEF,A5A3E0,-0.568612229,0.054816087,0.745858073,soluble,IMR90_fibroblast,E794,False
RAS SASP (Day 4),795,KRT1,KRT1,P04264,-0.573742194,1.27e-12,1.329595566,soluble,IMR90_fibroblast,E795,False
RAS SASP (Day 4),796,CDH6,CDH6,P55285,-0.578769347,3.36e-05,0.621720791,soluble,IMR90_fibroblast,E796,False
RAS SASP (Day 4),797,KRT16,KRT16,P08779,-0.579468603,0.000313437,1.460632801,soluble,IMR90_fibroblast,E797,False
RAS SASP (Day 4),798,BOLA2,BOLA2,Q9H3K6,-0.584005214,,,soluble,IMR90_fibroblast,E798,False
RAS SASP (Day 4),799,UFM1,UFM1,P61960,-0.58426386,0.001874283,0.740635693,soluble,IMR90_fibroblast,E799,False
RAS SASP (Day 4),800,PLOD2,PLOD2,O00469,-0.586169589,5.59e-09,0.665370047,soluble,IMR90_fibroblast,E800,False
RAS SASP (Day 4),801,TNKS1BP1,TNKS1BP1,Q9C0C2,-0.586283703,,,soluble,IMR90_fibroblast,E801,False
RAS SASP (Day 4),802,FBN2,FBN2,P35556,-0.589095483,0.282815149,2.365702629,soluble,IMR90_fibroblast,E802,False
RAS SASP (Day 4),803,GAPDH,GAPDH,P04406,-0.597981709,5.58e-11,1.244995713,soluble,IMR90_fibroblast,E803,False
RAS SASP (Day 4),804,FABP5,FABP5,Q01469,-0.607043082,0.011374346,1.074618816,soluble,IMR90_fibroblast,E804,False
RAS SASP (Day 4),805,KRT6A,KRT6A,P02538,-0.608167757,1.96e-09,1.256119609,soluble,IMR90_fibroblast,E805,False
RAS SASP (Day 4),806,MSN,MSN,P26038,-0.608660585,9.7e-12,1.053712487,soluble,IMR90_fibroblast,E806,False
RAS SASP (Day 4),807,FKBP15,FKBP15,Q5T1M5,-0.61077095,,,soluble,IMR90_fibroblast,E807,False
RAS SASP (Day 4),808,RPL32,RPL32,P62910,-0.631001537,0.056776263,0.847326875,soluble,IMR90_fibroblast,E808,False
RAS SASP (Day 4),809,FBN1,FBN1,P35555,-0.637706191,7.52e-14,0.969279945,soluble,IMR90_fibroblast,E809,False
RAS SASP (Day 4),810,CCT6B,CCT6B,Q92526,-0.642482742,0.195354937,0.731217921,soluble,IMR90_fibroblast,E810,False
RAS SASP (Day 4),811,LAMA4,LAMA4,Q16363,-0.645181656,2.97e-05,1.295897007,soluble,IMR90_fibroblast,E811,False
RAS SASP (Day 4),812,USP17L3;USP17L5;USP17L15;USP17L10;USP17L13;USP17L12;USP17L11;USP17L21;USP17L18;USP17L22;USP17L17;USP17L19;USP17L20;USP17L24;USP17L1,,A6NCW0;A8MUK1;C9J2P7;C9JJH3;C9JLJ4;C9JPN9;C9JVI0;D6R901;D6R9N7;D6RA61;D6RBQ6;D6RCP7;D6RJB6;Q0WX57;Q7RTZ2,-0.64801614,0.000174099,0.346896231,soluble,IMR90_fibroblast,E812,False
RAS SASP (Day 4),813,GREM1;GREM2,,O60565;Q9H772,-0.653855848,0.073959206,1.760700583,soluble,IMR90_fibroblast,E813,False
RAS SASP (Day 4),814,KPNA2,KPNA2,P52292,-0.653887504,,,soluble,IMR90_fibroblast,E814,False
RAS SASP (Day 4),815,PPIB,PPIB,P23284,-0.659376816,0.010311137,0.93065697,soluble,IMR90_fibroblast,E815,False
RAS SASP (Day 4),816,HIST2H2AB,HIST2H2AB,Q8IUE6,-0.685849819,,,soluble,IMR90_fibroblast,E816,False
RAS SASP (Day 4),817,ADM,ADM,P35318,-0.687249285,0.073695127,1.196421385,soluble,IMR90_fibroblast,E817,False
RAS SASP (Day 4),818,TXNDC17,TXNDC17,Q9BRA2,-0.689250079,0.003175422,1.571150899,soluble,IMR90_fibroblast,E818,False
RAS SASP (Day 4),819,IGFBP4,IGFBP4,P22692,-0.689972889,4.08e-14,0.476743132,soluble,IMR90_fibroblast,E819,False
RAS SASP (Day 4),820,UCHL3,UCHL3,P15374,-0.690889364,0.015000942,0.450352758,soluble,IMR90_fibroblast,E820,False
RAS SASP (Day 4),821,HBD;HBE1;HBB;HBG1;HBG2,,P02042;P02100;P68871;P69891;P69892,-0.691668686,0.005779943,0.637753725,soluble,IMR90_fibroblast,E821,False
RAS SASP (Day 4),822,PNP,PNP,P00491,-0.69786126,,,soluble,IMR90_fibroblast,E822,False
RAS SASP (Day 4),823,NDRG1,NDRG1,Q92597,-0.701864418,0.265915374,2.57969451,soluble,IMR90_fibroblast,E823,False
RAS SASP (Day 4),824,RPL31,RPL31,P62899,-0.702640723,5.75e-10,0.254293621,soluble,IMR90_fibroblast,E824,False
RAS SASP (Day 4),825,RPL6,RPL6,Q02878,-0.703785976,0.00019071,1.229161143,soluble,IMR90_fibroblast,E825,False
RAS SASP (Day 4),826,GSPT1,GSPT1,P15170,-0.704252666,0.037557648,0.17486237,soluble,IMR90_fibroblast,E826,False
RAS SASP (Day 4),827,F2,F2,P00734,-0.705966281,0.258161413,1.728456736,soluble,IMR90_fibroblast,E827,False
RAS SASP (Day 4),828,LCA5L,LCA5L,O95447,-0.712829983,1.83e-06,0.197946846,soluble,IMR90_fibroblast,E828,False
RAS SASP (Day 4),829,ANXA6,ANXA6,P08133,-0.719195728,9.11e-06,1.148297191,soluble,IMR90_fibroblast,E829,False
RAS SASP (Day 4),830,RPS27A,RPS27A,P62979,-0.722721848,8.19e-07,0.70979315,soluble,IMR90_fibroblast,E830,False
RAS SASP (Day 4),831,ARPC5,ARPC5,O15511,-0.723603093,0.00156804,0.668298125,soluble,IMR90_fibroblast,E831,False
RAS SASP (Day 4),832,RPL7,RPL7,P18124,-0.735701761,0.002509833,0.742290914,soluble,IMR90_fibroblast,E832,False
RAS SASP (Day 4),833,LMNB2,LMNB2,Q03252,-0.737104758,0.063112575,3.112574816,soluble,IMR90_fibroblast,E833,False
RAS SASP (Day 4),834,IGF2,IGF2,P01344,-0.739220379,0.013021178,0.808948815,soluble,IMR90_fibroblast,E834,False
RAS SASP (Day 4),835,RPL8,RPL8,P62917,-0.741830169,1.18e-11,0.4155339,soluble,IMR90_fibroblast,E835,False
RAS SASP (Day 4),836,STIM2,STIM2,Q9P246,-0.763706664,0.018033893,0.993557453,soluble,IMR90_fibroblast,E836,False
RAS SASP (Day 4),837,NID2,NID2,Q14112,-0.777267505,2.94e-21,0.963498592,soluble,IMR90_fibroblast,E837,False
RAS SASP (Day 4),838,RPS15,RPS15,P62841,-0.780157883,,,soluble,IMR90_fibroblast,E838,False
RAS SASP (Day 4),839,MMP2,MMP2,P08253,-0.780668319,5.72e-06,0.25499332,soluble,IMR90_fibroblast,E839,False
RAS SASP (Day 4),840,RBP4,RBP4,P02753,-0.783396505,0.01517649,1.588782787,soluble,IMR90_fibroblast,E840,False
RAS SASP (Day 4),841,RPL14,RPL14,P50914,-0.783630169,5.6e-08,0.460655361,soluble,IMR90_fibroblast,E841,False
RAS SASP (Day 4),842,DSP,DSP,P15924,-0.784441553,0.1663875,1.813926101,soluble,IMR90_fibroblast,E842,False
RAS SASP (Day 4),843,RPL22,RPL22,P35268,-0.788413113,0.000706425,0.736102045,soluble,IMR90_fibroblast,E843,False
RAS SASP (Day 4),844,ALB,ALB,P02768,-0.791122307,0.026670311,1.981111288,soluble,IMR90_fibroblast,E844,False
RAS SASP (Day 4),845,IGF2BP2,IGF2BP2,Q9Y6M1,-0.811344141,,,soluble,IMR90_fibroblast,E845,False
RAS SASP (Day 4),846,DNAJA2,DNAJA2,O60884,-0.812269225,0.000607259,0.044845495,soluble,IMR90_fibroblast,E846,False
RAS SASP (Day 4),847,SERPING1,SERPING1,P05155,-0.812405271,1.1e-08,0.693699777,soluble,IMR90_fibroblast,E847,False
RAS SASP (Day 4),848,S100A6,S100A6,P06703,-0.814135188,4.47e-18,0.444094718,soluble,IMR90_fibroblast,E848,False
RAS SASP (Day 4),849,UBE2K,UBE2K,P61086,-0.828154468,0.103782168,0.568748116,soluble,IMR90_fibroblast,E849,False
RAS SASP (Day 4),850,CCT6A,CCT6A,P40227,-0.830687142,0.006108653,1.33716619,soluble,IMR90_fibroblast,E850,False
RAS SASP (Day 4),851,CCDC117,CCDC117,Q8IWD4,-0.833847515,,,soluble,IMR90_fibroblast,E851,False
RAS SASP (Day 4),852,KRT7,KRT7,P08729,-0.844510338,0.012744123,0.982859075,soluble,IMR90_fibroblast,E852,False
RAS SASP (Day 4),853,RPL7A,RPL7A,P62424,-0.84725926,0.000445012,1.214190602,soluble,IMR90_fibroblast,E853,False
RAS SASP (Day 4),854,MAN2B1,MAN2B1,O00754,-0.847761889,,,soluble,IMR90_fibroblast,E854,False
RAS SASP (Day 4),855,KRT20,KRT20,P35900,-0.851835878,0.030335371,1.392963052,soluble,IMR90_fibroblast,E855,False
RAS SASP (Day 4),856,NACAP1,NACAP1,Q9BZK3,-0.85332442,0.142447004,1.401882529,soluble,IMR90_fibroblast,E856,False
RAS SASP (Day 4),857,EHD2,EHD2,Q9NZN4,-0.865647965,0.049786155,1.319214106,soluble,IMR90_fibroblast,E857,False
RAS SASP (Day 4),858,PDCD6IP,PDCD6IP,Q8WUM4,-0.869296476,1.76e-06,1.010545015,soluble,IMR90_fibroblast,E858,False
RAS SASP (Day 4),859,RAB2A,RAB2A,P61019,-0.874935667,,,soluble,IMR90_fibroblast,E859,False
RAS SASP (Day 4),860,CLU,CLU,P10909,-0.883815796,5.4e-36,0.522830904,soluble,IMR90_fibroblast,E860,False
RAS SASP (Day 4),861,CTSZ,CTSZ,Q9UBR2,-0.892075559,2.1e-20,0.335012257,soluble,IMR90_fibroblast,E861,False
RAS SASP (Day 4),862,PLXNB2,PLXNB2,O15031,-0.904756419,0.046472224,0.336757749,soluble,IMR90_fibroblast,E862,False
RAS SASP (Day 4),863,RPL15,RPL15,P61313,-0.917638033,6.5e-09,0.413476884,soluble,IMR90_fibroblast,E863,False
RAS SASP (Day 4),864,CAP1,CAP1,Q01518,-0.927692392,1.31e-10,1.170959473,soluble,IMR90_fibroblast,E864,False
RAS SASP (Day 4),865,PDGFRB,PDGFRB,P09619,-0.9311276,,,soluble,IMR90_fibroblast,E865,False
RAS SASP (Day 4),866,PBDC1,PBDC1,Q9BVG4,-0.942764496,,,soluble,IMR90_fibroblast,E866,False
RAS SASP (Day 4),867,MT2A,MT2A,P02795,-0.956746217,0.296783943,3.303884268,soluble,IMR90_fibroblast,E867,False
RAS SASP (Day 4),868,SERPINA1,SERPINA1,P01009,-0.968921012,,,soluble,IMR90_fibroblast,E868,False
RAS SASP (Day 4),869,NOMO3;NOMO1;NOMO2,,P69849;Q15155;Q5JPE7,-0.97016692,0.091178809,2.01655817,soluble,IMR90_fibroblast,E869,False
RAS SASP (Day 4),870,MFGE8,MFGE8,Q08431,-0.972637649,4.47e-18,0.805048466,soluble,IMR90_fibroblast,E870,False
RAS SASP (Day 4),871,TRIM47,TRIM47,Q96LD4,-0.979237639,0.0985833,1.40812099,soluble,IMR90_fibroblast,E871,False
RAS SASP (Day 4),872,RPL18,RPL18,Q07020,-0.984975226,8.52e-07,0.542423546,soluble,IMR90_fibroblast,E872,False
RAS SASP (Day 4),873,BGN,BGN,P21810,-0.98575423,2.73e-16,1.191028714,soluble,IMR90_fibroblast,E873,False
RAS SASP (Day 4),874,CPQ,CPQ,Q9Y646,-0.985943919,0.013113527,0.502170146,soluble,IMR90_fibroblast,E874,False
RAS SASP (Day 4),875,EPS8L2,EPS8L2,Q9H6S3,-0.986807562,0.100491501,2.461254835,soluble,IMR90_fibroblast,E875,False
RAS SASP (Day 4),876,LRP8,LRP8,Q14114,-0.99201433,3.02e-06,0.291526496,soluble,IMR90_fibroblast,E876,False
RAS SASP (Day 4),877,THBS4;COMP,,P35443;P49747,-0.9927717,0.176717394,1.340413809,soluble,IMR90_fibroblast,E877,False
RAS SASP (Day 4),878,EZR,EZR,P15311,-1.005655496,1.76e-11,0.628122449,soluble,IMR90_fibroblast,E878,False
RAS SASP (Day 4),879,FSTL1,FSTL1,Q12841,-1.007118882,2.25e-11,0.855106473,soluble,IMR90_fibroblast,E879,False
RAS SASP (Day 4),880,NACA,NACA,E9PAV3;Q13765,-1.041639199,0.247747975,0.910942435,soluble,IMR90_fibroblast,E880,False
RAS SASP (Day 4),881,CALU,CALU,O43852,-1.041914348,6.8e-18,0.787867904,soluble,IMR90_fibroblast,E881,False
RAS SASP (Day 4),882,H2AFY,H2AFY,O75367,-1.051110827,,,soluble,IMR90_fibroblast,E882,False
RAS SASP (Day 4),883,UBE2M,UBE2M,P61081,-1.052743268,0.055204025,1.06281054,soluble,IMR90_fibroblast,E883,False
RAS SASP (Day 4),884,RAB11B,RAB11B,Q15907,-1.071366026,1.89e-12,0.47739166,soluble,IMR90_fibroblast,E884,False
RAS SASP (Day 4),885,PSMC5,PSMC5,P62195,-1.071697265,0.003320933,0.74858886,soluble,IMR90_fibroblast,E885,False
RAS SASP (Day 4),886,GC,GC,P02774,-1.073069439,0.00174658,1.601062417,soluble,IMR90_fibroblast,E886,False
RAS SASP (Day 4),887,TRIM4,TRIM4,Q9C037,-1.077526476,0.026306065,1.226256013,soluble,IMR90_fibroblast,E887,False
RAS SASP (Day 4),888,GGH,GGH,Q92820,-1.080012833,1.74e-07,0.722850561,soluble,IMR90_fibroblast,E888,False
RAS SASP (Day 4),889,RAB35,RAB35,Q15286,-1.082760801,0.266121417,2.982447863,soluble,IMR90_fibroblast,E889,False
RAS SASP (Day 4),890,MACF1,MACF1,Q9UPN3,-1.097992152,0.285945013,0.453392684,soluble,IMR90_fibroblast,E890,False
RAS SASP (Day 4),891,COG1,COG1,Q8WTW3,-1.100236222,0.011339865,0.995208859,soluble,IMR90_fibroblast,E891,False
RAS SASP (Day 4),892,SRRT,SRRT,Q9BXP5,-1.10355506,0.024226142,1.095175266,soluble,IMR90_fibroblast,E892,False
RAS SASP (Day 4),893,RABL3,RABL3,Q5HYI8,-1.107792801,,,soluble,IMR90_fibroblast,E893,False
RAS SASP (Day 4),894,S100A13,S100A13,Q99584,-1.119684401,0.026334154,0.151838005,soluble,IMR90_fibroblast,E894,False
RAS SASP (Day 4),895,NNMT,NNMT,P40261,-1.120674633,0.033139378,1.133293629,soluble,IMR90_fibroblast,E895,False
RAS SASP (Day 4),896,EIF3K,EIF3K,Q9UBQ5,-1.121962097,0.14964294,1.270013332,soluble,IMR90_fibroblast,E896,False
RAS SASP (Day 4),897,PLG,PLG,P00747,-1.122939878,0.007722355,0.612647831,soluble,IMR90_fibroblast,E897,False
RAS SASP (Day 4),898,SERPINC1,SERPINC1,P01008,-1.130240339,1.38e-06,0.621630371,soluble,IMR90_fibroblast,E898,False
RAS SASP (Day 4),899,FBLN5,FBLN5,Q9UBX5,-1.148609516,3.16e-19,0.403131902,soluble,IMR90_fibroblast,E899,False
RAS SASP (Day 4),900,OSTF1,OSTF1,Q92882,-1.151542096,0.003628757,0.105735883,soluble,IMR90_fibroblast,E900,False
RAS SASP (Day 4),901,SERPINF2,SERPINF2,P08697,-1.154116488,0.006942299,1.178048968,soluble,IMR90_fibroblast,E901,False
RAS SASP (Day 4),902,RRP7A,RRP7A,Q9Y3A4,-1.157553019,0.003560862,0.409192771,soluble,IMR90_fibroblast,E902,False
RAS SASP (Day 4),903,NEFL,NEFL,P07196,-1.158704507,0.058763669,0.920624793,soluble,IMR90_fibroblast,E903,False
RAS SASP (Day 4),904,RPL18A,RPL18A,Q02543,-1.159790644,0.024322557,0.193201885,soluble,IMR90_fibroblast,E904,False
RAS SASP (Day 4),905,LARP7,LARP7,Q4G0J3,-1.16324682,0.007588728,0.574713409,soluble,IMR90_fibroblast,E905,False
RAS SASP (Day 4),906,PCOLCE,PCOLCE,Q15113,-1.167287488,5.77e-07,1.153000474,soluble,IMR90_fibroblast,E906,False
RAS SASP (Day 4),907,EMILIN1,EMILIN1,Q9Y6C2,-1.171353373,3.64e-16,1.209066987,soluble,IMR90_fibroblast,E907,False
RAS SASP (Day 4),908,MYL1;MYL3,,P05976;P08590,-1.175144281,0.00075,0.312379628,soluble,IMR90_fibroblast,E908,False
RAS SASP (Day 4),909,CALD1,CALD1,Q05682,-1.180386394,0.180760852,1.589756727,soluble,IMR90_fibroblast,E909,False
RAS SASP (Day 4),910,PSAP,PSAP,P07602,-1.18508437,8.61e-38,0.818572879,soluble,IMR90_fibroblast,E910,False
RAS SASP (Day 4),911,MAP2K1,MAP2K1,Q02750,-1.189172048,0.010646419,0.901700556,soluble,IMR90_fibroblast,E911,False
RAS SASP (Day 4),912,C3,C3,P01024,-1.201760441,0.00018575,0.770984352,soluble,IMR90_fibroblast,E912,False
RAS SASP (Day 4),913,AHSG,AHSG,P02765,-1.204875568,0.056785415,1.984188795,soluble,IMR90_fibroblast,E913,False
RAS SASP (Day 4),914,LAMC1,LAMC1,P11047,-1.20849068,5.13e-49,1.151498914,soluble,IMR90_fibroblast,E914,False
RAS SASP (Day 4),915,GLG1,GLG1,Q92896,-1.208602386,,,soluble,IMR90_fibroblast,E915,False
RAS SASP (Day 4),916,CASP12,CASP12,Q6UXS9,-1.21160034,1.45e-05,0.481169194,soluble,IMR90_fibroblast,E916,False
RAS SASP (Day 4),917,ARF4,ARF4,P18085,-1.218396522,0.053468467,2.044498444,soluble,IMR90_fibroblast,E917,False
RAS SASP (Day 4),918,CTGF,CTGF,P29279,-1.222419404,0.001019137,1.419925213,soluble,IMR90_fibroblast,E918,False
RAS SASP (Day 4),919,PSMB5,PSMB5,P28074,-1.22955577,0.244493541,0.459882051,soluble,IMR90_fibroblast,E919,False
RAS SASP (Day 4),920,TF,TF,P02787,-1.233704613,9.42e-05,0.74708277,soluble,IMR90_fibroblast,E920,False
RAS SASP (Day 4),921,RIC8B,RIC8B,Q9NVN3,-1.239071081,0.002967709,0.502203405,soluble,IMR90_fibroblast,E921,False
RAS SASP (Day 4),922,RPL13A,RPL13A,P40429,-1.239071401,0.003275881,0.514367044,soluble,IMR90_fibroblast,E922,False
RAS SASP (Day 4),923,S100A16,S100A16,Q96FQ6,-1.24235594,0.003369948,1.238922715,soluble,IMR90_fibroblast,E923,False
RAS SASP (Day 4),924,CHMP4A,CHMP4A,Q9BY43,-1.250999868,0.00097308,0.560908556,soluble,IMR90_fibroblast,E924,False
RAS SASP (Day 4),925,GMPS,GMPS,P49915,-1.252262718,0.002320958,0.372838348,soluble,IMR90_fibroblast,E925,False
RAS SASP (Day 4),926,RAB1B,RAB1B,Q9H0U4,-1.259048319,0.01517649,1.999362111,soluble,IMR90_fibroblast,E926,False
RAS SASP (Day 4),927,DDT,DDT,P30046,-1.278435741,,,soluble,IMR90_fibroblast,E927,False
RAS SASP (Day 4),928,TTYH3,TTYH3,Q9C0H2,-1.281916527,0.003390249,0.564218998,soluble,IMR90_fibroblast,E928,False
RAS SASP (Day 4),929,AAAS,AAAS,Q9NRG9,-1.284595003,0.001588246,0.575688303,soluble,IMR90_fibroblast,E929,False
RAS SASP (Day 4),930,RAB15,RAB15,P59190,-1.292874789,0.00538618,1.067439198,soluble,IMR90_fibroblast,E930,False
RAS SASP (Day 4),931,RAB33B,RAB33B,Q9H082,-1.293541101,0.004646702,1.04131341,soluble,IMR90_fibroblast,E931,False
RAS SASP (Day 4),932,LOXL2,LOXL2,Q9Y4K0,-1.300161476,1.34e-10,1.007993221,soluble,IMR90_fibroblast,E932,False
RAS SASP (Day 4),933,NUCB2,NUCB2,P80303,-1.302949706,3.56e-07,0.747652769,soluble,IMR90_fibroblast,E933,False
RAS SASP (Day 4),934,ANG,ANG,P03950,-1.34027155,0.070026702,0.485124677,soluble,IMR90_fibroblast,E934,False
RAS SASP (Day 4),935,COL6A1,COL6A1,P12109,-1.351958081,4.13e-48,1.168271303,soluble,IMR90_fibroblast,E935,False
RAS SASP (Day 4),936,DYNC1LI2,DYNC1LI2,O43237,-1.361661427,0.043629099,0.120503433,soluble,IMR90_fibroblast,E936,False
RAS SASP (Day 4),937,PRSS1;PRSS2;PRSS3P2,,P07477;P07478;Q8NHM4,-1.37257761,0.114263203,0.90320307,soluble,IMR90_fibroblast,E937,False
RAS SASP (Day 4),938,EXT2,EXT2,Q93063,-1.374315478,0.012453268,0.474412084,soluble,IMR90_fibroblast,E938,False
RAS SASP (Day 4),939,PXDN,PXDN,Q92626,-1.384015234,3.46e-25,1.352391958,soluble,IMR90_fibroblast,E939,False
RAS SASP (Day 4),940,RAB14,RAB14,P61106,-1.409137113,0.009098106,0.297658265,soluble,IMR90_fibroblast,E940,False
RAS SASP (Day 4),941,ITIH2,ITIH2,P19823,-1.412309905,2.32e-08,2.107809544,soluble,IMR90_fibroblast,E941,False
RAS SASP (Day 4),942,ANXA2,ANXA2,P07355,-1.414777371,2.98e-52,1.116955757,soluble,IMR90_fibroblast,E942,False
RAS SASP (Day 4),943,NID1,NID1,P14543,-1.425328556,6.6e-36,0.941677392,soluble,IMR90_fibroblast,E943,False
RAS SASP (Day 4),944,AXL,AXL,P30530,-1.425674405,0.123839629,1.885343909,soluble,IMR90_fibroblast,E944,False
RAS SASP (Day 4),945,AKAP12,AKAP12,Q02952,-1.42611696,0.01920364,1.450831771,soluble,IMR90_fibroblast,E945,False
RAS SASP (Day 4),946,IARS2,IARS2,Q9NSE4,-1.439114939,,,soluble,IMR90_fibroblast,E946,False
RAS SASP (Day 4),947,C9orf163,C9orf163,Q8N9P6,-1.465346735,0.013277935,0.3994973,soluble,IMR90_fibroblast,E947,False
RAS SASP (Day 4),948,RHOC,RHOC,P08134,-1.466559955,,,soluble,IMR90_fibroblast,E948,False
RAS SASP (Day 4),949,STOM,STOM,P27105,-1.467918982,0.006501097,0.998001695,soluble,IMR90_fibroblast,E949,False
RAS SASP (Day 4),950,RAB6A,RAB6A,P20340,-1.470826643,0.003628757,1.070478082,soluble,IMR90_fibroblast,E950,False
RAS SASP (Day 4),951,LRP1,LRP1,Q07954,-1.472362291,8.87e-21,0.355080277,soluble,IMR90_fibroblast,E951,False
RAS SASP (Day 4),952,PHPT1,PHPT1,Q9NRX4,-1.477772434,0.258241435,1.539961338,soluble,IMR90_fibroblast,E952,False
RAS SASP (Day 4),953,LGALS3BP,LGALS3BP,Q08380,-1.477897898,8.61e-30,1.425674558,soluble,IMR90_fibroblast,E953,False
RAS SASP (Day 4),954,LTF,LTF,P02788,-1.490029879,0.00022577,1.552049875,soluble,IMR90_fibroblast,E954,False
RAS SASP (Day 4),955,ANXA1,ANXA1,P04083,-1.495743271,5.73e-37,1.019485474,soluble,IMR90_fibroblast,E955,False
RAS SASP (Day 4),956,CMSS1,CMSS1,Q9BQ75,-1.496457885,,,soluble,IMR90_fibroblast,E956,False
RAS SASP (Day 4),957,PPT1,PPT1,P50897,-1.503246724,0.00812821,0.602071047,soluble,IMR90_fibroblast,E957,False
RAS SASP (Day 4),958,BCCIP,BCCIP,Q9P287,-1.507615074,0.145952711,1.194751859,soluble,IMR90_fibroblast,E958,False
RAS SASP (Day 4),959,BPTF,BPTF,Q12830,-1.512508492,0.063282555,0.94291693,soluble,IMR90_fibroblast,E959,False
RAS SASP (Day 4),960,NEU1,NEU1,Q99519,-1.515183926,0.005079767,0.207042679,soluble,IMR90_fibroblast,E960,False
RAS SASP (Day 4),961,PSMD13,PSMD13,Q9UNM6,-1.517124085,,,soluble,IMR90_fibroblast,E961,False
RAS SASP (Day 4),962,NUCB1,NUCB1,Q02818,-1.529062962,4.97e-57,0.911906421,soluble,IMR90_fibroblast,E962,False
RAS SASP (Day 4),963,MXRA8,MXRA8,Q9BRK3,-1.539738245,0.01028511,1.398320913,soluble,IMR90_fibroblast,E963,False
RAS SASP (Day 4),964,RAB7A,RAB7A,P51149,-1.541886643,1.39e-15,0.96192807,soluble,IMR90_fibroblast,E964,False
RAS SASP (Day 4),965,LAMB1,LAMB1,P07942,-1.559331967,6.25e-48,1.135489583,soluble,IMR90_fibroblast,E965,False
RAS SASP (Day 4),966,FBLN1,FBLN1,P23142,-1.559826187,3.34e-11,1.593466878,soluble,IMR90_fibroblast,E966,False
RAS SASP (Day 4),967,CD63,CD63,P08962,-1.565557642,0.000323678,0.537102222,soluble,IMR90_fibroblast,E967,False
RAS SASP (Day 4),968,POSTN,POSTN,Q15063,-1.596922732,2.89e-39,1.1383214,soluble,IMR90_fibroblast,E968,False
RAS SASP (Day 4),969,KLC4,KLC4,Q9NSK0,-1.597858517,,,soluble,IMR90_fibroblast,E969,False
RAS SASP (Day 4),970,CAB39,CAB39,Q9Y376,-1.598021385,0.276687307,4.233335972,soluble,IMR90_fibroblast,E970,False
RAS SASP (Day 4),971,ETFB,ETFB,P38117,-1.622850472,,,soluble,IMR90_fibroblast,E971,False
RAS SASP (Day 4),972,NOP2,NOP2,P46087,-1.627048421,0.000161,0.631400585,soluble,IMR90_fibroblast,E972,False
RAS SASP (Day 4),973,CTSB,CTSB,P07858,-1.63088752,1.7e-49,0.919055581,soluble,IMR90_fibroblast,E973,False
RAS SASP (Day 4),974,DNAJB11,DNAJB11,Q9UBS4,-1.631328235,6.14e-08,0.284437507,soluble,IMR90_fibroblast,E974,False
RAS SASP (Day 4),975,IGFBP6,IGFBP6,P24592,-1.632007337,1.57e-26,0.297216564,soluble,IMR90_fibroblast,E975,False
RAS SASP (Day 4),976,KRT78,KRT78,Q8N1N4,-1.663959916,0.046587096,0.820974529,soluble,IMR90_fibroblast,E976,False
RAS SASP (Day 4),977,WARS,WARS,P23381,-1.666811197,0.150083077,3.747478247,soluble,IMR90_fibroblast,E977,False
RAS SASP (Day 4),978,GALNT2,GALNT2,Q10471,-1.673380396,3.03e-08,0.746556103,soluble,IMR90_fibroblast,E978,False
RAS SASP (Day 4),979,NUB1,NUB1,Q9Y5A7,-1.674199119,,,soluble,IMR90_fibroblast,E979,False
RAS SASP (Day 4),980,RPS2,RPS2,P15880,-1.675745633,3.57e-06,1.356746674,soluble,IMR90_fibroblast,E980,False
RAS SASP (Day 4),981,QARS,QARS,P47897,-1.683297151,0.003610842,0.531219244,soluble,IMR90_fibroblast,E981,False
RAS SASP (Day 4),982,PAM,PAM,P19021,-1.685869239,6.24e-05,0.61188519,soluble,IMR90_fibroblast,E982,False
RAS SASP (Day 4),983,COL6A2,COL6A2,P12110,-1.716495902,8.52e-41,1.261768937,soluble,IMR90_fibroblast,E983,False
RAS SASP (Day 4),984,SDC2,SDC2,P34741,-1.721405035,0.000708045,0.413668841,soluble,IMR90_fibroblast,E984,False
RAS SASP (Day 4),985,PRSS23,PRSS23,O95084,-1.727687751,2.35e-06,0.393611491,soluble,IMR90_fibroblast,E985,False
RAS SASP (Day 4),986,PLTP,PLTP,P55058,-1.73968734,2.75e-12,0.460765749,soluble,IMR90_fibroblast,E986,False
RAS SASP (Day 4),987,EXOC1,EXOC1,Q9NV70,-1.742455028,0.002992233,0.17373018,soluble,IMR90_fibroblast,E987,False
RAS SASP (Day 4),988,SLC25A5;SLC25A6,,P05141;P12236,-1.756685184,0.02968748,0.805318594,soluble,IMR90_fibroblast,E988,False
RAS SASP (Day 4),989,CTHRC1,CTHRC1,Q96CG8,-1.762833009,9.94e-15,0.54550463,soluble,IMR90_fibroblast,E989,False
RAS SASP (Day 4),990,MRC2,MRC2,Q9UBG0,-1.770678646,0.014208793,1.917290211,soluble,IMR90_fibroblast,E990,False
RAS SASP (Day 4),991,MLLT4,MLLT4,P55196,-1.787534283,,,soluble,IMR90_fibroblast,E991,False
RAS SASP (Day 4),992,PLOD3,PLOD3,O60568,-1.810775599,1.16e-41,0.794447601,soluble,IMR90_fibroblast,E992,False
RAS SASP (Day 4),993,MAN1A1,MAN1A1,P33908,-1.817398684,0.000142765,0.277724653,soluble,IMR90_fibroblast,E993,False
RAS SASP (Day 4),994,FARP1,FARP1,Q9Y4F1,-1.823087037,0.060205044,0.945331812,soluble,IMR90_fibroblast,E994,False
RAS SASP (Day 4),995,HSPG2,HSPG2,P98160,-1.85115546,1.93e-08,1.572191954,soluble,IMR90_fibroblast,E995,False
RAS SASP (Day 4),996,GNB1,GNB1,P62873,-1.862022764,2.45e-07,1.159989953,soluble,IMR90_fibroblast,E996,False
RAS SASP (Day 4),997,MPRIP,MPRIP,Q6WCQ1,-1.87648691,0.153780904,1.278970242,soluble,IMR90_fibroblast,E997,False
RAS SASP (Day 4),998,GPC1,GPC1,P35052,-1.903213267,3.73e-22,1.019766927,soluble,IMR90_fibroblast,E998,False
RAS SASP (Day 4),999,IGFBP5,IGFBP5,P24593,-1.910861338,0.000576257,1.87636435,soluble,IMR90_fibroblast,E999,False
RAS SASP (Day 4),1000,B2M,B2M,P61769,-1.933466959,1.84e-05,2.00546217,soluble,IMR90_fibroblast,E1000,False
RAS SASP (Day 4),1001,AEBP1,AEBP1,Q8IUX7,-1.95168157,6.3e-07,0.312777489,soluble,IMR90_fibroblast,E1001,False
RAS SASP (Day 4),1002,PDCD10,PDCD10,Q9BUL8,-1.961539555,,,soluble,IMR90_fibroblast,E1002,False
RAS SASP (Day 4),1003,NEO1,NEO1,Q92859,-1.976385506,0.000429643,0.204609051,soluble,IMR90_fibroblast,E1003,False
RAS SASP (Day 4),1004,RHOA,RHOA,P61586,-1.97879617,1.98e-10,0.5463866,soluble,IMR90_fibroblast,E1004,False
RAS SASP (Day 4),1005,ATRN,ATRN,O75882,-1.983342966,,,soluble,IMR90_fibroblast,E1005,False
RAS SASP (Day 4),1006,RAB5A;RAB5C;RAB5B,,P20339;P51148;P61020,-1.984206578,3.37e-05,0.650779426,soluble,IMR90_fibroblast,E1006,False
RAS SASP (Day 4),1007,TWSG1,TWSG1,Q9GZX9,-2.02888236,2.68e-18,0.909043491,soluble,IMR90_fibroblast,E1007,False
RAS SASP (Day 4),1008,CLEC11A,CLEC11A,Q9Y240,-2.033362294,1.87e-11,1.670542479,soluble,IMR90_fibroblast,E1008,False
RAS SASP (Day 4),1009,LTBP2,LTBP2,Q14767,-2.047321858,1.7e-12,1.563924909,soluble,IMR90_fibroblast,E1009,False
RAS SASP (Day 4),1010,HLA-B,HLA-B,P18465,-2.048522989,0.006458954,0.334128201,soluble,IMR90_fibroblast,E1010,False
RAS SASP (Day 4),1011,SDF4,SDF4,Q9BRK5,-2.056162613,2.29e-27,0.590306997,soluble,IMR90_fibroblast,E1011,False
RAS SASP (Day 4),1012,ARHGEF18,ARHGEF18,Q6ZSZ5,-2.069117584,7.94e-07,0.524606228,soluble,IMR90_fibroblast,E1012,False
RAS SASP (Day 4),1013,HSPA13,HSPA13,P48723,-2.109575333,2.7e-11,0.307322204,soluble,IMR90_fibroblast,E1013,False
RAS SASP (Day 4),1014,PLOD1,PLOD1,Q02809,-2.116600822,7.98e-55,1.232563972,soluble,IMR90_fibroblast,E1014,False
RAS SASP (Day 4),1015,PTX3,PTX3,P26022,-2.117265007,4.59e-20,1.108778119,soluble,IMR90_fibroblast,E1015,False
RAS SASP (Day 4),1016,CDC42,CDC42,P60953,-2.140518498,1.46e-07,0.413780123,soluble,IMR90_fibroblast,E1016,False
RAS SASP (Day 4),1017,KRT19,KRT19,P08727,-2.154651458,0.220778423,3.535256863,soluble,IMR90_fibroblast,E1017,False
RAS SASP (Day 4),1018,FUCA2,FUCA2,Q9BTY2,-2.185562177,0.108304197,2.699872017,soluble,IMR90_fibroblast,E1018,False
RAS SASP (Day 4),1019,OAF,OAF,Q86UD1,-2.220571927,0.000100994,0.143757567,soluble,IMR90_fibroblast,E1019,False
RAS SASP (Day 4),1020,COL12A1,COL12A1,Q99715,-2.264692748,2.95e-117,1.253372431,soluble,IMR90_fibroblast,E1020,False
RAS SASP (Day 4),1021,LTBP1,LTBP1,Q14766,-2.271459386,1.7e-54,1.074415684,soluble,IMR90_fibroblast,E1021,False
RAS SASP (Day 4),1022,GOLM1,GOLM1,Q8NBJ4,-2.272517373,4.71e-05,0.912547767,soluble,IMR90_fibroblast,E1022,False
RAS SASP (Day 4),1023,PROS1,PROS1,P07225,-2.272631812,0.136540561,0.924358308,soluble,IMR90_fibroblast,E1023,False
RAS SASP (Day 4),1024,BLVRA,BLVRA,P53004,-2.275427053,0.157984042,1.509270072,soluble,IMR90_fibroblast,E1024,False
RAS SASP (Day 4),1025,SRPX2,SRPX2,O60687,-2.284448691,0.062393583,0.681549489,soluble,IMR90_fibroblast,E1025,False
RAS SASP (Day 4),1026,CD44,CD44,P16070,-2.285754825,8.66e-21,0.982053041,soluble,IMR90_fibroblast,E1026,False
RAS SASP (Day 4),1027,COL6A3,COL6A3,P12111,-2.326996288,0.0,1.36661303,soluble,IMR90_fibroblast,E1027,False
RAS SASP (Day 4),1028,ECM1,ECM1,Q16610,-2.334883305,1.94e-42,1.254620552,soluble,IMR90_fibroblast,E1028,False
RAS SASP (Day 4),1029,QSOX1,QSOX1,O00391,-2.336133941,9.18e-80,1.04793489,soluble,IMR90_fibroblast,E1029,False
RAS SASP (Day 4),1030,ASPH,ASPH,Q12797,-2.352511445,6.19e-06,0.760121107,soluble,IMR90_fibroblast,E1030,False
RAS SASP (Day 4),1031,FN1,FN1,P02751,-2.390539767,0.0,1.295593381,soluble,IMR90_fibroblast,E1031,False
RAS SASP (Day 4),1032,GM2A,GM2A,P17900,-2.395907221,0.034641028,2.515446424,soluble,IMR90_fibroblast,E1032,False
RAS SASP (Day 4),1033,COL7A1,COL7A1,Q02388,-2.433321502,,,soluble,IMR90_fibroblast,E1033,False
RAS SASP (Day 4),1034,ADAM10,ADAM10,O14672,-2.433834804,1.57e-17,0.335924566,soluble,IMR90_fibroblast,E1034,False
RAS SASP (Day 4),1035,COL14A1,COL14A1,Q05707,-2.452204424,0.023083914,0.823913217,soluble,IMR90_fibroblast,E1035,False
RAS SASP (Day 4),1036,VASN,VASN,Q6EMK4,-2.481600357,1.41e-44,0.492561847,soluble,IMR90_fibroblast,E1036,False
RAS SASP (Day 4),1037,CANT1,CANT1,Q8WVQ1,-2.486525584,,,soluble,IMR90_fibroblast,E1037,False
RAS SASP (Day 4),1038,SDCBP,SDCBP,O00560,-2.499233133,3.98e-05,0.675028622,soluble,IMR90_fibroblast,E1038,False
RAS SASP (Day 4),1039,TRHDE,TRHDE,Q9UKU6,-2.509567283,0.002992233,0.020578336,soluble,IMR90_fibroblast,E1039,False
RAS SASP (Day 4),1040,AHSA1,AHSA1,O95433,-2.525304599,0.037320915,1.019214272,soluble,IMR90_fibroblast,E1040,False
RAS SASP (Day 4),1041,CD248,CD248,Q9HCU0,-2.539817953,1.54e-09,0.225341752,soluble,IMR90_fibroblast,E1041,False
RAS SASP (Day 4),1042,NCSTN,NCSTN,Q92542,-2.547035937,0.000396009,0.918030083,soluble,IMR90_fibroblast,E1042,False
RAS SASP (Day 4),1043,C4A,C4A,P0C0L4,-2.54936645,0.252864079,0.645521462,soluble,IMR90_fibroblast,E1043,False
RAS SASP (Day 4),1044,STXBP3,STXBP3,O00186,-2.571423374,0.000135193,0.191907585,soluble,IMR90_fibroblast,E1044,False
RAS SASP (Day 4),1045,CD99,CD99,P14209,-2.585131437,0.008234468,1.739733934,soluble,IMR90_fibroblast,E1045,False
RAS SASP (Day 4),1046,KBTBD11,KBTBD11,O94819,-2.606237432,,,soluble,IMR90_fibroblast,E1046,False
RAS SASP (Day 4),1047,CDH13,CDH13,P55290,-2.618060297,0.010449997,1.290426373,soluble,IMR90_fibroblast,E1047,False
RAS SASP (Day 4),1048,RAC1,RAC1,P63000,-2.656151829,2.88e-29,0.424210608,soluble,IMR90_fibroblast,E1048,False
RAS SASP (Day 4),1049,VCAN,VCAN,P13611,-2.662387998,5.82e-38,1.336349726,soluble,IMR90_fibroblast,E1049,False
RAS SASP (Day 4),1050,B4GALT1,B4GALT1,P15291,-2.669309787,0.042647281,2.528388262,soluble,IMR90_fibroblast,E1050,False
RAS SASP (Day 4),1051,PTPRK,PTPRK,Q15262,-2.68977743,1.54e-06,1.703293085,soluble,IMR90_fibroblast,E1051,False
RAS SASP (Day 4),1052,TSPAN4,TSPAN4,O14817,-2.707701346,,,soluble,IMR90_fibroblast,E1052,False
RAS SASP (Day 4),1053,ANXA11,ANXA11,P50995,-2.725138223,1.14e-05,0.235374033,soluble,IMR90_fibroblast,E1053,False
RAS SASP (Day 4),1054,DAG1,DAG1,Q14118,-2.727008476,2.04e-12,0.80940944,soluble,IMR90_fibroblast,E1054,False
RAS SASP (Day 4),1055,TGFB1,TGFB1,P01137,-2.737802033,1.34e-13,1.246266961,soluble,IMR90_fibroblast,E1055,False
RAS SASP (Day 4),1056,NDUFAF4,NDUFAF4,Q9P032,-2.750706992,0.104183485,3.95690465,soluble,IMR90_fibroblast,E1056,False
RAS SASP (Day 4),1057,OS9,OS9,Q13438,-2.760042898,0.002967709,0.926867306,soluble,IMR90_fibroblast,E1057,False
RAS SASP (Day 4),1058,SHROOM3,SHROOM3,Q8TF72,-2.767392535,,,soluble,IMR90_fibroblast,E1058,False
RAS SASP (Day 4),1059,CTSL,CTSL,P07711,-2.794581668,9.39e-17,1.112078071,soluble,IMR90_fibroblast,E1059,False
RAS SASP (Day 4),1060,SERPINE2,SERPINE2,P07093,-2.794584189,1.24e-07,0.768003345,soluble,IMR90_fibroblast,E1060,False
RAS SASP (Day 4),1061,THBS2,THBS2,P35442,-2.801503233,3e-17,0.859105587,soluble,IMR90_fibroblast,E1061,False
RAS SASP (Day 4),1062,GNG12,GNG12,Q9UBI6,-2.816716275,8.22e-05,1.020971298,soluble,IMR90_fibroblast,E1062,False
RAS SASP (Day 4),1063,CD59,CD59,P13987,-2.831634804,4.02e-28,0.599997878,soluble,IMR90_fibroblast,E1063,False
RAS SASP (Day 4),1064,CYR61,CYR61,O00622,-2.835462726,0.000416664,1.537376761,soluble,IMR90_fibroblast,E1064,False
RAS SASP (Day 4),1065,PLAU,PLAU,P00749,-2.854765438,5.8e-07,1.019677639,soluble,IMR90_fibroblast,E1065,False
RAS SASP (Day 4),1066,CFH,CFH,P08603,-2.858472089,0.007024137,1.339668155,soluble,IMR90_fibroblast,E1066,False
RAS SASP (Day 4),1067,PTK7,PTK7,Q13308,-2.873613363,0.000180517,1.51483655,soluble,IMR90_fibroblast,E1067,False
RAS SASP (Day 4),1068,LMAN2,LMAN2,Q12907,-2.916310112,0.052436311,2.304291248,soluble,IMR90_fibroblast,E1068,False
RAS SASP (Day 4),1069,ALCAM,ALCAM,Q13740,-2.924936473,1.03e-17,1.310670972,soluble,IMR90_fibroblast,E1069,False
RAS SASP (Day 4),1070,AGRN,AGRN,O00468,-2.945480164,3.48e-88,1.325547934,soluble,IMR90_fibroblast,E1070,False
RAS SASP (Day 4),1071,GNA12;GNA13,,Q03113;Q14344,-2.985420405,4.64e-07,0.571025014,soluble,IMR90_fibroblast,E1071,False
RAS SASP (Day 4),1072,HERC1,HERC1,Q15751,-2.999143879,,,soluble,IMR90_fibroblast,E1072,False
RAS SASP (Day 4),1073,ARHGEF12,ARHGEF12,Q9NZN5,-3.00084496,5.9e-05,0.870059729,soluble,IMR90_fibroblast,E1073,False
RAS SASP (Day 4),1074,CDH2,CDH2,P19022,-3.028730514,7.41e-06,0.46246165,soluble,IMR90_fibroblast,E1074,False
RAS SASP (Day 4),1075,GNB2,GNB2,P62879,-3.046961755,7.74e-14,1.053521395,soluble,IMR90_fibroblast,E1075,False
RAS SASP (Day 4),1076,RAP1A,RAP1A,P62834,-3.073991772,0.042113429,2.717477322,soluble,IMR90_fibroblast,E1076,False
RAS SASP (Day 4),1077,ADAM9,ADAM9,Q13443,-3.086841826,1.14e-11,0.397989571,soluble,IMR90_fibroblast,E1077,False
RAS SASP (Day 4),1078,THBS1,THBS1,P07996,-3.090451157,1.52e-140,0.711281359,soluble,IMR90_fibroblast,E1078,False
RAS SASP (Day 4),1079,TFRC,TFRC,P02786,-3.107864017,5.9e-05,0.520114899,soluble,IMR90_fibroblast,E1079,False
RAS SASP (Day 4),1080,APP,APP,P05067,-3.114483294,4.95e-46,0.505792141,soluble,IMR90_fibroblast,E1080,False
RAS SASP (Day 4),1081,HLA-C,HLA-C,Q29865,-3.135667802,1.81e-17,0.754597604,soluble,IMR90_fibroblast,E1081,False
RAS SASP (Day 4),1082,HLA-A,HLA-A,P01892,-3.155844546,7.41e-14,1.810971856,soluble,IMR90_fibroblast,E1082,False
RAS SASP (Day 4),1083,ERAP1,ERAP1,Q9NZ08,-3.17531717,,,soluble,IMR90_fibroblast,E1083,False
RAS SASP (Day 4),1084,RALA,RALA,P11233,-3.227703163,0.001288188,0.009096133,soluble,IMR90_fibroblast,E1084,False
RAS SASP (Day 4),1085,EPB41L2,EPB41L2,O43491,-3.241790963,0.019215826,0.13021639,soluble,IMR90_fibroblast,E1085,False
RAS SASP (Day 4),1086,PRNP,PRNP,P04156,-3.256481731,1.33e-05,1.215727687,soluble,IMR90_fibroblast,E1086,False
RAS SASP (Day 4),1087,BCLAF1,BCLAF1,Q9NYF8,-3.277361555,,,soluble,IMR90_fibroblast,E1087,False
RAS SASP (Day 4),1088,RAC2,RAC2,P15153,-3.28587965,,,soluble,IMR90_fibroblast,E1088,False
RAS SASP (Day 4),1089,SIL1,SIL1,Q9H173,-3.297149863,0.236366419,2.706620932,soluble,IMR90_fibroblast,E1089,False
RAS SASP (Day 4),1090,GNAI2,GNAI2,P04899,-3.318233538,5.06e-08,0.886497617,soluble,IMR90_fibroblast,E1090,False
RAS SASP (Day 4),1091,HLA-B,HLA-B,P30479,-3.480322889,9.21e-09,0.874054015,soluble,IMR90_fibroblast,E1091,False
RAS SASP (Day 4),1092,RAB1A,RAB1A,P62820,-3.4861743,,,soluble,IMR90_fibroblast,E1092,False
RAS SASP (Day 4),1093,DCBLD2,DCBLD2,Q96PD2,-3.542314275,,,soluble,IMR90_fibroblast,E1093,False
RAS SASP (Day 4),1094,CST3,CST3,P01034,-3.542769887,2.98e-33,0.684333444,soluble,IMR90_fibroblast,E1094,False
RAS SASP (Day 4),1095,LDLR,LDLR,P01130,-3.54792619,1.4e-16,1.704501987,soluble,IMR90_fibroblast,E1095,False
RAS SASP (Day 4),1096,CD151,CD151,P48509,-3.549992577,0.005792124,0.471969336,soluble,IMR90_fibroblast,E1096,False
RAS SASP (Day 4),1097,SERPINE1,SERPINE1,P05121,-3.563422949,1.11e-28,1.432493567,soluble,IMR90_fibroblast,E1097,False
RAS SASP (Day 4),1098,ECE1,ECE1,P42892,-3.637826174,,,soluble,IMR90_fibroblast,E1098,False
RAS SASP (Day 4),1099,ATP6AP1,ATP6AP1,Q15904,-3.648205834,8.17e-05,1.460810781,soluble,IMR90_fibroblast,E1099,False
RAS SASP (Day 4),1100,BSG,BSG,P35613,-3.782717513,3.54e-22,0.366103023,soluble,IMR90_fibroblast,E1100,False
RAS SASP (Day 4),1101,PSME3,PSME3,P61289,-3.81598605,0.062924903,0.546834528,soluble,IMR90_fibroblast,E1101,False
RAS SASP (Day 4),1102,PVR,PVR,P15151,-3.837119043,3.05e-12,0.583786845,soluble,IMR90_fibroblast,E1102,False
RAS SASP (Day 4),1103,ATP6AP2,ATP6AP2,O75787,-3.860359461,3.03e-14,0.761705816,soluble,IMR90_fibroblast,E1103,False
RAS SASP (Day 4),1104,LAMA1,LAMA1,P25391,-3.869739922,0.009226941,0.47298789,soluble,IMR90_fibroblast,E1104,False
RAS SASP (Day 4),1105,GDF15,GDF15,Q99988,-3.916015117,,,soluble,IMR90_fibroblast,E1105,False
RAS SASP (Day 4),1106,ITGB1,ITGB1,P05556,-3.930281233,5.95e-44,1.101979613,soluble,IMR90_fibroblast,E1106,False
RAS SASP (Day 4),1107,NRP1,NRP1,O14786,-3.93745031,2.09e-08,1.994505644,soluble,IMR90_fibroblast,E1107,False
RAS SASP (Day 4),1108,CSPG4,CSPG4,Q6UVK1,-3.985965927,3.67e-100,0.904265821,soluble,IMR90_fibroblast,E1108,False
RAS SASP (Day 4),1109,MMP14,MMP14,P50281,-3.994580752,1.42e-13,1.751924038,soluble,IMR90_fibroblast,E1109,False
RAS SASP (Day 4),1110,PROCR,PROCR,Q9UNN8,-4.052235066,1.45e-11,0.878685772,soluble,IMR90_fibroblast,E1110,False
RAS SASP (Day 4),1111,IGF2R,IGF2R,P11717,-4.186957176,4.97e-05,0.508900166,soluble,IMR90_fibroblast,E1111,False
RAS SASP (Day 4),1112,CD9,CD9,P21926,-4.219064958,0.11180891,2.41405797,soluble,IMR90_fibroblast,E1112,False
RAS SASP (Day 4),1113,NRP2,NRP2,O60462,-4.266755247,0.050505009,0.601261437,soluble,IMR90_fibroblast,E1113,False
RAS SASP (Day 4),1114,TIMP1,TIMP1,P01033,-4.33685264,9.92e-84,0.620092452,soluble,IMR90_fibroblast,E1114,False
RAS SASP (Day 4),1115,PVRL2,PVRL2,Q92692,-4.453756206,,,soluble,IMR90_fibroblast,E1115,False
RAS SASP (Day 4),1116,ITGA3,ITGA3,P26006,-4.461704765,2.93e-12,0.367525816,soluble,IMR90_fibroblast,E1116,False
RAS SASP (Day 4),1117,SDC4,SDC4,P31431,-4.520437684,7.42e-14,0.365412831,soluble,IMR90_fibroblast,E1117,False
RAS SASP (Day 4),1118,CD81,CD81,P60033,-4.554264251,0.000978054,0.522055507,soluble,IMR90_fibroblast,E1118,False
RAS SASP (Day 4),1119,CLASP2,CLASP2,O75122,-4.778108859,,,soluble,IMR90_fibroblast,E1119,False
RAS SASP (Day 4),1120,KRT13,KRT13,P13646,-4.828679999,,,soluble,IMR90_fibroblast,E1120,False
RAS SASP (Day 4),1121,SLC3A2,SLC3A2,P08195,-4.830240258,4.68e-05,0.565582335,soluble,IMR90_fibroblast,E1121,False
RAS SASP (Day 4),1122,TNC,TNC,P24821,-5.044900571,3.29e-43,1.050425172,soluble,IMR90_fibroblast,E1122,False
RAS SASP (Day 4),1123,ITGA2,ITGA2,P17301,-5.213502295,1.89e-14,0.539383411,soluble,IMR90_fibroblast,E1123,False
RAS SASP (Day 4),1124,SERPINB2,SERPINB2,P05120,-5.249795214,2.24e-05,0.282360137,soluble,IMR90_fibroblast,E1124,False
RAS SASP (Day 4),1125,FAM3C,FAM3C,Q92520,-5.482027591,2.19e-07,0.759213507,soluble,IMR90_fibroblast,E1125,False
RAS SASP (Day 4),1126,ANPEP,ANPEP,P15144,-5.560971493,,,soluble,IMR90_fibroblast,E1126,False
RAS SASP (Day 4),1127,SLC1A5,SLC1A5,Q15758,-5.651189075,0.016896343,0.257511854,soluble,IMR90_fibroblast,E1127,False
RAS SASP (Day 4),1128,IGFBP2,IGFBP2,P18065,-5.689599061,0.045973045,2.558042288,soluble,IMR90_fibroblast,E1128,False
RAS SASP (Day 4),1129,NT5E,NT5E,P21589,-5.856871008,0.025645655,0.349247366,soluble,IMR90_fibroblast,E1129,False
RAS SASP (Day 4),1130,SEMA7A,SEMA7A,O75326,-6.19990771,6.99e-33,0.503324509,soluble,IMR90_fibroblast,E1130,False
RAS SASP (Day 4),1131,HRAS,HRAS,P01112,-6.215094751,,,soluble,IMR90_fibroblast,E1131,False
RAS SASP (Day 4),1132,ITGA5,ITGA5,P08648,-6.254419531,1.15e-09,0.634220064,soluble,IMR90_fibroblast,E1132,False
RAS SASP (Day 4),1133,TRA2B,TRA2B,P62995,-6.396508834,,,soluble,IMR90_fibroblast,E1133,False
RAS SASP (Day 4),1134,MMP1,MMP1,P03956,-6.571953443,6.85e-25,2.173867464,soluble,IMR90_fibroblast,E1134,False
RAS SASP (Day 4),1135,DNAJA3,DNAJA3,Q96EY1,-6.583327774,,,soluble,IMR90_fibroblast,E1135,False
RAS SASP (Day 4),1136,STC1,STC1,P52823,-6.588805623,1.67e-18,0.662932396,soluble,IMR90_fibroblast,E1136,False
RAS SASP (Day 4),1137,SEMA3A,SEMA3A,Q14563,-6.668237079,,,soluble,IMR90_fibroblast,E1137,False
RAS SASP (Day 4),1138,ITGA6,ITGA6,P23229,-7.143813752,,,soluble,IMR90_fibroblast,E1138,False
RAS SASP (Day 4),1139,B3GAT3,B3GAT3,O94766,-7.144392024,,,soluble,IMR90_fibroblast,E1139,False
